solid OpenSCAD_Model
  facet normal 1 0 0
    outer loop
      vertex 3.5 1.1 12
      vertex 3.5 0.149994 5
      vertex 3.5 1.1 2
    endloop
  endfacet
  facet normal 1 0 0
    outer loop
      vertex 3.5 1.1 12
      vertex 3.5 -1.04999 5
      vertex 3.5 0.149994 5
    endloop
  endfacet
  facet normal 1 -0 0
    outer loop
      vertex 3.5 -3.5 12
      vertex 3.5 -1.04999 5
      vertex 3.5 1.1 12
    endloop
  endfacet
  facet normal 1 0 0
    outer loop
      vertex 3.5 -3.5 2
      vertex 3.5 -1.04999 5
      vertex 3.5 -3.5 12
    endloop
  endfacet
  facet normal 1 0 0
    outer loop
      vertex 3.5 -1.04999 5
      vertex 3.5 -3.5 2
      vertex 3.5 -1.04999 2
    endloop
  endfacet
  facet normal 1 0 0
    outer loop
      vertex 3.5 1.1 2
      vertex 3.5 0.149994 5
      vertex 3.5 0.149994 2
    endloop
  endfacet
  facet normal -0 0 1
    outer loop
      vertex -1.1 1.1 12
      vertex 3.5 -3.5 12
      vertex 3.5 1.1 12
    endloop
  endfacet
  facet normal 0 0 1
    outer loop
      vertex 3.5 -3.5 12
      vertex -1.1 1.1 12
      vertex -1.1 -3.5 12
    endloop
  endfacet
  facet normal -1 0 0
    outer loop
      vertex -1.1 -3.5 2
      vertex -1.1 1.1 12
      vertex -1.1 1.1 2
    endloop
  endfacet
  facet normal -1 -0 0
    outer loop
      vertex -1.1 1.1 12
      vertex -1.1 -3.5 2
      vertex -1.1 -3.5 12
    endloop
  endfacet
  facet normal 0 -1 0
    outer loop
      vertex 1.04999 -3.5 5
      vertex -1.1 -3.5 12
      vertex -0.149994 -3.5 5
    endloop
  endfacet
  facet normal 0 -1 0
    outer loop
      vertex -1.1 -3.5 2
      vertex -0.149994 -3.5 5
      vertex -1.1 -3.5 12
    endloop
  endfacet
  facet normal 0 -1 -0
    outer loop
      vertex -0.149994 -3.5 5
      vertex -1.1 -3.5 2
      vertex -0.149994 -3.5 2
    endloop
  endfacet
  facet normal 0 -1 0
    outer loop
      vertex -1.1 -3.5 12
      vertex 1.04999 -3.5 5
      vertex 3.5 -3.5 12
    endloop
  endfacet
  facet normal 0 -1 0
    outer loop
      vertex 3.5 -3.5 2
      vertex 1.04999 -3.5 5
      vertex 1.04999 -3.5 2
    endloop
  endfacet
  facet normal 0 -1 0
    outer loop
      vertex 1.04999 -3.5 5
      vertex 3.5 -3.5 2
      vertex 3.5 -3.5 12
    endloop
  endfacet
  facet normal 0 1 -0
    outer loop
      vertex 3.5 1.1 2
      vertex -1.1 1.1 12
      vertex 3.5 1.1 12
    endloop
  endfacet
  facet normal 0 1 0
    outer loop
      vertex -1.1 1.1 12
      vertex 3.5 1.1 2
      vertex -1.1 1.1 2
    endloop
  endfacet
  facet normal 1 -0 0
    outer loop
      vertex 51.1 -3.5 12
      vertex 51.1 1.1 2
      vertex 51.1 1.1 12
    endloop
  endfacet
  facet normal 1 0 0
    outer loop
      vertex 51.1 1.1 2
      vertex 51.1 -3.5 12
      vertex 51.1 -3.5 2
    endloop
  endfacet
  facet normal -0 0 1
    outer loop
      vertex 46.5 1.1 12
      vertex 51.1 -3.5 12
      vertex 51.1 1.1 12
    endloop
  endfacet
  facet normal 0 0 1
    outer loop
      vertex 51.1 -3.5 12
      vertex 46.5 1.1 12
      vertex 46.5 -3.5 12
    endloop
  endfacet
  facet normal -1 0 0
    outer loop
      vertex 46.5 -1.04999 2
      vertex 46.5 -3.5 2
      vertex 46.5 -1.04999 5
    endloop
  endfacet
  facet normal -1 0 0
    outer loop
      vertex 46.5 0.149994 5
      vertex 46.5 1.1 2
      vertex 46.5 0.149994 2
    endloop
  endfacet
  facet normal -1 0 0
    outer loop
      vertex 46.5 1.1 2
      vertex 46.5 0.149994 5
      vertex 46.5 1.1 12
    endloop
  endfacet
  facet normal -1 0 0
    outer loop
      vertex 46.5 -1.04999 5
      vertex 46.5 1.1 12
      vertex 46.5 0.149994 5
    endloop
  endfacet
  facet normal -1 0 0
    outer loop
      vertex 46.5 -3.5 12
      vertex 46.5 -1.04999 5
      vertex 46.5 -3.5 2
    endloop
  endfacet
  facet normal -1 0 0
    outer loop
      vertex 46.5 -1.04999 5
      vertex 46.5 -3.5 12
      vertex 46.5 1.1 12
    endloop
  endfacet
  facet normal 0 -1 0
    outer loop
      vertex 46.5 -3.5 12
      vertex 48.95 -3.5 5
      vertex 51.1 -3.5 12
    endloop
  endfacet
  facet normal 0 -1 0
    outer loop
      vertex 46.5 -3.5 2
      vertex 48.95 -3.5 5
      vertex 46.5 -3.5 12
    endloop
  endfacet
  facet normal 0 -1 -0
    outer loop
      vertex 48.95 -3.5 5
      vertex 46.5 -3.5 2
      vertex 48.95 -3.5 2
    endloop
  endfacet
  facet normal 0 -1 0
    outer loop
      vertex 50.15 -3.5 5
      vertex 51.1 -3.5 12
      vertex 48.95 -3.5 5
    endloop
  endfacet
  facet normal 0 -1 0
    outer loop
      vertex 51.1 -3.5 2
      vertex 50.15 -3.5 5
      vertex 50.15 -3.5 2
    endloop
  endfacet
  facet normal 0 -1 0
    outer loop
      vertex 50.15 -3.5 5
      vertex 51.1 -3.5 2
      vertex 51.1 -3.5 12
    endloop
  endfacet
  facet normal 0 1 -0
    outer loop
      vertex 51.1 1.1 2
      vertex 46.5 1.1 12
      vertex 51.1 1.1 12
    endloop
  endfacet
  facet normal 0 1 0
    outer loop
      vertex 46.5 1.1 12
      vertex 51.1 1.1 2
      vertex 46.5 1.1 2
    endloop
  endfacet
  facet normal 1 0 0
    outer loop
      vertex 3.5 -66.5 12
      vertex 3.5 -68.95 5
      vertex 3.5 -66.5 2
    endloop
  endfacet
  facet normal 1 -0 0
    outer loop
      vertex 3.5 -71.1 12
      vertex 3.5 -68.95 5
      vertex 3.5 -66.5 12
    endloop
  endfacet
  facet normal 1 0 0
    outer loop
      vertex 3.5 -68.95 5
      vertex 3.5 -71.1 12
      vertex 3.5 -70.15 5
    endloop
  endfacet
  facet normal 1 0 0
    outer loop
      vertex 3.5 -71.1 2
      vertex 3.5 -70.15 5
      vertex 3.5 -71.1 12
    endloop
  endfacet
  facet normal 1 0 0
    outer loop
      vertex 3.5 -70.15 5
      vertex 3.5 -71.1 2
      vertex 3.5 -70.15 2
    endloop
  endfacet
  facet normal 1 0 0
    outer loop
      vertex 3.5 -66.5 2
      vertex 3.5 -68.95 5
      vertex 3.5 -68.95 2
    endloop
  endfacet
  facet normal -0 0 1
    outer loop
      vertex -1.1 -66.5 12
      vertex 3.5 -71.1 12
      vertex 3.5 -66.5 12
    endloop
  endfacet
  facet normal 0 0 1
    outer loop
      vertex 3.5 -71.1 12
      vertex -1.1 -66.5 12
      vertex -1.1 -71.1 12
    endloop
  endfacet
  facet normal -1 0 0
    outer loop
      vertex -1.1 -71.1 2
      vertex -1.1 -66.5 12
      vertex -1.1 -66.5 2
    endloop
  endfacet
  facet normal -1 -0 0
    outer loop
      vertex -1.1 -66.5 12
      vertex -1.1 -71.1 2
      vertex -1.1 -71.1 12
    endloop
  endfacet
  facet normal 0 -1 0
    outer loop
      vertex -1.1 -71.1 2
      vertex 3.5 -71.1 12
      vertex -1.1 -71.1 12
    endloop
  endfacet
  facet normal 0 -1 -0
    outer loop
      vertex 3.5 -71.1 12
      vertex -1.1 -71.1 2
      vertex 3.5 -71.1 2
    endloop
  endfacet
  facet normal 0 1 0
    outer loop
      vertex 3.5 -66.5 12
      vertex 1.04999 -66.5 5
      vertex -1.1 -66.5 12
    endloop
  endfacet
  facet normal 0 1 -0
    outer loop
      vertex 3.5 -66.5 2
      vertex 1.04999 -66.5 5
      vertex 3.5 -66.5 12
    endloop
  endfacet
  facet normal 0 1 0
    outer loop
      vertex 1.04999 -66.5 5
      vertex 3.5 -66.5 2
      vertex 1.04999 -66.5 2
    endloop
  endfacet
  facet normal 0 1 -0
    outer loop
      vertex -0.149994 -66.5 5
      vertex -1.1 -66.5 12
      vertex 1.04999 -66.5 5
    endloop
  endfacet
  facet normal 0 1 0
    outer loop
      vertex -1.1 -66.5 2
      vertex -0.149994 -66.5 5
      vertex -0.149994 -66.5 2
    endloop
  endfacet
  facet normal 0 1 0
    outer loop
      vertex -0.149994 -66.5 5
      vertex -1.1 -66.5 2
      vertex -1.1 -66.5 12
    endloop
  endfacet
  facet normal 1 -0 0
    outer loop
      vertex 51.1 -71.1 12
      vertex 51.1 -66.5 2
      vertex 51.1 -66.5 12
    endloop
  endfacet
  facet normal 1 0 0
    outer loop
      vertex 51.1 -66.5 2
      vertex 51.1 -71.1 12
      vertex 51.1 -71.1 2
    endloop
  endfacet
  facet normal -0 0 1
    outer loop
      vertex 46.5 -66.5 12
      vertex 51.1 -71.1 12
      vertex 51.1 -66.5 12
    endloop
  endfacet
  facet normal 0 0 1
    outer loop
      vertex 51.1 -71.1 12
      vertex 46.5 -66.5 12
      vertex 46.5 -71.1 12
    endloop
  endfacet
  facet normal -1 0 0
    outer loop
      vertex 46.5 -70.15 2
      vertex 46.5 -71.1 2
      vertex 46.5 -70.15 5
    endloop
  endfacet
  facet normal -1 0 0
    outer loop
      vertex 46.5 -68.95 5
      vertex 46.5 -66.5 2
      vertex 46.5 -68.95 2
    endloop
  endfacet
  facet normal -1 0 0
    outer loop
      vertex 46.5 -66.5 2
      vertex 46.5 -68.95 5
      vertex 46.5 -66.5 12
    endloop
  endfacet
  facet normal -1 0 0
    outer loop
      vertex 46.5 -71.1 12
      vertex 46.5 -68.95 5
      vertex 46.5 -70.15 5
    endloop
  endfacet
  facet normal -1 0 0
    outer loop
      vertex 46.5 -68.95 5
      vertex 46.5 -71.1 12
      vertex 46.5 -66.5 12
    endloop
  endfacet
  facet normal -1 0 0
    outer loop
      vertex 46.5 -71.1 12
      vertex 46.5 -70.15 5
      vertex 46.5 -71.1 2
    endloop
  endfacet
  facet normal 0 -1 0
    outer loop
      vertex 46.5 -71.1 2
      vertex 51.1 -71.1 12
      vertex 46.5 -71.1 12
    endloop
  endfacet
  facet normal 0 -1 -0
    outer loop
      vertex 51.1 -71.1 12
      vertex 46.5 -71.1 2
      vertex 51.1 -71.1 2
    endloop
  endfacet
  facet normal 0 1 0
    outer loop
      vertex 48.95 -66.5 5
      vertex 51.1 -66.5 12
      vertex 50.15 -66.5 5
    endloop
  endfacet
  facet normal 0 1 -0
    outer loop
      vertex 51.1 -66.5 2
      vertex 50.15 -66.5 5
      vertex 51.1 -66.5 12
    endloop
  endfacet
  facet normal 0 1 0
    outer loop
      vertex 50.15 -66.5 5
      vertex 51.1 -66.5 2
      vertex 50.15 -66.5 2
    endloop
  endfacet
  facet normal 0 1 0
    outer loop
      vertex 51.1 -66.5 12
      vertex 48.95 -66.5 5
      vertex 46.5 -66.5 12
    endloop
  endfacet
  facet normal 0 1 0
    outer loop
      vertex 46.5 -66.5 2
      vertex 48.95 -66.5 5
      vertex 48.95 -66.5 2
    endloop
  endfacet
  facet normal 0 1 0
    outer loop
      vertex 48.95 -66.5 5
      vertex 46.5 -66.5 2
      vertex 46.5 -66.5 12
    endloop
  endfacet
  facet normal 0.980781 -0.195114 0
    outer loop
      vertex 44.9301 -62.6776 6.35
      vertex 45.1547 -61.5486 2
      vertex 45.1547 -61.5486 6.35
    endloop
  endfacet
  facet normal 0.980781 -0.195114 0
    outer loop
      vertex 45.1547 -61.5486 2
      vertex 44.9301 -62.6776 6.35
      vertex 44.9301 -62.6776 2
    endloop
  endfacet
  facet normal 0.997858 -0.0654176 0
    outer loop
      vertex 45.1547 -61.5486 6.35
      vertex 45.23 -60.4 2
      vertex 45.23 -60.4 6.35
    endloop
  endfacet
  facet normal 0.997858 -0.0654176 0
    outer loop
      vertex 45.23 -60.4 2
      vertex 45.1547 -61.5486 6.35
      vertex 45.1547 -61.5486 2
    endloop
  endfacet
  facet normal -0.946931 -0.321435 0
    outer loop
      vertex 28.2999 -63.7676 2
      vertex 27.9299 -62.6776 6.35
      vertex 27.9299 -62.6776 2
    endloop
  endfacet
  facet normal -0.946931 -0.321435 0
    outer loop
      vertex 27.9299 -62.6776 6.35
      vertex 28.2999 -63.7676 2
      vertex 28.2999 -63.7676 6.35
    endloop
  endfacet
  facet normal 0.442272 -0.896881 0
    outer loop
      vertex 39.7976 -68.5301 2
      vertex 40.83 -68.021 6.35
      vertex 39.7976 -68.5301 6.35
    endloop
  endfacet
  facet normal 0.442272 -0.896881 0
    outer loop
      vertex 40.83 -68.021 6.35
      vertex 39.7976 -68.5301 2
      vertex 40.83 -68.021 2
    endloop
  endfacet
  facet normal 0.195043 -0.980795 0
    outer loop
      vertex 38.4571 -68.95 5
      vertex 37.5786 -69.1247 6.35
      vertex 37.5786 -69.1247 5
    endloop
  endfacet
  facet normal 0.195114 -0.980781 4.81333e-05
    outer loop
      vertex 37.5786 -69.1247 6.35
      vertex 38.4571 -68.95 5
      vertex 38.7076 -68.9001 6.35
    endloop
  endfacet
  facet normal 0.195363 -0.980731 0
    outer loop
      vertex 38.7076 -68.9001 2
      vertex 38.4571 -68.95 5
      vertex 38.4571 -68.95 2
    endloop
  endfacet
  facet normal 0.195363 -0.980731 0
    outer loop
      vertex 38.4571 -68.95 5
      vertex 38.7076 -68.9001 2
      vertex 38.7076 -68.9001 6.35
    endloop
  endfacet
  facet normal 0.831475 -0.555562 0
    outer loop
      vertex 43.4115 -65.7571 6.35
      vertex 44.051 -64.8 2
      vertex 44.051 -64.8 6.35
    endloop
  endfacet
  facet normal 0.831475 -0.555562 0
    outer loop
      vertex 44.051 -64.8 2
      vertex 43.4115 -65.7571 6.35
      vertex 43.4115 -65.7571 2
    endloop
  endfacet
  facet normal -0.321435 0.946931 0
    outer loop
      vertex 34.1524 -51.8999 2
      vertex 33.0624 -52.2699 6.35
      vertex 34.1524 -51.8999 6.35
    endloop
  endfacet
  facet normal -0.321435 0.946931 0
    outer loop
      vertex 33.0624 -52.2699 6.35
      vertex 34.1524 -51.8999 2
      vertex 33.0624 -52.2699 2
    endloop
  endfacet
  facet normal 0.321435 0.946931 -0
    outer loop
      vertex 39.7976 -52.2699 2
      vertex 38.7076 -51.8999 6.35
      vertex 39.7976 -52.2699 6.35
    endloop
  endfacet
  facet normal 0.321435 0.946931 0
    outer loop
      vertex 38.7076 -51.8999 6.35
      vertex 39.7976 -52.2699 2
      vertex 38.7076 -51.8999 2
    endloop
  endfacet
  facet normal 0.997858 0.0654176 0
    outer loop
      vertex 45.23 -60.4 6.35
      vertex 45.1547 -59.2514 2
      vertex 45.1547 -59.2514 6.35
    endloop
  endfacet
  facet normal 0.997858 0.0654176 0
    outer loop
      vertex 45.1547 -59.2514 2
      vertex 45.23 -60.4 6.35
      vertex 45.23 -60.4 2
    endloop
  endfacet
  facet normal -0.997858 0.0654176 0
    outer loop
      vertex 27.63 -60.4 2
      vertex 27.7053 -59.2514 6.35
      vertex 27.7053 -59.2514 2
    endloop
  endfacet
  facet normal -0.997858 0.0654176 0
    outer loop
      vertex 27.7053 -59.2514 6.35
      vertex 27.63 -60.4 2
      vertex 27.63 -60.4 6.35
    endloop
  endfacet
  facet normal -0.751812 -0.659378 0
    outer loop
      vertex 30.2075 -66.6225 2
      vertex 29.4485 -65.7571 6.35
      vertex 29.4485 -65.7571 2
    endloop
  endfacet
  facet normal -0.751812 -0.659378 0
    outer loop
      vertex 29.4485 -65.7571 6.35
      vertex 30.2075 -66.6225 2
      vertex 30.2075 -66.6225 6.35
    endloop
  endfacet
  facet normal 0.831475 0.555562 0
    outer loop
      vertex 44.051 -56 6.35
      vertex 43.4115 -55.0429 2
      vertex 43.4115 -55.0429 6.35
    endloop
  endfacet
  facet normal 0.831475 0.555562 0
    outer loop
      vertex 43.4115 -55.0429 2
      vertex 44.051 -56 6.35
      vertex 44.051 -56 2
    endloop
  endfacet
  facet normal -0.896881 0.442272 0
    outer loop
      vertex 28.2999 -57.0324 2
      vertex 28.809 -56 6.35
      vertex 28.809 -56 2
    endloop
  endfacet
  facet normal -0.896881 0.442272 0
    outer loop
      vertex 28.809 -56 6.35
      vertex 28.2999 -57.0324 2
      vertex 28.2999 -57.0324 6.35
    endloop
  endfacet
  facet normal 0.555562 0.831475 -0
    outer loop
      vertex 41.7871 -53.4185 2
      vertex 40.83 -52.779 6.35
      vertex 41.7871 -53.4185 6.35
    endloop
  endfacet
  facet normal 0.555562 0.831475 0
    outer loop
      vertex 40.83 -52.779 6.35
      vertex 41.7871 -53.4185 2
      vertex 40.83 -52.779 2
    endloop
  endfacet
  facet normal 0.0654176 -0.997858 0
    outer loop
      vertex 36.43 -69.2 5
      vertex 37.5786 -69.1247 6.35
      vertex 36.43 -69.2 6.35
    endloop
  endfacet
  facet normal 0.0654176 -0.997858 0
    outer loop
      vertex 37.5786 -69.1247 6.35
      vertex 36.43 -69.2 5
      vertex 37.5786 -69.1247 5
    endloop
  endfacet
  facet normal -0.442272 -0.896881 0
    outer loop
      vertex 32.03 -68.021 2
      vertex 33.0624 -68.5301 6.35
      vertex 32.03 -68.021 6.35
    endloop
  endfacet
  facet normal -0.442272 -0.896881 -0
    outer loop
      vertex 33.0624 -68.5301 6.35
      vertex 32.03 -68.021 2
      vertex 33.0624 -68.5301 2
    endloop
  endfacet
  facet normal -0.321435 -0.946931 0
    outer loop
      vertex 33.0624 -68.5301 2
      vertex 34.1524 -68.9001 6.35
      vertex 33.0624 -68.5301 6.35
    endloop
  endfacet
  facet normal -0.321435 -0.946931 -0
    outer loop
      vertex 34.1524 -68.9001 6.35
      vertex 33.0624 -68.5301 2
      vertex 34.1524 -68.9001 2
    endloop
  endfacet
  facet normal -0.555562 -0.831475 0
    outer loop
      vertex 31.0729 -67.3815 2
      vertex 32.03 -68.021 6.35
      vertex 31.0729 -67.3815 6.35
    endloop
  endfacet
  facet normal -0.555562 -0.831475 -0
    outer loop
      vertex 32.03 -68.021 6.35
      vertex 31.0729 -67.3815 2
      vertex 32.03 -68.021 2
    endloop
  endfacet
  facet normal 0.896881 -0.442272 0
    outer loop
      vertex 44.051 -64.8 6.35
      vertex 44.5601 -63.7676 2
      vertex 44.5601 -63.7676 6.35
    endloop
  endfacet
  facet normal 0.896881 -0.442272 0
    outer loop
      vertex 44.5601 -63.7676 2
      vertex 44.051 -64.8 6.35
      vertex 44.051 -64.8 2
    endloop
  endfacet
  facet normal -0.751812 0.659378 0
    outer loop
      vertex 29.4485 -55.0429 2
      vertex 30.2075 -54.1775 6.35
      vertex 30.2075 -54.1775 2
    endloop
  endfacet
  facet normal -0.751812 0.659378 0
    outer loop
      vertex 30.2075 -54.1775 6.35
      vertex 29.4485 -55.0429 2
      vertex 29.4485 -55.0429 6.35
    endloop
  endfacet
  facet normal -0.831475 -0.555562 0
    outer loop
      vertex 29.4485 -65.7571 2
      vertex 28.809 -64.8 6.35
      vertex 28.809 -64.8 2
    endloop
  endfacet
  facet normal -0.831475 -0.555562 0
    outer loop
      vertex 28.809 -64.8 6.35
      vertex 29.4485 -65.7571 2
      vertex 29.4485 -65.7571 6.35
    endloop
  endfacet
  facet normal 0.442272 0.896881 -0
    outer loop
      vertex 40.83 -52.779 2
      vertex 39.7976 -52.2699 6.35
      vertex 40.83 -52.779 6.35
    endloop
  endfacet
  facet normal 0.442272 0.896881 0
    outer loop
      vertex 39.7976 -52.2699 6.35
      vertex 40.83 -52.779 2
      vertex 39.7976 -52.2699 2
    endloop
  endfacet
  facet normal -0.659378 0.751812 0
    outer loop
      vertex 31.0729 -53.4185 2
      vertex 30.2075 -54.1775 6.35
      vertex 31.0729 -53.4185 6.35
    endloop
  endfacet
  facet normal -0.659378 0.751812 0
    outer loop
      vertex 30.2075 -54.1775 6.35
      vertex 31.0729 -53.4185 2
      vertex 30.2075 -54.1775 2
    endloop
  endfacet
  facet normal 0.0654176 0.997858 -0
    outer loop
      vertex 37.5786 -51.6753 2
      vertex 36.43 -51.6 6.35
      vertex 37.5786 -51.6753 6.35
    endloop
  endfacet
  facet normal 0.0654176 0.997858 0
    outer loop
      vertex 36.43 -51.6 6.35
      vertex 37.5786 -51.6753 2
      vertex 36.43 -51.6 2
    endloop
  endfacet
  facet normal 0.195114 0.980781 -0
    outer loop
      vertex 38.7076 -51.8999 2
      vertex 37.5786 -51.6753 6.35
      vertex 38.7076 -51.8999 6.35
    endloop
  endfacet
  facet normal 0.195114 0.980781 0
    outer loop
      vertex 37.5786 -51.6753 6.35
      vertex 38.7076 -51.8999 2
      vertex 37.5786 -51.6753 2
    endloop
  endfacet
  facet normal 0.555562 -0.831475 0
    outer loop
      vertex 40.83 -68.021 2
      vertex 41.7871 -67.3815 6.35
      vertex 40.83 -68.021 6.35
    endloop
  endfacet
  facet normal 0.555562 -0.831475 0
    outer loop
      vertex 41.7871 -67.3815 6.35
      vertex 40.83 -68.021 2
      vertex 41.7871 -67.3815 2
    endloop
  endfacet
  facet normal -0.442272 0.896881 0
    outer loop
      vertex 33.0624 -52.2699 2
      vertex 32.03 -52.779 6.35
      vertex 33.0624 -52.2699 6.35
    endloop
  endfacet
  facet normal -0.442272 0.896881 0
    outer loop
      vertex 32.03 -52.779 6.35
      vertex 33.0624 -52.2699 2
      vertex 32.03 -52.779 2
    endloop
  endfacet
  facet normal -0.0654176 -0.997858 0
    outer loop
      vertex 35.2814 -69.1247 5
      vertex 36.43 -69.2 6.35
      vertex 35.2814 -69.1247 6.35
    endloop
  endfacet
  facet normal -0.0654176 -0.997858 -0
    outer loop
      vertex 36.43 -69.2 6.35
      vertex 35.2814 -69.1247 5
      vertex 36.43 -69.2 5
    endloop
  endfacet
  facet normal 0.659378 -0.751812 0
    outer loop
      vertex 41.7871 -67.3815 2
      vertex 42.6525 -66.6225 6.35
      vertex 41.7871 -67.3815 6.35
    endloop
  endfacet
  facet normal 0.659378 -0.751812 0
    outer loop
      vertex 42.6525 -66.6225 6.35
      vertex 41.7871 -67.3815 2
      vertex 42.6525 -66.6225 2
    endloop
  endfacet
  facet normal -0.195114 -0.980781 4.81333e-05
    outer loop
      vertex 34.1524 -68.9001 6.35
      vertex 34.4029 -68.95 5
      vertex 35.2814 -69.1247 6.35
    endloop
  endfacet
  facet normal -0.195363 -0.980731 0
    outer loop
      vertex 34.1524 -68.9001 2
      vertex 34.4029 -68.95 5
      vertex 34.1524 -68.9001 6.35
    endloop
  endfacet
  facet normal -0.195363 -0.980731 -0
    outer loop
      vertex 34.4029 -68.95 5
      vertex 34.1524 -68.9001 2
      vertex 34.4029 -68.95 2
    endloop
  endfacet
  facet normal -0.195043 -0.980795 -0
    outer loop
      vertex 35.2814 -69.1247 6.35
      vertex 34.4029 -68.95 5
      vertex 35.2814 -69.1247 5
    endloop
  endfacet
  facet normal -0.980781 -0.195114 0
    outer loop
      vertex 27.9299 -62.6776 2
      vertex 27.7053 -61.5486 6.35
      vertex 27.7053 -61.5486 2
    endloop
  endfacet
  facet normal -0.980781 -0.195114 0
    outer loop
      vertex 27.7053 -61.5486 6.35
      vertex 27.9299 -62.6776 2
      vertex 27.9299 -62.6776 6.35
    endloop
  endfacet
  facet normal -0.980781 0.195114 0
    outer loop
      vertex 27.7053 -59.2514 2
      vertex 27.9299 -58.1224 6.35
      vertex 27.9299 -58.1224 2
    endloop
  endfacet
  facet normal -0.980781 0.195114 0
    outer loop
      vertex 27.9299 -58.1224 6.35
      vertex 27.7053 -59.2514 2
      vertex 27.7053 -59.2514 6.35
    endloop
  endfacet
  facet normal 0.980781 0.195114 0
    outer loop
      vertex 45.1547 -59.2514 6.35
      vertex 44.9301 -58.1224 2
      vertex 44.9301 -58.1224 6.35
    endloop
  endfacet
  facet normal 0.980781 0.195114 0
    outer loop
      vertex 44.9301 -58.1224 2
      vertex 45.1547 -59.2514 6.35
      vertex 45.1547 -59.2514 2
    endloop
  endfacet
  facet normal 0.751812 0.659378 0
    outer loop
      vertex 43.4115 -55.0429 6.35
      vertex 42.6525 -54.1775 2
      vertex 42.6525 -54.1775 6.35
    endloop
  endfacet
  facet normal 0.751812 0.659378 0
    outer loop
      vertex 42.6525 -54.1775 2
      vertex 43.4115 -55.0429 6.35
      vertex 43.4115 -55.0429 2
    endloop
  endfacet
  facet normal 0.751812 -0.659378 0
    outer loop
      vertex 42.6525 -66.6225 6.35
      vertex 43.4115 -65.7571 2
      vertex 43.4115 -65.7571 6.35
    endloop
  endfacet
  facet normal 0.751812 -0.659378 0
    outer loop
      vertex 43.4115 -65.7571 2
      vertex 42.6525 -66.6225 6.35
      vertex 42.6525 -66.6225 2
    endloop
  endfacet
  facet normal -0.195114 0.980781 0
    outer loop
      vertex 35.2814 -51.6753 2
      vertex 34.1524 -51.8999 6.35
      vertex 35.2814 -51.6753 6.35
    endloop
  endfacet
  facet normal -0.195114 0.980781 0
    outer loop
      vertex 34.1524 -51.8999 6.35
      vertex 35.2814 -51.6753 2
      vertex 34.1524 -51.8999 2
    endloop
  endfacet
  facet normal -0.0654176 0.997858 0
    outer loop
      vertex 36.43 -51.6 2
      vertex 35.2814 -51.6753 6.35
      vertex 36.43 -51.6 6.35
    endloop
  endfacet
  facet normal -0.0654176 0.997858 0
    outer loop
      vertex 35.2814 -51.6753 6.35
      vertex 36.43 -51.6 2
      vertex 35.2814 -51.6753 2
    endloop
  endfacet
  facet normal -0 0 1
    outer loop
      vertex 44.1188 -60.3812 6.35
      vertex 45.23 -60.4 6.35
      vertex 45.1547 -59.2514 6.35
    endloop
  endfacet
  facet normal -0 0 1
    outer loop
      vertex 43.8616 -58.4282 6.35
      vertex 45.1547 -59.2514 6.35
      vertex 44.9301 -58.1224 6.35
    endloop
  endfacet
  facet normal 0 0 1
    outer loop
      vertex 45.23 -60.4 6.35
      vertex 44.1188 -60.3812 6.35
      vertex 44.12 -60.4 6.35
    endloop
  endfacet
  facet normal 0 0 1
    outer loop
      vertex 43.8519 -58.3918 6.35
      vertex 44.9301 -58.1224 6.35
      vertex 44.5601 -57.0324 6.35
    endloop
  endfacet
  facet normal 0 0 1
    outer loop
      vertex 44.1188 -60.4188 6.35
      vertex 45.23 -60.4 6.35
      vertex 44.12 -60.4 6.35
    endloop
  endfacet
  facet normal -0 0 1
    outer loop
      vertex 44.0542 -61.4037 6.35
      vertex 45.1547 -61.5486 6.35
      vertex 44.1188 -60.4188 6.35
    endloop
  endfacet
  facet normal 0 0 1
    outer loop
      vertex 45.23 -60.4 6.35
      vertex 44.1188 -60.4188 6.35
      vertex 45.1547 -61.5486 6.35
    endloop
  endfacet
  facet normal 0 0 1
    outer loop
      vertex 45.1547 -59.2514 6.35
      vertex 44.0542 -59.3963 6.35
      vertex 44.1188 -60.3812 6.35
    endloop
  endfacet
  facet normal -0 0 1
    outer loop
      vertex 43.0981 -56.5719 6.35
      vertex 44.5601 -57.0324 6.35
      vertex 44.051 -56 6.35
    endloop
  endfacet
  facet normal 0 0 1
    outer loop
      vertex 45.1547 -59.2514 6.35
      vertex 43.8616 -58.4282 6.35
      vertex 44.0542 -59.3963 6.35
    endloop
  endfacet
  facet normal 0 0 1
    outer loop
      vertex 44.9301 -58.1224 6.35
      vertex 43.858 -58.4097 6.35
      vertex 43.8616 -58.4282 6.35
    endloop
  endfacet
  facet normal 0 0 1
    outer loop
      vertex 44.9301 -58.1224 6.35
      vertex 43.8519 -58.3918 6.35
      vertex 43.858 -58.4097 6.35
    endloop
  endfacet
  facet normal 0 0 1
    outer loop
      vertex 44.5601 -57.0324 6.35
      vertex 43.5346 -57.4572 6.35
      vertex 43.8519 -58.3918 6.35
    endloop
  endfacet
  facet normal 0 0 1
    outer loop
      vertex 43.0793 -56.5393 6.35
      vertex 44.051 -56 6.35
      vertex 43.4115 -55.0429 6.35
    endloop
  endfacet
  facet normal 0 0 1
    outer loop
      vertex 44.5601 -57.0324 6.35
      vertex 43.0981 -56.5719 6.35
      vertex 43.5346 -57.4572 6.35
    endloop
  endfacet
  facet normal 0 0 1
    outer loop
      vertex 44.051 -56 6.35
      vertex 43.0897 -56.555 6.35
      vertex 43.0981 -56.5719 6.35
    endloop
  endfacet
  facet normal 0 0 1
    outer loop
      vertex 44.051 -56 6.35
      vertex 43.0793 -56.5393 6.35
      vertex 43.0897 -56.555 6.35
    endloop
  endfacet
  facet normal -0 0 1
    outer loop
      vertex 41.8801 -54.9765 6.35
      vertex 43.4115 -55.0429 6.35
      vertex 42.6525 -54.1775 6.35
    endloop
  endfacet
  facet normal 0 0 1
    outer loop
      vertex 43.4115 -55.0429 6.35
      vertex 42.5309 -55.7186 6.35
      vertex 43.0793 -56.5393 6.35
    endloop
  endfacet
  facet normal 0 0 1
    outer loop
      vertex 43.4115 -55.0429 6.35
      vertex 41.8801 -54.9765 6.35
      vertex 42.5309 -55.7186 6.35
    endloop
  endfacet
  facet normal 0 0 1
    outer loop
      vertex 42.6525 -54.1775 6.35
      vertex 41.8677 -54.9623 6.35
      vertex 41.8801 -54.9765 6.35
    endloop
  endfacet
  facet normal 0 0 1
    outer loop
      vertex 42.6525 -54.1775 6.35
      vertex 41.8535 -54.9499 6.35
      vertex 41.8677 -54.9623 6.35
    endloop
  endfacet
  facet normal 0 0 1
    outer loop
      vertex 41.7871 -53.4185 6.35
      vertex 41.8535 -54.9499 6.35
      vertex 42.6525 -54.1775 6.35
    endloop
  endfacet
  facet normal 0 0 1
    outer loop
      vertex 41.7871 -53.4185 6.35
      vertex 41.1114 -54.2991 6.35
      vertex 41.8535 -54.9499 6.35
    endloop
  endfacet
  facet normal 0 0 1
    outer loop
      vertex 40.2907 -53.7507 6.35
      vertex 41.7871 -53.4185 6.35
      vertex 40.83 -52.779 6.35
    endloop
  endfacet
  facet normal 0 0 1
    outer loop
      vertex 41.7871 -53.4185 6.35
      vertex 40.2907 -53.7507 6.35
      vertex 41.1114 -54.2991 6.35
    endloop
  endfacet
  facet normal 0 0 1
    outer loop
      vertex 40.83 -52.779 6.35
      vertex 40.275 -53.7403 6.35
      vertex 40.2907 -53.7507 6.35
    endloop
  endfacet
  facet normal 0 0 1
    outer loop
      vertex 40.83 -52.779 6.35
      vertex 40.2581 -53.7319 6.35
      vertex 40.275 -53.7403 6.35
    endloop
  endfacet
  facet normal 0 0 1
    outer loop
      vertex 39.7976 -52.2699 6.35
      vertex 40.2581 -53.7319 6.35
      vertex 40.83 -52.779 6.35
    endloop
  endfacet
  facet normal 0 0 1
    outer loop
      vertex 39.7976 -52.2699 6.35
      vertex 39.3728 -53.2954 6.35
      vertex 40.2581 -53.7319 6.35
    endloop
  endfacet
  facet normal 0 0 1
    outer loop
      vertex 38.4382 -52.9781 6.35
      vertex 39.7976 -52.2699 6.35
      vertex 38.7076 -51.8999 6.35
    endloop
  endfacet
  facet normal 0 0 1
    outer loop
      vertex 39.7976 -52.2699 6.35
      vertex 38.4382 -52.9781 6.35
      vertex 39.3728 -53.2954 6.35
    endloop
  endfacet
  facet normal 0 0 1
    outer loop
      vertex 38.7076 -51.8999 6.35
      vertex 38.4203 -52.972 6.35
      vertex 38.4382 -52.9781 6.35
    endloop
  endfacet
  facet normal 0 0 1
    outer loop
      vertex 38.7076 -51.8999 6.35
      vertex 38.4018 -52.9684 6.35
      vertex 38.4203 -52.972 6.35
    endloop
  endfacet
  facet normal 0 0 1
    outer loop
      vertex 37.5786 -51.6753 6.35
      vertex 38.4018 -52.9684 6.35
      vertex 38.7076 -51.8999 6.35
    endloop
  endfacet
  facet normal 0 0 1
    outer loop
      vertex 37.5786 -51.6753 6.35
      vertex 37.4337 -52.7758 6.35
      vertex 38.4018 -52.9684 6.35
    endloop
  endfacet
  facet normal 0 0 1
    outer loop
      vertex 37.5786 -51.6753 6.35
      vertex 36.4488 -52.7112 6.35
      vertex 37.4337 -52.7758 6.35
    endloop
  endfacet
  facet normal 0 0 1
    outer loop
      vertex 36.43 -51.6 6.35
      vertex 36.4488 -52.7112 6.35
      vertex 37.5786 -51.6753 6.35
    endloop
  endfacet
  facet normal 0 0 1
    outer loop
      vertex 36.43 -51.6 6.35
      vertex 36.43 -52.71 6.35
      vertex 36.4488 -52.7112 6.35
    endloop
  endfacet
  facet normal 0 0 1
    outer loop
      vertex 36.43 -51.6 6.35
      vertex 36.4112 -52.7112 6.35
      vertex 36.43 -52.71 6.35
    endloop
  endfacet
  facet normal -0 0 1
    outer loop
      vertex 35.2814 -51.6753 6.35
      vertex 36.4112 -52.7112 6.35
      vertex 36.43 -51.6 6.35
    endloop
  endfacet
  facet normal 0 0 1
    outer loop
      vertex 36.4112 -52.7112 6.35
      vertex 35.2814 -51.6753 6.35
      vertex 35.4263 -52.7758 6.35
    endloop
  endfacet
  facet normal 0 0 1
    outer loop
      vertex 35.2814 -51.6753 6.35
      vertex 34.4582 -52.9684 6.35
      vertex 35.4263 -52.7758 6.35
    endloop
  endfacet
  facet normal -0 0 1
    outer loop
      vertex 34.1524 -51.8999 6.35
      vertex 34.4582 -52.9684 6.35
      vertex 35.2814 -51.6753 6.35
    endloop
  endfacet
  facet normal 0 0 1
    outer loop
      vertex 34.4582 -52.9684 6.35
      vertex 34.1524 -51.8999 6.35
      vertex 34.4397 -52.972 6.35
    endloop
  endfacet
  facet normal 0 0 1
    outer loop
      vertex 34.4397 -52.972 6.35
      vertex 34.1524 -51.8999 6.35
      vertex 34.4218 -52.9781 6.35
    endloop
  endfacet
  facet normal -0 0 1
    outer loop
      vertex 33.0624 -52.2699 6.35
      vertex 34.4218 -52.9781 6.35
      vertex 34.1524 -51.8999 6.35
    endloop
  endfacet
  facet normal 0 0 1
    outer loop
      vertex 34.4218 -52.9781 6.35
      vertex 33.0624 -52.2699 6.35
      vertex 33.4872 -53.2954 6.35
    endloop
  endfacet
  facet normal 0 0 1
    outer loop
      vertex 33.0624 -52.2699 6.35
      vertex 32.6019 -53.7319 6.35
      vertex 33.4872 -53.2954 6.35
    endloop
  endfacet
  facet normal -0 0 1
    outer loop
      vertex 32.03 -52.779 6.35
      vertex 32.6019 -53.7319 6.35
      vertex 33.0624 -52.2699 6.35
    endloop
  endfacet
  facet normal 0 0 1
    outer loop
      vertex 32.6019 -53.7319 6.35
      vertex 32.03 -52.779 6.35
      vertex 32.585 -53.7403 6.35
    endloop
  endfacet
  facet normal 0 0 1
    outer loop
      vertex 32.585 -53.7403 6.35
      vertex 32.03 -52.779 6.35
      vertex 32.5693 -53.7507 6.35
    endloop
  endfacet
  facet normal -0 0 1
    outer loop
      vertex 31.0729 -53.4185 6.35
      vertex 32.5693 -53.7507 6.35
      vertex 32.03 -52.779 6.35
    endloop
  endfacet
  facet normal 0 0 1
    outer loop
      vertex 32.5693 -53.7507 6.35
      vertex 31.0729 -53.4185 6.35
      vertex 31.7486 -54.2991 6.35
    endloop
  endfacet
  facet normal 0 0 1
    outer loop
      vertex 31.0729 -53.4185 6.35
      vertex 31.0065 -54.9499 6.35
      vertex 31.7486 -54.2991 6.35
    endloop
  endfacet
  facet normal -0 0 1
    outer loop
      vertex 30.2075 -54.1775 6.35
      vertex 31.0065 -54.9499 6.35
      vertex 31.0729 -53.4185 6.35
    endloop
  endfacet
  facet normal 0 0 1
    outer loop
      vertex 31.0065 -54.9499 6.35
      vertex 30.2075 -54.1775 6.35
      vertex 30.9923 -54.9623 6.35
    endloop
  endfacet
  facet normal 0 0 1
    outer loop
      vertex 30.9923 -54.9623 6.35
      vertex 30.2075 -54.1775 6.35
      vertex 30.9799 -54.9765 6.35
    endloop
  endfacet
  facet normal 0 0 1
    outer loop
      vertex 29.4485 -55.0429 6.35
      vertex 30.9799 -54.9765 6.35
      vertex 30.2075 -54.1775 6.35
    endloop
  endfacet
  facet normal 0 0 1
    outer loop
      vertex 30.9799 -54.9765 6.35
      vertex 29.4485 -55.0429 6.35
      vertex 30.3291 -55.7186 6.35
    endloop
  endfacet
  facet normal 0 0 1
    outer loop
      vertex 30.3291 -55.7186 6.35
      vertex 29.4485 -55.0429 6.35
      vertex 29.7807 -56.5393 6.35
    endloop
  endfacet
  facet normal -0 0 1
    outer loop
      vertex 28.809 -56 6.35
      vertex 29.7807 -56.5393 6.35
      vertex 29.4485 -55.0429 6.35
    endloop
  endfacet
  facet normal 0 0 1
    outer loop
      vertex 29.7807 -56.5393 6.35
      vertex 28.809 -56 6.35
      vertex 29.7703 -56.555 6.35
    endloop
  endfacet
  facet normal 0 0 1
    outer loop
      vertex 29.7703 -56.555 6.35
      vertex 28.809 -56 6.35
      vertex 29.7619 -56.5719 6.35
    endloop
  endfacet
  facet normal 0 0 1
    outer loop
      vertex 28.2999 -57.0324 6.35
      vertex 29.7619 -56.5719 6.35
      vertex 28.809 -56 6.35
    endloop
  endfacet
  facet normal 0 0 1
    outer loop
      vertex 29.7619 -56.5719 6.35
      vertex 28.2999 -57.0324 6.35
      vertex 29.3254 -57.4572 6.35
    endloop
  endfacet
  facet normal 0 0 1
    outer loop
      vertex 29.3254 -57.4572 6.35
      vertex 28.2999 -57.0324 6.35
      vertex 29.0081 -58.3918 6.35
    endloop
  endfacet
  facet normal -0 0 1
    outer loop
      vertex 27.9299 -58.1224 6.35
      vertex 29.0081 -58.3918 6.35
      vertex 28.2999 -57.0324 6.35
    endloop
  endfacet
  facet normal 0 0 1
    outer loop
      vertex 29.0081 -58.3918 6.35
      vertex 27.9299 -58.1224 6.35
      vertex 29.002 -58.4097 6.35
    endloop
  endfacet
  facet normal 0 0 1
    outer loop
      vertex 29.002 -58.4097 6.35
      vertex 27.9299 -58.1224 6.35
      vertex 28.9984 -58.4282 6.35
    endloop
  endfacet
  facet normal 0 0 1
    outer loop
      vertex 27.7053 -59.2514 6.35
      vertex 28.9984 -58.4282 6.35
      vertex 27.9299 -58.1224 6.35
    endloop
  endfacet
  facet normal 0 0 1
    outer loop
      vertex 28.9984 -58.4282 6.35
      vertex 27.7053 -59.2514 6.35
      vertex 28.8058 -59.3963 6.35
    endloop
  endfacet
  facet normal 0 0 1
    outer loop
      vertex 43.8616 -62.3718 6.35
      vertex 45.1547 -61.5486 6.35
      vertex 44.0542 -61.4037 6.35
    endloop
  endfacet
  facet normal 0 0 1
    outer loop
      vertex 45.1547 -61.5486 6.35
      vertex 43.8616 -62.3718 6.35
      vertex 44.9301 -62.6776 6.35
    endloop
  endfacet
  facet normal -0 0 1
    outer loop
      vertex 43.858 -62.3903 6.35
      vertex 44.9301 -62.6776 6.35
      vertex 43.8616 -62.3718 6.35
    endloop
  endfacet
  facet normal -0 0 1
    outer loop
      vertex 43.8519 -62.4082 6.35
      vertex 44.9301 -62.6776 6.35
      vertex 43.858 -62.3903 6.35
    endloop
  endfacet
  facet normal 0 0 1
    outer loop
      vertex 44.9301 -62.6776 6.35
      vertex 43.8519 -62.4082 6.35
      vertex 44.5601 -63.7676 6.35
    endloop
  endfacet
  facet normal -0 0 1
    outer loop
      vertex 43.5346 -63.3428 6.35
      vertex 44.5601 -63.7676 6.35
      vertex 43.8519 -62.4082 6.35
    endloop
  endfacet
  facet normal 0 0 1
    outer loop
      vertex 43.0981 -64.2281 6.35
      vertex 44.5601 -63.7676 6.35
      vertex 43.5346 -63.3428 6.35
    endloop
  endfacet
  facet normal 0 0 1
    outer loop
      vertex 44.5601 -63.7676 6.35
      vertex 43.0981 -64.2281 6.35
      vertex 44.051 -64.8 6.35
    endloop
  endfacet
  facet normal -0 0 1
    outer loop
      vertex 43.0897 -64.245 6.35
      vertex 44.051 -64.8 6.35
      vertex 43.0981 -64.2281 6.35
    endloop
  endfacet
  facet normal -0 0 1
    outer loop
      vertex 43.0793 -64.2607 6.35
      vertex 44.051 -64.8 6.35
      vertex 43.0897 -64.245 6.35
    endloop
  endfacet
  facet normal 0 0 1
    outer loop
      vertex 44.051 -64.8 6.35
      vertex 43.0793 -64.2607 6.35
      vertex 43.4115 -65.7571 6.35
    endloop
  endfacet
  facet normal -0 0 1
    outer loop
      vertex 42.5309 -65.0814 6.35
      vertex 43.4115 -65.7571 6.35
      vertex 43.0793 -64.2607 6.35
    endloop
  endfacet
  facet normal 0 0 1
    outer loop
      vertex 41.8801 -65.8235 6.35
      vertex 43.4115 -65.7571 6.35
      vertex 42.5309 -65.0814 6.35
    endloop
  endfacet
  facet normal 0 0 1
    outer loop
      vertex 43.4115 -65.7571 6.35
      vertex 41.8801 -65.8235 6.35
      vertex 42.6525 -66.6225 6.35
    endloop
  endfacet
  facet normal -0 0 1
    outer loop
      vertex 41.8677 -65.8377 6.35
      vertex 42.6525 -66.6225 6.35
      vertex 41.8801 -65.8235 6.35
    endloop
  endfacet
  facet normal -0 0 1
    outer loop
      vertex 41.8535 -65.8501 6.35
      vertex 42.6525 -66.6225 6.35
      vertex 41.8677 -65.8377 6.35
    endloop
  endfacet
  facet normal 0 0 1
    outer loop
      vertex 41.8535 -65.8501 6.35
      vertex 41.7871 -67.3815 6.35
      vertex 42.6525 -66.6225 6.35
    endloop
  endfacet
  facet normal -0 0 1
    outer loop
      vertex 41.1114 -66.5009 6.35
      vertex 41.7871 -67.3815 6.35
      vertex 41.8535 -65.8501 6.35
    endloop
  endfacet
  facet normal -0 0 1
    outer loop
      vertex 40.2907 -67.0493 6.35
      vertex 41.7871 -67.3815 6.35
      vertex 41.1114 -66.5009 6.35
    endloop
  endfacet
  facet normal 0 0 1
    outer loop
      vertex 41.7871 -67.3815 6.35
      vertex 40.2907 -67.0493 6.35
      vertex 40.83 -68.021 6.35
    endloop
  endfacet
  facet normal -0 0 1
    outer loop
      vertex 40.275 -67.0597 6.35
      vertex 40.83 -68.021 6.35
      vertex 40.2907 -67.0493 6.35
    endloop
  endfacet
  facet normal -0 0 1
    outer loop
      vertex 40.2581 -67.0681 6.35
      vertex 40.83 -68.021 6.35
      vertex 40.275 -67.0597 6.35
    endloop
  endfacet
  facet normal 0 0 1
    outer loop
      vertex 40.2581 -67.0681 6.35
      vertex 39.7976 -68.5301 6.35
      vertex 40.83 -68.021 6.35
    endloop
  endfacet
  facet normal -0 0 1
    outer loop
      vertex 39.3728 -67.5046 6.35
      vertex 39.7976 -68.5301 6.35
      vertex 40.2581 -67.0681 6.35
    endloop
  endfacet
  facet normal -0 0 1
    outer loop
      vertex 38.4382 -67.8219 6.35
      vertex 39.7976 -68.5301 6.35
      vertex 39.3728 -67.5046 6.35
    endloop
  endfacet
  facet normal 0 0 1
    outer loop
      vertex 39.7976 -68.5301 6.35
      vertex 38.4382 -67.8219 6.35
      vertex 38.7076 -68.9001 6.35
    endloop
  endfacet
  facet normal -0 0 1
    outer loop
      vertex 38.4203 -67.828 6.35
      vertex 38.7076 -68.9001 6.35
      vertex 38.4382 -67.8219 6.35
    endloop
  endfacet
  facet normal -0 0 1
    outer loop
      vertex 38.4018 -67.8316 6.35
      vertex 38.7076 -68.9001 6.35
      vertex 38.4203 -67.828 6.35
    endloop
  endfacet
  facet normal 0 0 1
    outer loop
      vertex 38.4018 -67.8316 6.35
      vertex 37.5786 -69.1247 6.35
      vertex 38.7076 -68.9001 6.35
    endloop
  endfacet
  facet normal -0 0 1
    outer loop
      vertex 37.4337 -68.0242 6.35
      vertex 37.5786 -69.1247 6.35
      vertex 38.4018 -67.8316 6.35
    endloop
  endfacet
  facet normal -0 0 1
    outer loop
      vertex 36.4488 -68.0888 6.35
      vertex 37.5786 -69.1247 6.35
      vertex 37.4337 -68.0242 6.35
    endloop
  endfacet
  facet normal 0 0 1
    outer loop
      vertex 36.43 -69.2 6.35
      vertex 36.4488 -68.0888 6.35
      vertex 36.43 -68.09 6.35
    endloop
  endfacet
  facet normal 0 0 1
    outer loop
      vertex 36.4488 -68.0888 6.35
      vertex 36.43 -69.2 6.35
      vertex 37.5786 -69.1247 6.35
    endloop
  endfacet
  facet normal 0 0 1
    outer loop
      vertex 36.4112 -68.0888 6.35
      vertex 36.43 -69.2 6.35
      vertex 36.43 -68.09 6.35
    endloop
  endfacet
  facet normal 0 0 1
    outer loop
      vertex 35.2814 -69.1247 6.35
      vertex 36.4112 -68.0888 6.35
      vertex 35.4263 -68.0242 6.35
    endloop
  endfacet
  facet normal 0 0 1
    outer loop
      vertex 36.4112 -68.0888 6.35
      vertex 35.2814 -69.1247 6.35
      vertex 36.43 -69.2 6.35
    endloop
  endfacet
  facet normal 0 0 1
    outer loop
      vertex 34.4582 -67.8316 6.35
      vertex 35.2814 -69.1247 6.35
      vertex 35.4263 -68.0242 6.35
    endloop
  endfacet
  facet normal 0 0 1
    outer loop
      vertex 34.1524 -68.9001 6.35
      vertex 34.4582 -67.8316 6.35
      vertex 34.4397 -67.828 6.35
    endloop
  endfacet
  facet normal 0 0 1
    outer loop
      vertex 34.1524 -68.9001 6.35
      vertex 34.4397 -67.828 6.35
      vertex 34.4218 -67.8219 6.35
    endloop
  endfacet
  facet normal 0 0 1
    outer loop
      vertex 34.4582 -67.8316 6.35
      vertex 34.1524 -68.9001 6.35
      vertex 35.2814 -69.1247 6.35
    endloop
  endfacet
  facet normal 0 0 1
    outer loop
      vertex 33.0624 -68.5301 6.35
      vertex 34.4218 -67.8219 6.35
      vertex 33.4872 -67.5046 6.35
    endloop
  endfacet
  facet normal 0 0 1
    outer loop
      vertex 34.4218 -67.8219 6.35
      vertex 33.0624 -68.5301 6.35
      vertex 34.1524 -68.9001 6.35
    endloop
  endfacet
  facet normal 0 0 1
    outer loop
      vertex 32.6019 -67.0681 6.35
      vertex 33.0624 -68.5301 6.35
      vertex 33.4872 -67.5046 6.35
    endloop
  endfacet
  facet normal 0 0 1
    outer loop
      vertex 32.03 -68.021 6.35
      vertex 32.6019 -67.0681 6.35
      vertex 32.585 -67.0597 6.35
    endloop
  endfacet
  facet normal 0 0 1
    outer loop
      vertex 32.03 -68.021 6.35
      vertex 32.585 -67.0597 6.35
      vertex 32.5693 -67.0493 6.35
    endloop
  endfacet
  facet normal 0 0 1
    outer loop
      vertex 32.6019 -67.0681 6.35
      vertex 32.03 -68.021 6.35
      vertex 33.0624 -68.5301 6.35
    endloop
  endfacet
  facet normal 0 0 1
    outer loop
      vertex 31.0729 -67.3815 6.35
      vertex 32.5693 -67.0493 6.35
      vertex 31.7486 -66.5009 6.35
    endloop
  endfacet
  facet normal 0 0 1
    outer loop
      vertex 32.5693 -67.0493 6.35
      vertex 31.0729 -67.3815 6.35
      vertex 32.03 -68.021 6.35
    endloop
  endfacet
  facet normal 0 0 1
    outer loop
      vertex 31.0065 -65.8501 6.35
      vertex 31.0729 -67.3815 6.35
      vertex 31.7486 -66.5009 6.35
    endloop
  endfacet
  facet normal 0 0 1
    outer loop
      vertex 30.2075 -66.6225 6.35
      vertex 31.0065 -65.8501 6.35
      vertex 30.9923 -65.8377 6.35
    endloop
  endfacet
  facet normal 0 0 1
    outer loop
      vertex 30.2075 -66.6225 6.35
      vertex 30.9923 -65.8377 6.35
      vertex 30.9799 -65.8235 6.35
    endloop
  endfacet
  facet normal -0 0 1
    outer loop
      vertex 29.4485 -65.7571 6.35
      vertex 30.9799 -65.8235 6.35
      vertex 30.3291 -65.0814 6.35
    endloop
  endfacet
  facet normal 0 0 1
    outer loop
      vertex 31.0065 -65.8501 6.35
      vertex 30.2075 -66.6225 6.35
      vertex 31.0729 -67.3815 6.35
    endloop
  endfacet
  facet normal 0 0 1
    outer loop
      vertex 29.4485 -65.7571 6.35
      vertex 30.3291 -65.0814 6.35
      vertex 29.7807 -64.2607 6.35
    endloop
  endfacet
  facet normal 0 0 1
    outer loop
      vertex 28.809 -64.8 6.35
      vertex 29.7807 -64.2607 6.35
      vertex 29.7703 -64.245 6.35
    endloop
  endfacet
  facet normal 0 0 1
    outer loop
      vertex 28.809 -64.8 6.35
      vertex 29.7703 -64.245 6.35
      vertex 29.7619 -64.2281 6.35
    endloop
  endfacet
  facet normal 0 0 1
    outer loop
      vertex 30.9799 -65.8235 6.35
      vertex 29.4485 -65.7571 6.35
      vertex 30.2075 -66.6225 6.35
    endloop
  endfacet
  facet normal -0 0 1
    outer loop
      vertex 28.2999 -63.7676 6.35
      vertex 29.7619 -64.2281 6.35
      vertex 29.3254 -63.3428 6.35
    endloop
  endfacet
  facet normal 0 0 1
    outer loop
      vertex 28.2999 -63.7676 6.35
      vertex 29.3254 -63.3428 6.35
      vertex 29.0081 -62.4082 6.35
    endloop
  endfacet
  facet normal 0 0 1
    outer loop
      vertex 27.9299 -62.6776 6.35
      vertex 29.0081 -62.4082 6.35
      vertex 29.002 -62.3903 6.35
    endloop
  endfacet
  facet normal 0 0 1
    outer loop
      vertex 27.9299 -62.6776 6.35
      vertex 29.002 -62.3903 6.35
      vertex 28.9984 -62.3718 6.35
    endloop
  endfacet
  facet normal 0 0 1
    outer loop
      vertex 29.7807 -64.2607 6.35
      vertex 28.809 -64.8 6.35
      vertex 29.4485 -65.7571 6.35
    endloop
  endfacet
  facet normal -0 0 1
    outer loop
      vertex 27.7053 -61.5486 6.35
      vertex 28.9984 -62.3718 6.35
      vertex 28.8058 -61.4037 6.35
    endloop
  endfacet
  facet normal 0 0 1
    outer loop
      vertex 27.7053 -61.5486 6.35
      vertex 28.8058 -61.4037 6.35
      vertex 28.7412 -60.4188 6.35
    endloop
  endfacet
  facet normal -0 0 1
    outer loop
      vertex 27.63 -60.4 6.35
      vertex 28.7412 -60.4188 6.35
      vertex 28.74 -60.4 6.35
    endloop
  endfacet
  facet normal 0 0 1
    outer loop
      vertex 28.8058 -59.3963 6.35
      vertex 27.7053 -59.2514 6.35
      vertex 28.7412 -60.3812 6.35
    endloop
  endfacet
  facet normal 0 0 1
    outer loop
      vertex 29.7619 -64.2281 6.35
      vertex 28.2999 -63.7676 6.35
      vertex 28.809 -64.8 6.35
    endloop
  endfacet
  facet normal 0 0 1
    outer loop
      vertex 27.63 -60.4 6.35
      vertex 28.7412 -60.3812 6.35
      vertex 27.7053 -59.2514 6.35
    endloop
  endfacet
  facet normal 0 0 1
    outer loop
      vertex 29.0081 -62.4082 6.35
      vertex 27.9299 -62.6776 6.35
      vertex 28.2999 -63.7676 6.35
    endloop
  endfacet
  facet normal 0 0 1
    outer loop
      vertex 28.7412 -60.3812 6.35
      vertex 27.63 -60.4 6.35
      vertex 28.74 -60.4 6.35
    endloop
  endfacet
  facet normal 0 0 1
    outer loop
      vertex 28.9984 -62.3718 6.35
      vertex 27.7053 -61.5486 6.35
      vertex 27.9299 -62.6776 6.35
    endloop
  endfacet
  facet normal 0 0 1
    outer loop
      vertex 28.7412 -60.4188 6.35
      vertex 27.63 -60.4 6.35
      vertex 27.7053 -61.5486 6.35
    endloop
  endfacet
  facet normal 0.321435 -0.946931 0
    outer loop
      vertex 38.7076 -68.9001 2
      vertex 39.7976 -68.5301 6.35
      vertex 38.7076 -68.9001 6.35
    endloop
  endfacet
  facet normal 0.321435 -0.946931 0
    outer loop
      vertex 39.7976 -68.5301 6.35
      vertex 38.7076 -68.9001 2
      vertex 39.7976 -68.5301 2
    endloop
  endfacet
  facet normal -0.946931 0.321435 0
    outer loop
      vertex 27.9299 -58.1224 2
      vertex 28.2999 -57.0324 6.35
      vertex 28.2999 -57.0324 2
    endloop
  endfacet
  facet normal -0.946931 0.321435 0
    outer loop
      vertex 28.2999 -57.0324 6.35
      vertex 27.9299 -58.1224 2
      vertex 27.9299 -58.1224 6.35
    endloop
  endfacet
  facet normal 0.946931 -0.321435 0
    outer loop
      vertex 44.5601 -63.7676 6.35
      vertex 44.9301 -62.6776 2
      vertex 44.9301 -62.6776 6.35
    endloop
  endfacet
  facet normal 0.946931 -0.321435 0
    outer loop
      vertex 44.9301 -62.6776 2
      vertex 44.5601 -63.7676 6.35
      vertex 44.5601 -63.7676 2
    endloop
  endfacet
  facet normal -0.659378 -0.751812 0
    outer loop
      vertex 30.2075 -66.6225 2
      vertex 31.0729 -67.3815 6.35
      vertex 30.2075 -66.6225 6.35
    endloop
  endfacet
  facet normal -0.659378 -0.751812 -0
    outer loop
      vertex 31.0729 -67.3815 6.35
      vertex 30.2075 -66.6225 2
      vertex 31.0729 -67.3815 2
    endloop
  endfacet
  facet normal -0.896881 -0.442272 0
    outer loop
      vertex 28.809 -64.8 2
      vertex 28.2999 -63.7676 6.35
      vertex 28.2999 -63.7676 2
    endloop
  endfacet
  facet normal -0.896881 -0.442272 0
    outer loop
      vertex 28.2999 -63.7676 6.35
      vertex 28.809 -64.8 2
      vertex 28.809 -64.8 6.35
    endloop
  endfacet
  facet normal -0.831475 0.555562 0
    outer loop
      vertex 28.809 -56 2
      vertex 29.4485 -55.0429 6.35
      vertex 29.4485 -55.0429 2
    endloop
  endfacet
  facet normal -0.831475 0.555562 0
    outer loop
      vertex 29.4485 -55.0429 6.35
      vertex 28.809 -56 2
      vertex 28.809 -56 6.35
    endloop
  endfacet
  facet normal -0.997858 -0.0654176 0
    outer loop
      vertex 27.7053 -61.5486 2
      vertex 27.63 -60.4 6.35
      vertex 27.63 -60.4 2
    endloop
  endfacet
  facet normal -0.997858 -0.0654176 0
    outer loop
      vertex 27.63 -60.4 6.35
      vertex 27.7053 -61.5486 2
      vertex 27.7053 -61.5486 6.35
    endloop
  endfacet
  facet normal 0.896881 0.442272 0
    outer loop
      vertex 44.5601 -57.0324 6.35
      vertex 44.051 -56 2
      vertex 44.051 -56 6.35
    endloop
  endfacet
  facet normal 0.896881 0.442272 0
    outer loop
      vertex 44.051 -56 2
      vertex 44.5601 -57.0324 6.35
      vertex 44.5601 -57.0324 2
    endloop
  endfacet
  facet normal 0.946931 0.321435 0
    outer loop
      vertex 44.9301 -58.1224 6.35
      vertex 44.5601 -57.0324 2
      vertex 44.5601 -57.0324 6.35
    endloop
  endfacet
  facet normal 0.946931 0.321435 0
    outer loop
      vertex 44.5601 -57.0324 2
      vertex 44.9301 -58.1224 6.35
      vertex 44.9301 -58.1224 2
    endloop
  endfacet
  facet normal -0.555562 0.831475 0
    outer loop
      vertex 32.03 -52.779 2
      vertex 31.0729 -53.4185 6.35
      vertex 32.03 -52.779 6.35
    endloop
  endfacet
  facet normal -0.555562 0.831475 0
    outer loop
      vertex 31.0729 -53.4185 6.35
      vertex 32.03 -52.779 2
      vertex 31.0729 -53.4185 2
    endloop
  endfacet
  facet normal 0.659378 0.751812 -0
    outer loop
      vertex 42.6525 -54.1775 2
      vertex 41.7871 -53.4185 6.35
      vertex 42.6525 -54.1775 6.35
    endloop
  endfacet
  facet normal 0.659378 0.751812 0
    outer loop
      vertex 41.7871 -53.4185 6.35
      vertex 42.6525 -54.1775 2
      vertex 41.7871 -53.4185 2
    endloop
  endfacet
  facet normal -0.195054 0.980792 0
    outer loop
      vertex 38.2935 -67.3547 3.2
      vertex 37.3698 -67.5384 4.25
      vertex 38.2935 -67.3547 4.25
    endloop
  endfacet
  facet normal -0.195054 0.980792 0
    outer loop
      vertex 37.3698 -67.5384 4.25
      vertex 38.2935 -67.3547 3.2
      vertex 37.3698 -67.5384 3.2
    endloop
  endfacet
  facet normal -0.195054 0.980792 0
    outer loop
      vertex 38.2935 -67.3547 5.45
      vertex 37.3698 -67.5384 5.86
      vertex 38.2935 -67.3547 5.86
    endloop
  endfacet
  facet normal -0.195054 0.980792 0
    outer loop
      vertex 37.3698 -67.5384 5.86
      vertex 38.2935 -67.3547 5.45
      vertex 37.3698 -67.5384 5.45
    endloop
  endfacet
  facet normal -0.980792 0.195054 0
    outer loop
      vertex 43.3847 -62.2635 3.2
      vertex 43.5684 -61.3398 4.25
      vertex 43.5684 -61.3398 3.2
    endloop
  endfacet
  facet normal -0.980792 0.195054 0
    outer loop
      vertex 43.5684 -61.3398 4.25
      vertex 43.3847 -62.2635 3.2
      vertex 43.3847 -62.2635 4.25
    endloop
  endfacet
  facet normal -0.980792 0.195054 0
    outer loop
      vertex 43.3847 -62.2635 5.45
      vertex 43.5684 -61.3398 5.86
      vertex 43.5684 -61.3398 5.45
    endloop
  endfacet
  facet normal -0.980792 0.195054 0
    outer loop
      vertex 43.5684 -61.3398 5.86
      vertex 43.3847 -62.2635 5.45
      vertex 43.3847 -62.2635 5.86
    endloop
  endfacet
  facet normal -0.997859 0.0654055 0
    outer loop
      vertex 43.5684 -61.3398 3.2
      vertex 43.63 -60.4 4.25
      vertex 43.63 -60.4 3.2
    endloop
  endfacet
  facet normal -0.997859 0.0654055 0
    outer loop
      vertex 43.63 -60.4 4.25
      vertex 43.5684 -61.3398 3.2
      vertex 43.5684 -61.3398 4.25
    endloop
  endfacet
  facet normal -0.997859 0.0654055 0
    outer loop
      vertex 43.5684 -61.3398 5.45
      vertex 43.63 -60.4 5.86
      vertex 43.63 -60.4 5.45
    endloop
  endfacet
  facet normal -0.997859 0.0654055 0
    outer loop
      vertex 43.63 -60.4 5.86
      vertex 43.5684 -61.3398 5.45
      vertex 43.5684 -61.3398 5.86
    endloop
  endfacet
  facet normal -0.946906 0.321511 0
    outer loop
      vertex 43.0819 -63.1553 3.2
      vertex 43.3847 -62.2635 4.25
      vertex 43.3847 -62.2635 3.2
    endloop
  endfacet
  facet normal -0.946906 0.321511 0
    outer loop
      vertex 43.3847 -62.2635 4.25
      vertex 43.0819 -63.1553 3.2
      vertex 43.0819 -63.1553 4.25
    endloop
  endfacet
  facet normal -0.946906 0.321511 0
    outer loop
      vertex 43.0819 -63.1553 5.45
      vertex 43.3847 -62.2635 5.86
      vertex 43.3847 -62.2635 5.45
    endloop
  endfacet
  facet normal -0.946906 0.321511 0
    outer loop
      vertex 43.3847 -62.2635 5.86
      vertex 43.0819 -63.1553 5.45
      vertex 43.0819 -63.1553 5.86
    endloop
  endfacet
  facet normal -0.321511 0.946906 0
    outer loop
      vertex 39.1853 -67.0519 3.2
      vertex 38.2935 -67.3547 4.25
      vertex 39.1853 -67.0519 4.25
    endloop
  endfacet
  facet normal -0.321511 0.946906 0
    outer loop
      vertex 38.2935 -67.3547 4.25
      vertex 39.1853 -67.0519 3.2
      vertex 38.2935 -67.3547 3.2
    endloop
  endfacet
  facet normal -0.321511 0.946906 0
    outer loop
      vertex 39.1853 -67.0519 5.45
      vertex 38.2935 -67.3547 5.86
      vertex 39.1853 -67.0519 5.86
    endloop
  endfacet
  facet normal -0.321511 0.946906 0
    outer loop
      vertex 38.2935 -67.3547 5.86
      vertex 39.1853 -67.0519 5.45
      vertex 38.2935 -67.3547 5.45
    endloop
  endfacet
  facet normal -0.980792 -0.195054 0
    outer loop
      vertex 43.5684 -59.4602 3.2
      vertex 43.3847 -58.5365 4.25
      vertex 43.3847 -58.5365 3.2
    endloop
  endfacet
  facet normal -0.980792 -0.195054 0
    outer loop
      vertex 43.3847 -58.5365 4.25
      vertex 43.5684 -59.4602 3.2
      vertex 43.5684 -59.4602 4.25
    endloop
  endfacet
  facet normal -0.980792 -0.195054 0
    outer loop
      vertex 43.5684 -59.4602 5.45
      vertex 43.3847 -58.5365 5.86
      vertex 43.3847 -58.5365 5.45
    endloop
  endfacet
  facet normal -0.980792 -0.195054 0
    outer loop
      vertex 43.3847 -58.5365 5.86
      vertex 43.5684 -59.4602 5.45
      vertex 43.5684 -59.4602 5.86
    endloop
  endfacet
  facet normal -0.442237 0.896898 0
    outer loop
      vertex 40.03 -66.6354 3.2
      vertex 39.1853 -67.0519 4.25
      vertex 40.03 -66.6354 4.25
    endloop
  endfacet
  facet normal -0.442237 0.896898 0
    outer loop
      vertex 39.1853 -67.0519 4.25
      vertex 40.03 -66.6354 3.2
      vertex 39.1853 -67.0519 3.2
    endloop
  endfacet
  facet normal -0.442237 0.896898 0
    outer loop
      vertex 40.03 -66.6354 5.45
      vertex 39.1853 -67.0519 5.86
      vertex 40.03 -66.6354 5.86
    endloop
  endfacet
  facet normal -0.442237 0.896898 0
    outer loop
      vertex 39.1853 -67.0519 5.86
      vertex 40.03 -66.6354 5.45
      vertex 39.1853 -67.0519 5.45
    endloop
  endfacet
  facet normal -0.831445 0.555606 0
    outer loop
      vertex 42.1421 -64.7831 3.2
      vertex 42.6654 -64 4.25
      vertex 42.6654 -64 3.2
    endloop
  endfacet
  facet normal -0.831445 0.555606 0
    outer loop
      vertex 42.6654 -64 4.25
      vertex 42.1421 -64.7831 3.2
      vertex 42.1421 -64.7831 4.25
    endloop
  endfacet
  facet normal -0.831445 0.555606 0
    outer loop
      vertex 42.1421 -64.7831 5.45
      vertex 42.6654 -64 5.86
      vertex 42.6654 -64 5.45
    endloop
  endfacet
  facet normal -0.831445 0.555606 0
    outer loop
      vertex 42.6654 -64 5.86
      vertex 42.1421 -64.7831 5.45
      vertex 42.1421 -64.7831 5.86
    endloop
  endfacet
  facet normal -0.896898 0.442237 0
    outer loop
      vertex 42.6654 -64 3.2
      vertex 43.0819 -63.1553 4.25
      vertex 43.0819 -63.1553 3.2
    endloop
  endfacet
  facet normal -0.896898 0.442237 0
    outer loop
      vertex 43.0819 -63.1553 4.25
      vertex 42.6654 -64 3.2
      vertex 42.6654 -64 4.25
    endloop
  endfacet
  facet normal -0.896898 0.442237 0
    outer loop
      vertex 42.6654 -64 5.45
      vertex 43.0819 -63.1553 5.86
      vertex 43.0819 -63.1553 5.45
    endloop
  endfacet
  facet normal -0.896898 0.442237 0
    outer loop
      vertex 43.0819 -63.1553 5.86
      vertex 42.6654 -64 5.45
      vertex 42.6654 -64 5.86
    endloop
  endfacet
  facet normal 0.195054 0.980792 -0
    outer loop
      vertex 35.4902 -67.5384 3.2
      vertex 34.5665 -67.3547 4.25
      vertex 35.4902 -67.5384 4.25
    endloop
  endfacet
  facet normal 0.195054 0.980792 0
    outer loop
      vertex 34.5665 -67.3547 4.25
      vertex 35.4902 -67.5384 3.2
      vertex 34.5665 -67.3547 3.2
    endloop
  endfacet
  facet normal 0.195054 0.980792 -0
    outer loop
      vertex 35.4902 -67.5384 5.45
      vertex 34.5665 -67.3547 5.86
      vertex 35.4902 -67.5384 5.86
    endloop
  endfacet
  facet normal 0.195054 0.980792 0
    outer loop
      vertex 34.5665 -67.3547 5.86
      vertex 35.4902 -67.5384 5.45
      vertex 34.5665 -67.3547 5.45
    endloop
  endfacet
  facet normal 0.980792 0.195054 0
    outer loop
      vertex 29.4753 -62.2635 4.25
      vertex 29.2916 -61.3398 3.2
      vertex 29.2916 -61.3398 4.25
    endloop
  endfacet
  facet normal 0.980792 0.195054 0
    outer loop
      vertex 29.2916 -61.3398 3.2
      vertex 29.4753 -62.2635 4.25
      vertex 29.4753 -62.2635 3.2
    endloop
  endfacet
  facet normal 0.980792 0.195054 0
    outer loop
      vertex 29.4753 -62.2635 5.86
      vertex 29.2916 -61.3398 5.45
      vertex 29.2916 -61.3398 5.86
    endloop
  endfacet
  facet normal 0.980792 0.195054 0
    outer loop
      vertex 29.2916 -61.3398 5.45
      vertex 29.4753 -62.2635 5.86
      vertex 29.4753 -62.2635 5.45
    endloop
  endfacet
  facet normal 0.831445 -0.555606 0
    outer loop
      vertex 30.1946 -56.8 4.25
      vertex 30.7179 -56.0169 3.2
      vertex 30.7179 -56.0169 4.25
    endloop
  endfacet
  facet normal 0.831445 -0.555606 0
    outer loop
      vertex 30.7179 -56.0169 3.2
      vertex 30.1946 -56.8 4.25
      vertex 30.1946 -56.8 3.2
    endloop
  endfacet
  facet normal 0.831445 -0.555606 0
    outer loop
      vertex 30.1946 -56.8 5.86
      vertex 30.7179 -56.0169 5.45
      vertex 30.7179 -56.0169 5.86
    endloop
  endfacet
  facet normal 0.831445 -0.555606 0
    outer loop
      vertex 30.7179 -56.0169 5.45
      vertex 30.1946 -56.8 5.86
      vertex 30.1946 -56.8 5.45
    endloop
  endfacet
  facet normal 0.0654055 0.997859 -0
    outer loop
      vertex 36.43 -67.6 3.2
      vertex 35.4902 -67.5384 4.25
      vertex 36.43 -67.6 4.25
    endloop
  endfacet
  facet normal 0.0654055 0.997859 0
    outer loop
      vertex 35.4902 -67.5384 4.25
      vertex 36.43 -67.6 3.2
      vertex 35.4902 -67.5384 3.2
    endloop
  endfacet
  facet normal 0.0654055 0.997859 -0
    outer loop
      vertex 36.43 -67.6 5.45
      vertex 35.4902 -67.5384 5.86
      vertex 36.43 -67.6 5.86
    endloop
  endfacet
  facet normal 0.0654055 0.997859 0
    outer loop
      vertex 35.4902 -67.5384 5.86
      vertex 36.43 -67.6 5.45
      vertex 35.4902 -67.5384 5.45
    endloop
  endfacet
  facet normal 0.896898 -0.442237 0
    outer loop
      vertex 29.7781 -57.6447 4.25
      vertex 30.1946 -56.8 3.2
      vertex 30.1946 -56.8 4.25
    endloop
  endfacet
  facet normal 0.896898 -0.442237 0
    outer loop
      vertex 30.1946 -56.8 3.2
      vertex 29.7781 -57.6447 4.25
      vertex 29.7781 -57.6447 3.2
    endloop
  endfacet
  facet normal 0.896898 -0.442237 0
    outer loop
      vertex 29.7781 -57.6447 5.86
      vertex 30.1946 -56.8 5.45
      vertex 30.1946 -56.8 5.86
    endloop
  endfacet
  facet normal 0.896898 -0.442237 0
    outer loop
      vertex 30.1946 -56.8 5.45
      vertex 29.7781 -57.6447 5.86
      vertex 29.7781 -57.6447 5.45
    endloop
  endfacet
  facet normal -0.946906 -0.321511 0
    outer loop
      vertex 43.3847 -58.5365 3.2
      vertex 43.0819 -57.6447 4.25
      vertex 43.0819 -57.6447 3.2
    endloop
  endfacet
  facet normal -0.946906 -0.321511 0
    outer loop
      vertex 43.0819 -57.6447 4.25
      vertex 43.3847 -58.5365 3.2
      vertex 43.3847 -58.5365 4.25
    endloop
  endfacet
  facet normal -0.946906 -0.321511 0
    outer loop
      vertex 43.3847 -58.5365 5.45
      vertex 43.0819 -57.6447 5.86
      vertex 43.0819 -57.6447 5.45
    endloop
  endfacet
  facet normal -0.946906 -0.321511 0
    outer loop
      vertex 43.0819 -57.6447 5.86
      vertex 43.3847 -58.5365 5.45
      vertex 43.3847 -58.5365 5.86
    endloop
  endfacet
  facet normal 0.659294 0.751886 -0
    outer loop
      vertex 32.0469 -66.1121 3.2
      vertex 31.3388 -65.4912 4.25
      vertex 32.0469 -66.1121 4.25
    endloop
  endfacet
  facet normal 0.659294 0.751886 0
    outer loop
      vertex 31.3388 -65.4912 4.25
      vertex 32.0469 -66.1121 3.2
      vertex 31.3388 -65.4912 3.2
    endloop
  endfacet
  facet normal 0.659294 0.751886 -0
    outer loop
      vertex 32.0469 -66.1121 5.45
      vertex 31.3388 -65.4912 5.86
      vertex 32.0469 -66.1121 5.86
    endloop
  endfacet
  facet normal 0.659294 0.751886 0
    outer loop
      vertex 31.3388 -65.4912 5.86
      vertex 32.0469 -66.1121 5.45
      vertex 31.3388 -65.4912 5.45
    endloop
  endfacet
  facet normal -0.997859 -0.0654055 0
    outer loop
      vertex 43.63 -60.4 3.2
      vertex 43.5684 -59.4602 4.25
      vertex 43.5684 -59.4602 3.2
    endloop
  endfacet
  facet normal -0.997859 -0.0654055 0
    outer loop
      vertex 43.5684 -59.4602 4.25
      vertex 43.63 -60.4 3.2
      vertex 43.63 -60.4 4.25
    endloop
  endfacet
  facet normal -0.997859 -0.0654055 0
    outer loop
      vertex 43.63 -60.4 5.45
      vertex 43.5684 -59.4602 5.86
      vertex 43.5684 -59.4602 5.45
    endloop
  endfacet
  facet normal -0.997859 -0.0654055 0
    outer loop
      vertex 43.5684 -59.4602 5.86
      vertex 43.63 -60.4 5.45
      vertex 43.63 -60.4 5.86
    endloop
  endfacet
  facet normal -0.321511 -0.946906 0
    outer loop
      vertex 38.2935 -53.4453 3.2
      vertex 39.1853 -53.7481 4.25
      vertex 38.2935 -53.4453 4.25
    endloop
  endfacet
  facet normal -0.321511 -0.946906 -0
    outer loop
      vertex 39.1853 -53.7481 4.25
      vertex 38.2935 -53.4453 3.2
      vertex 39.1853 -53.7481 3.2
    endloop
  endfacet
  facet normal -0.321511 -0.946906 0
    outer loop
      vertex 38.2935 -53.4453 5.45
      vertex 39.1853 -53.7481 5.86
      vertex 38.2935 -53.4453 5.86
    endloop
  endfacet
  facet normal -0.321511 -0.946906 -0
    outer loop
      vertex 39.1853 -53.7481 5.86
      vertex 38.2935 -53.4453 5.45
      vertex 39.1853 -53.7481 5.45
    endloop
  endfacet
  facet normal 0.321511 0.946906 -0
    outer loop
      vertex 34.5665 -67.3547 3.2
      vertex 33.6747 -67.0519 4.25
      vertex 34.5665 -67.3547 4.25
    endloop
  endfacet
  facet normal 0.321511 0.946906 0
    outer loop
      vertex 33.6747 -67.0519 4.25
      vertex 34.5665 -67.3547 3.2
      vertex 33.6747 -67.0519 3.2
    endloop
  endfacet
  facet normal 0.321511 0.946906 -0
    outer loop
      vertex 34.5665 -67.3547 5.45
      vertex 33.6747 -67.0519 5.86
      vertex 34.5665 -67.3547 5.86
    endloop
  endfacet
  facet normal 0.321511 0.946906 0
    outer loop
      vertex 33.6747 -67.0519 5.86
      vertex 34.5665 -67.3547 5.45
      vertex 33.6747 -67.0519 5.45
    endloop
  endfacet
  facet normal -0.0654055 -0.997859 0
    outer loop
      vertex 36.43 -53.2 3.2
      vertex 37.3698 -53.2616 4.25
      vertex 36.43 -53.2 4.25
    endloop
  endfacet
  facet normal -0.0654055 -0.997859 -0
    outer loop
      vertex 37.3698 -53.2616 4.25
      vertex 36.43 -53.2 3.2
      vertex 37.3698 -53.2616 3.2
    endloop
  endfacet
  facet normal -0.0654055 -0.997859 0
    outer loop
      vertex 36.43 -53.2 5.45
      vertex 37.3698 -53.2616 5.86
      vertex 36.43 -53.2 5.86
    endloop
  endfacet
  facet normal -0.0654055 -0.997859 -0
    outer loop
      vertex 37.3698 -53.2616 5.86
      vertex 36.43 -53.2 5.45
      vertex 37.3698 -53.2616 5.45
    endloop
  endfacet
  facet normal -0.751886 0.659294 0
    outer loop
      vertex 41.5212 -65.4912 3.2
      vertex 42.1421 -64.7831 4.25
      vertex 42.1421 -64.7831 3.2
    endloop
  endfacet
  facet normal -0.751886 0.659294 0
    outer loop
      vertex 42.1421 -64.7831 4.25
      vertex 41.5212 -65.4912 3.2
      vertex 41.5212 -65.4912 4.25
    endloop
  endfacet
  facet normal -0.751886 0.659294 0
    outer loop
      vertex 41.5212 -65.4912 5.45
      vertex 42.1421 -64.7831 5.86
      vertex 42.1421 -64.7831 5.45
    endloop
  endfacet
  facet normal -0.751886 0.659294 0
    outer loop
      vertex 42.1421 -64.7831 5.86
      vertex 41.5212 -65.4912 5.45
      vertex 41.5212 -65.4912 5.86
    endloop
  endfacet
  facet normal 0.980792 -0.195054 0
    outer loop
      vertex 29.2916 -59.4602 4.25
      vertex 29.4753 -58.5365 3.2
      vertex 29.4753 -58.5365 4.25
    endloop
  endfacet
  facet normal 0.980792 -0.195054 0
    outer loop
      vertex 29.4753 -58.5365 3.2
      vertex 29.2916 -59.4602 4.25
      vertex 29.2916 -59.4602 3.2
    endloop
  endfacet
  facet normal 0.980792 -0.195054 0
    outer loop
      vertex 29.2916 -59.4602 5.86
      vertex 29.4753 -58.5365 5.45
      vertex 29.4753 -58.5365 5.86
    endloop
  endfacet
  facet normal 0.980792 -0.195054 0
    outer loop
      vertex 29.4753 -58.5365 5.45
      vertex 29.2916 -59.4602 5.86
      vertex 29.2916 -59.4602 5.45
    endloop
  endfacet
  facet normal 0.0654055 -0.997859 0
    outer loop
      vertex 35.4902 -53.2616 3.2
      vertex 36.43 -53.2 4.25
      vertex 35.4902 -53.2616 4.25
    endloop
  endfacet
  facet normal 0.0654055 -0.997859 0
    outer loop
      vertex 36.43 -53.2 4.25
      vertex 35.4902 -53.2616 3.2
      vertex 36.43 -53.2 3.2
    endloop
  endfacet
  facet normal 0.0654055 -0.997859 0
    outer loop
      vertex 35.4902 -53.2616 5.45
      vertex 36.43 -53.2 5.86
      vertex 35.4902 -53.2616 5.86
    endloop
  endfacet
  facet normal 0.0654055 -0.997859 0
    outer loop
      vertex 36.43 -53.2 5.86
      vertex 35.4902 -53.2616 5.45
      vertex 36.43 -53.2 5.45
    endloop
  endfacet
  facet normal 0.946906 -0.321511 0
    outer loop
      vertex 29.4753 -58.5365 4.25
      vertex 29.7781 -57.6447 3.2
      vertex 29.7781 -57.6447 4.25
    endloop
  endfacet
  facet normal 0.946906 -0.321511 0
    outer loop
      vertex 29.7781 -57.6447 3.2
      vertex 29.4753 -58.5365 4.25
      vertex 29.4753 -58.5365 3.2
    endloop
  endfacet
  facet normal 0.946906 -0.321511 0
    outer loop
      vertex 29.4753 -58.5365 5.86
      vertex 29.7781 -57.6447 5.45
      vertex 29.7781 -57.6447 5.86
    endloop
  endfacet
  facet normal 0.946906 -0.321511 0
    outer loop
      vertex 29.7781 -57.6447 5.45
      vertex 29.4753 -58.5365 5.86
      vertex 29.4753 -58.5365 5.45
    endloop
  endfacet
  facet normal -0.442237 -0.896898 0
    outer loop
      vertex 39.1853 -53.7481 3.2
      vertex 40.03 -54.1646 4.25
      vertex 39.1853 -53.7481 4.25
    endloop
  endfacet
  facet normal -0.442237 -0.896898 -0
    outer loop
      vertex 40.03 -54.1646 4.25
      vertex 39.1853 -53.7481 3.2
      vertex 40.03 -54.1646 3.2
    endloop
  endfacet
  facet normal -0.442237 -0.896898 0
    outer loop
      vertex 39.1853 -53.7481 5.45
      vertex 40.03 -54.1646 5.86
      vertex 39.1853 -53.7481 5.86
    endloop
  endfacet
  facet normal -0.442237 -0.896898 -0
    outer loop
      vertex 40.03 -54.1646 5.86
      vertex 39.1853 -53.7481 5.45
      vertex 40.03 -54.1646 5.45
    endloop
  endfacet
  facet normal -0.555606 -0.831445 0
    outer loop
      vertex 40.03 -54.1646 3.2
      vertex 40.8131 -54.6879 4.25
      vertex 40.03 -54.1646 4.25
    endloop
  endfacet
  facet normal -0.555606 -0.831445 -0
    outer loop
      vertex 40.8131 -54.6879 4.25
      vertex 40.03 -54.1646 3.2
      vertex 40.8131 -54.6879 3.2
    endloop
  endfacet
  facet normal -0.555606 -0.831445 0
    outer loop
      vertex 40.03 -54.1646 5.45
      vertex 40.8131 -54.6879 5.86
      vertex 40.03 -54.1646 5.86
    endloop
  endfacet
  facet normal -0.555606 -0.831445 -0
    outer loop
      vertex 40.8131 -54.6879 5.86
      vertex 40.03 -54.1646 5.45
      vertex 40.8131 -54.6879 5.45
    endloop
  endfacet
  facet normal -0.659294 -0.751886 0
    outer loop
      vertex 40.8131 -54.6879 3.2
      vertex 41.5212 -55.3088 4.25
      vertex 40.8131 -54.6879 4.25
    endloop
  endfacet
  facet normal -0.659294 -0.751886 -0
    outer loop
      vertex 41.5212 -55.3088 4.25
      vertex 40.8131 -54.6879 3.2
      vertex 41.5212 -55.3088 3.2
    endloop
  endfacet
  facet normal -0.659294 -0.751886 0
    outer loop
      vertex 40.8131 -54.6879 5.45
      vertex 41.5212 -55.3088 5.86
      vertex 40.8131 -54.6879 5.86
    endloop
  endfacet
  facet normal -0.659294 -0.751886 -0
    outer loop
      vertex 41.5212 -55.3088 5.86
      vertex 40.8131 -54.6879 5.45
      vertex 41.5212 -55.3088 5.45
    endloop
  endfacet
  facet normal 0.946906 0.321511 0
    outer loop
      vertex 29.7781 -63.1553 4.25
      vertex 29.4753 -62.2635 3.2
      vertex 29.4753 -62.2635 4.25
    endloop
  endfacet
  facet normal 0.946906 0.321511 0
    outer loop
      vertex 29.4753 -62.2635 3.2
      vertex 29.7781 -63.1553 4.25
      vertex 29.7781 -63.1553 3.2
    endloop
  endfacet
  facet normal 0.946906 0.321511 0
    outer loop
      vertex 29.7781 -63.1553 5.86
      vertex 29.4753 -62.2635 5.45
      vertex 29.4753 -62.2635 5.86
    endloop
  endfacet
  facet normal 0.946906 0.321511 0
    outer loop
      vertex 29.4753 -62.2635 5.45
      vertex 29.7781 -63.1553 5.86
      vertex 29.7781 -63.1553 5.45
    endloop
  endfacet
  facet normal 0.751886 0.659294 0
    outer loop
      vertex 31.3388 -65.4912 4.25
      vertex 30.7179 -64.7831 3.2
      vertex 30.7179 -64.7831 4.25
    endloop
  endfacet
  facet normal 0.751886 0.659294 0
    outer loop
      vertex 30.7179 -64.7831 3.2
      vertex 31.3388 -65.4912 4.25
      vertex 31.3388 -65.4912 3.2
    endloop
  endfacet
  facet normal 0.751886 0.659294 0
    outer loop
      vertex 31.3388 -65.4912 5.86
      vertex 30.7179 -64.7831 5.45
      vertex 30.7179 -64.7831 5.86
    endloop
  endfacet
  facet normal 0.751886 0.659294 0
    outer loop
      vertex 30.7179 -64.7831 5.45
      vertex 31.3388 -65.4912 5.86
      vertex 31.3388 -65.4912 5.45
    endloop
  endfacet
  facet normal -0.195054 -0.980792 0
    outer loop
      vertex 37.3698 -53.2616 3.2
      vertex 38.2935 -53.4453 4.25
      vertex 37.3698 -53.2616 4.25
    endloop
  endfacet
  facet normal -0.195054 -0.980792 -0
    outer loop
      vertex 38.2935 -53.4453 4.25
      vertex 37.3698 -53.2616 3.2
      vertex 38.2935 -53.4453 3.2
    endloop
  endfacet
  facet normal -0.195054 -0.980792 0
    outer loop
      vertex 37.3698 -53.2616 5.45
      vertex 38.2935 -53.4453 5.86
      vertex 37.3698 -53.2616 5.86
    endloop
  endfacet
  facet normal -0.195054 -0.980792 -0
    outer loop
      vertex 38.2935 -53.4453 5.86
      vertex 37.3698 -53.2616 5.45
      vertex 38.2935 -53.4453 5.45
    endloop
  endfacet
  facet normal 0.997859 -0.0654055 0
    outer loop
      vertex 29.23 -60.4 4.25
      vertex 29.2916 -59.4602 3.2
      vertex 29.2916 -59.4602 4.25
    endloop
  endfacet
  facet normal 0.997859 -0.0654055 0
    outer loop
      vertex 29.2916 -59.4602 3.2
      vertex 29.23 -60.4 4.25
      vertex 29.23 -60.4 3.2
    endloop
  endfacet
  facet normal 0.997859 -0.0654055 0
    outer loop
      vertex 29.23 -60.4 5.86
      vertex 29.2916 -59.4602 5.45
      vertex 29.2916 -59.4602 5.86
    endloop
  endfacet
  facet normal 0.997859 -0.0654055 0
    outer loop
      vertex 29.2916 -59.4602 5.45
      vertex 29.23 -60.4 5.86
      vertex 29.23 -60.4 5.45
    endloop
  endfacet
  facet normal 0.751886 -0.659294 0
    outer loop
      vertex 30.7179 -56.0169 4.25
      vertex 31.3388 -55.3088 3.2
      vertex 31.3388 -55.3088 4.25
    endloop
  endfacet
  facet normal 0.751886 -0.659294 0
    outer loop
      vertex 31.3388 -55.3088 3.2
      vertex 30.7179 -56.0169 4.25
      vertex 30.7179 -56.0169 3.2
    endloop
  endfacet
  facet normal 0.751886 -0.659294 0
    outer loop
      vertex 30.7179 -56.0169 5.86
      vertex 31.3388 -55.3088 5.45
      vertex 31.3388 -55.3088 5.86
    endloop
  endfacet
  facet normal 0.751886 -0.659294 0
    outer loop
      vertex 31.3388 -55.3088 5.45
      vertex 30.7179 -56.0169 5.86
      vertex 30.7179 -56.0169 5.45
    endloop
  endfacet
  facet normal 0.555606 0.831445 -0
    outer loop
      vertex 32.83 -66.6354 3.2
      vertex 32.0469 -66.1121 4.25
      vertex 32.83 -66.6354 4.25
    endloop
  endfacet
  facet normal 0.555606 0.831445 0
    outer loop
      vertex 32.0469 -66.1121 4.25
      vertex 32.83 -66.6354 3.2
      vertex 32.0469 -66.1121 3.2
    endloop
  endfacet
  facet normal 0.555606 0.831445 -0
    outer loop
      vertex 32.83 -66.6354 5.45
      vertex 32.0469 -66.1121 5.86
      vertex 32.83 -66.6354 5.86
    endloop
  endfacet
  facet normal 0.555606 0.831445 0
    outer loop
      vertex 32.0469 -66.1121 5.86
      vertex 32.83 -66.6354 5.45
      vertex 32.0469 -66.1121 5.45
    endloop
  endfacet
  facet normal 0.997859 0.0654055 0
    outer loop
      vertex 29.2916 -61.3398 4.25
      vertex 29.23 -60.4 3.2
      vertex 29.23 -60.4 4.25
    endloop
  endfacet
  facet normal 0.997859 0.0654055 0
    outer loop
      vertex 29.23 -60.4 3.2
      vertex 29.2916 -61.3398 4.25
      vertex 29.2916 -61.3398 3.2
    endloop
  endfacet
  facet normal 0.997859 0.0654055 0
    outer loop
      vertex 29.2916 -61.3398 5.86
      vertex 29.23 -60.4 5.45
      vertex 29.23 -60.4 5.86
    endloop
  endfacet
  facet normal 0.997859 0.0654055 0
    outer loop
      vertex 29.23 -60.4 5.45
      vertex 29.2916 -61.3398 5.86
      vertex 29.2916 -61.3398 5.45
    endloop
  endfacet
  facet normal -0.831445 -0.555606 0
    outer loop
      vertex 42.6654 -56.8 3.2
      vertex 42.1421 -56.0169 4.25
      vertex 42.1421 -56.0169 3.2
    endloop
  endfacet
  facet normal -0.831445 -0.555606 0
    outer loop
      vertex 42.1421 -56.0169 4.25
      vertex 42.6654 -56.8 3.2
      vertex 42.6654 -56.8 4.25
    endloop
  endfacet
  facet normal -0.831445 -0.555606 0
    outer loop
      vertex 42.6654 -56.8 5.45
      vertex 42.1421 -56.0169 5.86
      vertex 42.1421 -56.0169 5.45
    endloop
  endfacet
  facet normal -0.831445 -0.555606 0
    outer loop
      vertex 42.1421 -56.0169 5.86
      vertex 42.6654 -56.8 5.45
      vertex 42.6654 -56.8 5.86
    endloop
  endfacet
  facet normal 0.195054 -0.980792 0
    outer loop
      vertex 34.5665 -53.4453 3.2
      vertex 35.4902 -53.2616 4.25
      vertex 34.5665 -53.4453 4.25
    endloop
  endfacet
  facet normal 0.195054 -0.980792 0
    outer loop
      vertex 35.4902 -53.2616 4.25
      vertex 34.5665 -53.4453 3.2
      vertex 35.4902 -53.2616 3.2
    endloop
  endfacet
  facet normal 0.195054 -0.980792 0
    outer loop
      vertex 34.5665 -53.4453 5.45
      vertex 35.4902 -53.2616 5.86
      vertex 34.5665 -53.4453 5.86
    endloop
  endfacet
  facet normal 0.195054 -0.980792 0
    outer loop
      vertex 35.4902 -53.2616 5.86
      vertex 34.5665 -53.4453 5.45
      vertex 35.4902 -53.2616 5.45
    endloop
  endfacet
  facet normal -0.0654055 0.997859 0
    outer loop
      vertex 37.3698 -67.5384 3.2
      vertex 36.43 -67.6 4.25
      vertex 37.3698 -67.5384 4.25
    endloop
  endfacet
  facet normal -0.0654055 0.997859 0
    outer loop
      vertex 36.43 -67.6 4.25
      vertex 37.3698 -67.5384 3.2
      vertex 36.43 -67.6 3.2
    endloop
  endfacet
  facet normal -0.0654055 0.997859 0
    outer loop
      vertex 37.3698 -67.5384 5.45
      vertex 36.43 -67.6 5.86
      vertex 37.3698 -67.5384 5.86
    endloop
  endfacet
  facet normal -0.0654055 0.997859 0
    outer loop
      vertex 36.43 -67.6 5.86
      vertex 37.3698 -67.5384 5.45
      vertex 36.43 -67.6 5.45
    endloop
  endfacet
  facet normal -0.555606 0.831445 0
    outer loop
      vertex 40.8131 -66.1121 3.2
      vertex 40.03 -66.6354 4.25
      vertex 40.8131 -66.1121 4.25
    endloop
  endfacet
  facet normal -0.555606 0.831445 0
    outer loop
      vertex 40.03 -66.6354 4.25
      vertex 40.8131 -66.1121 3.2
      vertex 40.03 -66.6354 3.2
    endloop
  endfacet
  facet normal -0.555606 0.831445 0
    outer loop
      vertex 40.8131 -66.1121 5.45
      vertex 40.03 -66.6354 5.86
      vertex 40.8131 -66.1121 5.86
    endloop
  endfacet
  facet normal -0.555606 0.831445 0
    outer loop
      vertex 40.03 -66.6354 5.86
      vertex 40.8131 -66.1121 5.45
      vertex 40.03 -66.6354 5.45
    endloop
  endfacet
  facet normal -0.751886 -0.659294 0
    outer loop
      vertex 42.1421 -56.0169 3.2
      vertex 41.5212 -55.3088 4.25
      vertex 41.5212 -55.3088 3.2
    endloop
  endfacet
  facet normal -0.751886 -0.659294 0
    outer loop
      vertex 41.5212 -55.3088 4.25
      vertex 42.1421 -56.0169 3.2
      vertex 42.1421 -56.0169 4.25
    endloop
  endfacet
  facet normal -0.751886 -0.659294 0
    outer loop
      vertex 42.1421 -56.0169 5.45
      vertex 41.5212 -55.3088 5.86
      vertex 41.5212 -55.3088 5.45
    endloop
  endfacet
  facet normal -0.751886 -0.659294 0
    outer loop
      vertex 41.5212 -55.3088 5.86
      vertex 42.1421 -56.0169 5.45
      vertex 42.1421 -56.0169 5.86
    endloop
  endfacet
  facet normal -0.659294 0.751886 0
    outer loop
      vertex 41.5212 -65.4912 3.2
      vertex 40.8131 -66.1121 4.25
      vertex 41.5212 -65.4912 4.25
    endloop
  endfacet
  facet normal -0.659294 0.751886 0
    outer loop
      vertex 40.8131 -66.1121 4.25
      vertex 41.5212 -65.4912 3.2
      vertex 40.8131 -66.1121 3.2
    endloop
  endfacet
  facet normal -0.659294 0.751886 0
    outer loop
      vertex 41.5212 -65.4912 5.45
      vertex 40.8131 -66.1121 5.86
      vertex 41.5212 -65.4912 5.86
    endloop
  endfacet
  facet normal -0.659294 0.751886 0
    outer loop
      vertex 40.8131 -66.1121 5.86
      vertex 41.5212 -65.4912 5.45
      vertex 40.8131 -66.1121 5.45
    endloop
  endfacet
  facet normal 0.321511 -0.946906 0
    outer loop
      vertex 33.6747 -53.7481 3.2
      vertex 34.5665 -53.4453 4.25
      vertex 33.6747 -53.7481 4.25
    endloop
  endfacet
  facet normal 0.321511 -0.946906 0
    outer loop
      vertex 34.5665 -53.4453 4.25
      vertex 33.6747 -53.7481 3.2
      vertex 34.5665 -53.4453 3.2
    endloop
  endfacet
  facet normal 0.321511 -0.946906 0
    outer loop
      vertex 33.6747 -53.7481 5.45
      vertex 34.5665 -53.4453 5.86
      vertex 33.6747 -53.7481 5.86
    endloop
  endfacet
  facet normal 0.321511 -0.946906 0
    outer loop
      vertex 34.5665 -53.4453 5.86
      vertex 33.6747 -53.7481 5.45
      vertex 34.5665 -53.4453 5.45
    endloop
  endfacet
  facet normal 0.659294 -0.751886 0
    outer loop
      vertex 31.3388 -55.3088 3.2
      vertex 32.0469 -54.6879 4.25
      vertex 31.3388 -55.3088 4.25
    endloop
  endfacet
  facet normal 0.659294 -0.751886 0
    outer loop
      vertex 32.0469 -54.6879 4.25
      vertex 31.3388 -55.3088 3.2
      vertex 32.0469 -54.6879 3.2
    endloop
  endfacet
  facet normal 0.659294 -0.751886 0
    outer loop
      vertex 31.3388 -55.3088 5.45
      vertex 32.0469 -54.6879 5.86
      vertex 31.3388 -55.3088 5.86
    endloop
  endfacet
  facet normal 0.659294 -0.751886 0
    outer loop
      vertex 32.0469 -54.6879 5.86
      vertex 31.3388 -55.3088 5.45
      vertex 32.0469 -54.6879 5.45
    endloop
  endfacet
  facet normal 0.442237 0.896898 -0
    outer loop
      vertex 33.6747 -67.0519 3.2
      vertex 32.83 -66.6354 4.25
      vertex 33.6747 -67.0519 4.25
    endloop
  endfacet
  facet normal 0.442237 0.896898 0
    outer loop
      vertex 32.83 -66.6354 4.25
      vertex 33.6747 -67.0519 3.2
      vertex 32.83 -66.6354 3.2
    endloop
  endfacet
  facet normal 0.442237 0.896898 -0
    outer loop
      vertex 33.6747 -67.0519 5.45
      vertex 32.83 -66.6354 5.86
      vertex 33.6747 -67.0519 5.86
    endloop
  endfacet
  facet normal 0.442237 0.896898 0
    outer loop
      vertex 32.83 -66.6354 5.86
      vertex 33.6747 -67.0519 5.45
      vertex 32.83 -66.6354 5.45
    endloop
  endfacet
  facet normal -0.896898 -0.442237 0
    outer loop
      vertex 43.0819 -57.6447 3.2
      vertex 42.6654 -56.8 4.25
      vertex 42.6654 -56.8 3.2
    endloop
  endfacet
  facet normal -0.896898 -0.442237 0
    outer loop
      vertex 42.6654 -56.8 4.25
      vertex 43.0819 -57.6447 3.2
      vertex 43.0819 -57.6447 4.25
    endloop
  endfacet
  facet normal -0.896898 -0.442237 0
    outer loop
      vertex 43.0819 -57.6447 5.45
      vertex 42.6654 -56.8 5.86
      vertex 42.6654 -56.8 5.45
    endloop
  endfacet
  facet normal -0.896898 -0.442237 0
    outer loop
      vertex 42.6654 -56.8 5.86
      vertex 43.0819 -57.6447 5.45
      vertex 43.0819 -57.6447 5.86
    endloop
  endfacet
  facet normal 0.896898 0.442237 0
    outer loop
      vertex 30.1946 -64 4.25
      vertex 29.7781 -63.1553 3.2
      vertex 29.7781 -63.1553 4.25
    endloop
  endfacet
  facet normal 0.896898 0.442237 0
    outer loop
      vertex 29.7781 -63.1553 3.2
      vertex 30.1946 -64 4.25
      vertex 30.1946 -64 3.2
    endloop
  endfacet
  facet normal 0.896898 0.442237 0
    outer loop
      vertex 30.1946 -64 5.86
      vertex 29.7781 -63.1553 5.45
      vertex 29.7781 -63.1553 5.86
    endloop
  endfacet
  facet normal 0.896898 0.442237 0
    outer loop
      vertex 29.7781 -63.1553 5.45
      vertex 30.1946 -64 5.86
      vertex 30.1946 -64 5.45
    endloop
  endfacet
  facet normal 0.831445 0.555606 0
    outer loop
      vertex 30.7179 -64.7831 4.25
      vertex 30.1946 -64 3.2
      vertex 30.1946 -64 4.25
    endloop
  endfacet
  facet normal 0.831445 0.555606 0
    outer loop
      vertex 30.1946 -64 3.2
      vertex 30.7179 -64.7831 4.25
      vertex 30.7179 -64.7831 3.2
    endloop
  endfacet
  facet normal 0.831445 0.555606 0
    outer loop
      vertex 30.7179 -64.7831 5.86
      vertex 30.1946 -64 5.45
      vertex 30.1946 -64 5.86
    endloop
  endfacet
  facet normal 0.831445 0.555606 0
    outer loop
      vertex 30.1946 -64 5.45
      vertex 30.7179 -64.7831 5.86
      vertex 30.7179 -64.7831 5.45
    endloop
  endfacet
  facet normal 0.555606 -0.831445 0
    outer loop
      vertex 32.0469 -54.6879 3.2
      vertex 32.83 -54.1646 4.25
      vertex 32.0469 -54.6879 4.25
    endloop
  endfacet
  facet normal 0.555606 -0.831445 0
    outer loop
      vertex 32.83 -54.1646 4.25
      vertex 32.0469 -54.6879 3.2
      vertex 32.83 -54.1646 3.2
    endloop
  endfacet
  facet normal 0.555606 -0.831445 0
    outer loop
      vertex 32.0469 -54.6879 5.45
      vertex 32.83 -54.1646 5.86
      vertex 32.0469 -54.6879 5.86
    endloop
  endfacet
  facet normal 0.555606 -0.831445 0
    outer loop
      vertex 32.83 -54.1646 5.86
      vertex 32.0469 -54.6879 5.45
      vertex 32.83 -54.1646 5.45
    endloop
  endfacet
  facet normal 0.442237 -0.896898 0
    outer loop
      vertex 32.83 -54.1646 3.2
      vertex 33.6747 -53.7481 4.25
      vertex 32.83 -54.1646 4.25
    endloop
  endfacet
  facet normal 0.442237 -0.896898 0
    outer loop
      vertex 33.6747 -53.7481 4.25
      vertex 32.83 -54.1646 3.2
      vertex 33.6747 -53.7481 3.2
    endloop
  endfacet
  facet normal 0.442237 -0.896898 0
    outer loop
      vertex 32.83 -54.1646 5.45
      vertex 33.6747 -53.7481 5.86
      vertex 32.83 -54.1646 5.86
    endloop
  endfacet
  facet normal 0.442237 -0.896898 0
    outer loop
      vertex 33.6747 -53.7481 5.86
      vertex 32.83 -54.1646 5.45
      vertex 33.6747 -53.7481 5.45
    endloop
  endfacet
  facet normal -0.065446 0.997856 0
    outer loop
      vertex 37.4546 -68.1828 4.25
      vertex 36.43 -68.25 5.45
      vertex 37.4546 -68.1828 5.45
    endloop
  endfacet
  facet normal -0.065446 0.997856 0
    outer loop
      vertex 36.43 -68.25 5.45
      vertex 37.4546 -68.1828 4.25
      vertex 36.43 -68.25 4.25
    endloop
  endfacet
  facet normal -0.98079 0.195067 0
    outer loop
      vertex 44.0125 -62.4317 4.25
      vertex 44.2128 -61.4246 5.45
      vertex 44.2128 -61.4246 4.25
    endloop
  endfacet
  facet normal -0.98079 0.195067 0
    outer loop
      vertex 44.2128 -61.4246 5.45
      vertex 44.0125 -62.4317 4.25
      vertex 44.0125 -62.4317 5.45
    endloop
  endfacet
  facet normal -0.997856 0.065446 0
    outer loop
      vertex 44.2128 -61.4246 4.25
      vertex 44.28 -60.4 5.45
      vertex 44.28 -60.4 4.25
    endloop
  endfacet
  facet normal -0.997856 0.065446 0
    outer loop
      vertex 44.28 -60.4 5.45
      vertex 44.2128 -61.4246 4.25
      vertex 44.2128 -61.4246 5.45
    endloop
  endfacet
  facet normal -0.831466 -0.555576 0
    outer loop
      vertex 43.2283 -56.475 4.25
      vertex 42.6578 -55.6212 5.45
      vertex 42.6578 -55.6212 4.25
    endloop
  endfacet
  facet normal -0.831466 -0.555576 0
    outer loop
      vertex 42.6578 -55.6212 5.45
      vertex 43.2283 -56.475 4.25
      vertex 43.2283 -56.475 5.45
    endloop
  endfacet
  facet normal -0.321365 -0.946955 0
    outer loop
      vertex 38.4617 -52.8175 4.25
      vertex 39.4341 -53.1475 5.45
      vertex 38.4617 -52.8175 5.45
    endloop
  endfacet
  facet normal -0.321365 -0.946955 -0
    outer loop
      vertex 39.4341 -53.1475 5.45
      vertex 38.4617 -52.8175 4.25
      vertex 39.4341 -53.1475 4.25
    endloop
  endfacet
  facet normal -0.555576 0.831466 0
    outer loop
      vertex 41.2088 -66.6278 4.25
      vertex 40.355 -67.1983 5.45
      vertex 41.2088 -66.6278 5.45
    endloop
  endfacet
  facet normal -0.555576 0.831466 0
    outer loop
      vertex 40.355 -67.1983 5.45
      vertex 41.2088 -66.6278 4.25
      vertex 40.355 -67.1983 4.25
    endloop
  endfacet
  facet normal -0.065446 -0.997856 0
    outer loop
      vertex 36.43 -52.55 4.25
      vertex 37.4546 -52.6172 5.45
      vertex 36.43 -52.55 5.45
    endloop
  endfacet
  facet normal -0.065446 -0.997856 -0
    outer loop
      vertex 37.4546 -52.6172 5.45
      vertex 36.43 -52.55 4.25
      vertex 37.4546 -52.6172 4.25
    endloop
  endfacet
  facet normal -0.442338 -0.896849 0
    outer loop
      vertex 39.4341 -53.1475 4.25
      vertex 40.355 -53.6017 5.45
      vertex 39.4341 -53.1475 5.45
    endloop
  endfacet
  facet normal -0.442338 -0.896849 -0
    outer loop
      vertex 40.355 -53.6017 5.45
      vertex 39.4341 -53.1475 4.25
      vertex 40.355 -53.6017 4.25
    endloop
  endfacet
  facet normal -0.831466 0.555576 0
    outer loop
      vertex 42.6578 -65.1788 4.25
      vertex 43.2283 -64.325 5.45
      vertex 43.2283 -64.325 4.25
    endloop
  endfacet
  facet normal -0.831466 0.555576 0
    outer loop
      vertex 43.2283 -64.325 5.45
      vertex 42.6578 -65.1788 4.25
      vertex 42.6578 -65.1788 5.45
    endloop
  endfacet
  facet normal 0.442338 0.896849 -0
    outer loop
      vertex 33.4259 -67.6525 4.25
      vertex 32.505 -67.1983 5.45
      vertex 33.4259 -67.6525 5.45
    endloop
  endfacet
  facet normal 0.442338 0.896849 0
    outer loop
      vertex 32.505 -67.1983 5.45
      vertex 33.4259 -67.6525 4.25
      vertex 32.505 -67.1983 4.25
    endloop
  endfacet
  facet normal -0.195067 -0.98079 0
    outer loop
      vertex 37.4546 -52.6172 4.25
      vertex 38.4617 -52.8175 5.45
      vertex 37.4546 -52.6172 5.45
    endloop
  endfacet
  facet normal -0.195067 -0.98079 -0
    outer loop
      vertex 38.4617 -52.8175 5.45
      vertex 37.4546 -52.6172 4.25
      vertex 38.4617 -52.8175 4.25
    endloop
  endfacet
  facet normal 0.997856 0.065446 0
    outer loop
      vertex 28.6472 -61.4246 5.45
      vertex 28.58 -60.4 4.25
      vertex 28.58 -60.4 5.45
    endloop
  endfacet
  facet normal 0.997856 0.065446 0
    outer loop
      vertex 28.58 -60.4 4.25
      vertex 28.6472 -61.4246 5.45
      vertex 28.6472 -61.4246 4.25
    endloop
  endfacet
  facet normal -0.946955 -0.321365 0
    outer loop
      vertex 44.0125 -58.3683 4.25
      vertex 43.6825 -57.3959 5.45
      vertex 43.6825 -57.3959 4.25
    endloop
  endfacet
  facet normal -0.946955 -0.321365 0
    outer loop
      vertex 43.6825 -57.3959 5.45
      vertex 44.0125 -58.3683 4.25
      vertex 44.0125 -58.3683 5.45
    endloop
  endfacet
  facet normal -0.321365 0.946955 0
    outer loop
      vertex 39.4341 -67.6525 4.25
      vertex 38.4617 -67.9825 5.45
      vertex 39.4341 -67.6525 5.45
    endloop
  endfacet
  facet normal -0.321365 0.946955 0
    outer loop
      vertex 38.4617 -67.9825 5.45
      vertex 39.4341 -67.6525 4.25
      vertex 38.4617 -67.9825 4.25
    endloop
  endfacet
  facet normal 0.946955 -0.321365 0
    outer loop
      vertex 28.8475 -58.3683 5.45
      vertex 29.1775 -57.3959 4.25
      vertex 29.1775 -57.3959 5.45
    endloop
  endfacet
  facet normal 0.946955 -0.321365 0
    outer loop
      vertex 29.1775 -57.3959 4.25
      vertex 28.8475 -58.3683 5.45
      vertex 28.8475 -58.3683 4.25
    endloop
  endfacet
  facet normal 0.555576 -0.831466 0
    outer loop
      vertex 31.6512 -54.1722 4.25
      vertex 32.505 -53.6017 5.45
      vertex 31.6512 -54.1722 5.45
    endloop
  endfacet
  facet normal 0.555576 -0.831466 0
    outer loop
      vertex 32.505 -53.6017 5.45
      vertex 31.6512 -54.1722 4.25
      vertex 32.505 -53.6017 4.25
    endloop
  endfacet
  facet normal 0.555576 0.831466 -0
    outer loop
      vertex 32.505 -67.1983 4.25
      vertex 31.6512 -66.6278 5.45
      vertex 32.505 -67.1983 5.45
    endloop
  endfacet
  facet normal 0.555576 0.831466 0
    outer loop
      vertex 31.6512 -66.6278 5.45
      vertex 32.505 -67.1983 4.25
      vertex 31.6512 -66.6278 4.25
    endloop
  endfacet
  facet normal -0.751852 0.659332 0
    outer loop
      vertex 41.9808 -65.9508 4.25
      vertex 42.6578 -65.1788 5.45
      vertex 42.6578 -65.1788 4.25
    endloop
  endfacet
  facet normal -0.751852 0.659332 0
    outer loop
      vertex 42.6578 -65.1788 5.45
      vertex 41.9808 -65.9508 4.25
      vertex 41.9808 -65.9508 5.45
    endloop
  endfacet
  facet normal -0.195067 0.98079 0
    outer loop
      vertex 38.4617 -67.9825 4.25
      vertex 37.4546 -68.1828 5.45
      vertex 38.4617 -67.9825 5.45
    endloop
  endfacet
  facet normal -0.195067 0.98079 0
    outer loop
      vertex 37.4546 -68.1828 5.45
      vertex 38.4617 -67.9825 4.25
      vertex 37.4546 -68.1828 4.25
    endloop
  endfacet
  facet normal 0.321365 -0.946955 0
    outer loop
      vertex 33.4259 -53.1475 4.25
      vertex 34.3983 -52.8175 5.45
      vertex 33.4259 -53.1475 5.45
    endloop
  endfacet
  facet normal 0.321365 -0.946955 0
    outer loop
      vertex 34.3983 -52.8175 5.45
      vertex 33.4259 -53.1475 4.25
      vertex 34.3983 -52.8175 4.25
    endloop
  endfacet
  facet normal 0.321365 0.946955 -0
    outer loop
      vertex 34.3983 -67.9825 4.25
      vertex 33.4259 -67.6525 5.45
      vertex 34.3983 -67.9825 5.45
    endloop
  endfacet
  facet normal 0.321365 0.946955 0
    outer loop
      vertex 33.4259 -67.6525 5.45
      vertex 34.3983 -67.9825 4.25
      vertex 33.4259 -67.6525 4.25
    endloop
  endfacet
  facet normal 0.751852 -0.659332 0
    outer loop
      vertex 30.2022 -55.6212 5.45
      vertex 30.8792 -54.8492 4.25
      vertex 30.8792 -54.8492 5.45
    endloop
  endfacet
  facet normal 0.751852 -0.659332 0
    outer loop
      vertex 30.8792 -54.8492 4.25
      vertex 30.2022 -55.6212 5.45
      vertex 30.2022 -55.6212 4.25
    endloop
  endfacet
  facet normal 0.896849 -0.442338 0
    outer loop
      vertex 29.1775 -57.3959 5.45
      vertex 29.6317 -56.475 4.25
      vertex 29.6317 -56.475 5.45
    endloop
  endfacet
  facet normal 0.896849 -0.442338 0
    outer loop
      vertex 29.6317 -56.475 4.25
      vertex 29.1775 -57.3959 5.45
      vertex 29.1775 -57.3959 4.25
    endloop
  endfacet
  facet normal 0.659332 -0.751852 0
    outer loop
      vertex 30.8792 -54.8492 4.25
      vertex 31.6512 -54.1722 5.45
      vertex 30.8792 -54.8492 5.45
    endloop
  endfacet
  facet normal 0.659332 -0.751852 0
    outer loop
      vertex 31.6512 -54.1722 5.45
      vertex 30.8792 -54.8492 4.25
      vertex 31.6512 -54.1722 4.25
    endloop
  endfacet
  facet normal -0.896849 0.442338 0
    outer loop
      vertex 43.2283 -64.325 4.25
      vertex 43.6825 -63.4041 5.45
      vertex 43.6825 -63.4041 4.25
    endloop
  endfacet
  facet normal -0.896849 0.442338 0
    outer loop
      vertex 43.6825 -63.4041 5.45
      vertex 43.2283 -64.325 4.25
      vertex 43.2283 -64.325 5.45
    endloop
  endfacet
  facet normal -0.997856 -0.065446 0
    outer loop
      vertex 44.28 -60.4 4.25
      vertex 44.2128 -59.3754 5.45
      vertex 44.2128 -59.3754 4.25
    endloop
  endfacet
  facet normal -0.997856 -0.065446 0
    outer loop
      vertex 44.2128 -59.3754 5.45
      vertex 44.28 -60.4 4.25
      vertex 44.28 -60.4 5.45
    endloop
  endfacet
  facet normal -0.98079 -0.195067 0
    outer loop
      vertex 44.2128 -59.3754 4.25
      vertex 44.0125 -58.3683 5.45
      vertex 44.0125 -58.3683 4.25
    endloop
  endfacet
  facet normal -0.98079 -0.195067 0
    outer loop
      vertex 44.0125 -58.3683 5.45
      vertex 44.2128 -59.3754 4.25
      vertex 44.2128 -59.3754 5.45
    endloop
  endfacet
  facet normal -0.442338 0.896849 0
    outer loop
      vertex 40.355 -67.1983 4.25
      vertex 39.4341 -67.6525 5.45
      vertex 40.355 -67.1983 5.45
    endloop
  endfacet
  facet normal -0.442338 0.896849 0
    outer loop
      vertex 39.4341 -67.6525 5.45
      vertex 40.355 -67.1983 4.25
      vertex 39.4341 -67.6525 4.25
    endloop
  endfacet
  facet normal -0.659332 -0.751852 0
    outer loop
      vertex 41.2088 -54.1722 4.25
      vertex 41.9808 -54.8492 5.45
      vertex 41.2088 -54.1722 5.45
    endloop
  endfacet
  facet normal -0.659332 -0.751852 -0
    outer loop
      vertex 41.9808 -54.8492 5.45
      vertex 41.2088 -54.1722 4.25
      vertex 41.9808 -54.8492 4.25
    endloop
  endfacet
  facet normal -0.555576 -0.831466 0
    outer loop
      vertex 40.355 -53.6017 4.25
      vertex 41.2088 -54.1722 5.45
      vertex 40.355 -53.6017 5.45
    endloop
  endfacet
  facet normal -0.555576 -0.831466 -0
    outer loop
      vertex 41.2088 -54.1722 5.45
      vertex 40.355 -53.6017 4.25
      vertex 41.2088 -54.1722 4.25
    endloop
  endfacet
  facet normal -0.896849 -0.442338 0
    outer loop
      vertex 43.6825 -57.3959 4.25
      vertex 43.2283 -56.475 5.45
      vertex 43.2283 -56.475 4.25
    endloop
  endfacet
  facet normal -0.896849 -0.442338 0
    outer loop
      vertex 43.2283 -56.475 5.45
      vertex 43.6825 -57.3959 4.25
      vertex 43.6825 -57.3959 5.45
    endloop
  endfacet
  facet normal 0.831466 0.555576 0
    outer loop
      vertex 30.2022 -65.1788 5.45
      vertex 29.6317 -64.325 4.25
      vertex 29.6317 -64.325 5.45
    endloop
  endfacet
  facet normal 0.831466 0.555576 0
    outer loop
      vertex 29.6317 -64.325 4.25
      vertex 30.2022 -65.1788 5.45
      vertex 30.2022 -65.1788 4.25
    endloop
  endfacet
  facet normal 0.195067 0.98079 -0
    outer loop
      vertex 35.4054 -68.1828 4.25
      vertex 34.3983 -67.9825 5.45
      vertex 35.4054 -68.1828 5.45
    endloop
  endfacet
  facet normal 0.195067 0.98079 0
    outer loop
      vertex 34.3983 -67.9825 5.45
      vertex 35.4054 -68.1828 4.25
      vertex 34.3983 -67.9825 4.25
    endloop
  endfacet
  facet normal -0.946955 0.321365 0
    outer loop
      vertex 43.6825 -63.4041 4.25
      vertex 44.0125 -62.4317 5.45
      vertex 44.0125 -62.4317 4.25
    endloop
  endfacet
  facet normal -0.946955 0.321365 0
    outer loop
      vertex 44.0125 -62.4317 5.45
      vertex 43.6825 -63.4041 4.25
      vertex 43.6825 -63.4041 5.45
    endloop
  endfacet
  facet normal 0.98079 -0.195067 0
    outer loop
      vertex 28.6472 -59.3754 5.45
      vertex 28.8475 -58.3683 4.25
      vertex 28.8475 -58.3683 5.45
    endloop
  endfacet
  facet normal 0.98079 -0.195067 0
    outer loop
      vertex 28.8475 -58.3683 4.25
      vertex 28.6472 -59.3754 5.45
      vertex 28.6472 -59.3754 4.25
    endloop
  endfacet
  facet normal 0.065446 0.997856 -0
    outer loop
      vertex 36.43 -68.25 4.25
      vertex 35.4054 -68.1828 5.45
      vertex 36.43 -68.25 5.45
    endloop
  endfacet
  facet normal 0.065446 0.997856 0
    outer loop
      vertex 35.4054 -68.1828 5.45
      vertex 36.43 -68.25 4.25
      vertex 35.4054 -68.1828 4.25
    endloop
  endfacet
  facet normal -0.659332 0.751852 0
    outer loop
      vertex 41.9808 -65.9508 4.25
      vertex 41.2088 -66.6278 5.45
      vertex 41.9808 -65.9508 5.45
    endloop
  endfacet
  facet normal -0.659332 0.751852 0
    outer loop
      vertex 41.2088 -66.6278 5.45
      vertex 41.9808 -65.9508 4.25
      vertex 41.2088 -66.6278 4.25
    endloop
  endfacet
  facet normal 0.751852 0.659332 0
    outer loop
      vertex 30.8792 -65.9508 5.45
      vertex 30.2022 -65.1788 4.25
      vertex 30.2022 -65.1788 5.45
    endloop
  endfacet
  facet normal 0.751852 0.659332 0
    outer loop
      vertex 30.2022 -65.1788 4.25
      vertex 30.8792 -65.9508 5.45
      vertex 30.8792 -65.9508 4.25
    endloop
  endfacet
  facet normal 0.659332 0.751852 -0
    outer loop
      vertex 31.6512 -66.6278 4.25
      vertex 30.8792 -65.9508 5.45
      vertex 31.6512 -66.6278 5.45
    endloop
  endfacet
  facet normal 0.659332 0.751852 0
    outer loop
      vertex 30.8792 -65.9508 5.45
      vertex 31.6512 -66.6278 4.25
      vertex 30.8792 -65.9508 4.25
    endloop
  endfacet
  facet normal 0.98079 0.195067 0
    outer loop
      vertex 28.8475 -62.4317 5.45
      vertex 28.6472 -61.4246 4.25
      vertex 28.6472 -61.4246 5.45
    endloop
  endfacet
  facet normal 0.98079 0.195067 0
    outer loop
      vertex 28.6472 -61.4246 4.25
      vertex 28.8475 -62.4317 5.45
      vertex 28.8475 -62.4317 4.25
    endloop
  endfacet
  facet normal 0.065446 -0.997856 0
    outer loop
      vertex 35.4054 -52.6172 4.25
      vertex 36.43 -52.55 5.45
      vertex 35.4054 -52.6172 5.45
    endloop
  endfacet
  facet normal 0.065446 -0.997856 0
    outer loop
      vertex 36.43 -52.55 5.45
      vertex 35.4054 -52.6172 4.25
      vertex 36.43 -52.55 4.25
    endloop
  endfacet
  facet normal 0.831466 -0.555576 0
    outer loop
      vertex 29.6317 -56.475 5.45
      vertex 30.2022 -55.6212 4.25
      vertex 30.2022 -55.6212 5.45
    endloop
  endfacet
  facet normal 0.831466 -0.555576 0
    outer loop
      vertex 30.2022 -55.6212 4.25
      vertex 29.6317 -56.475 5.45
      vertex 29.6317 -56.475 4.25
    endloop
  endfacet
  facet normal 0.896849 0.442338 0
    outer loop
      vertex 29.6317 -64.325 5.45
      vertex 29.1775 -63.4041 4.25
      vertex 29.1775 -63.4041 5.45
    endloop
  endfacet
  facet normal 0.896849 0.442338 0
    outer loop
      vertex 29.1775 -63.4041 4.25
      vertex 29.6317 -64.325 5.45
      vertex 29.6317 -64.325 4.25
    endloop
  endfacet
  facet normal 0.997856 -0.065446 0
    outer loop
      vertex 28.58 -60.4 5.45
      vertex 28.6472 -59.3754 4.25
      vertex 28.6472 -59.3754 5.45
    endloop
  endfacet
  facet normal 0.997856 -0.065446 0
    outer loop
      vertex 28.6472 -59.3754 4.25
      vertex 28.58 -60.4 5.45
      vertex 28.58 -60.4 4.25
    endloop
  endfacet
  facet normal 0 0 1
    outer loop
      vertex 43.63 -60.4 4.25
      vertex 44.28 -60.4 4.25
      vertex 44.2128 -59.3754 4.25
    endloop
  endfacet
  facet normal 0 0 1
    outer loop
      vertex 43.5684 -59.4602 4.25
      vertex 44.2128 -59.3754 4.25
      vertex 44.0125 -58.3683 4.25
    endloop
  endfacet
  facet normal 0 0 1
    outer loop
      vertex 44.28 -60.4 4.25
      vertex 43.63 -60.4 4.25
      vertex 44.2128 -61.4246 4.25
    endloop
  endfacet
  facet normal 0 0 1
    outer loop
      vertex 43.3847 -58.5365 4.25
      vertex 44.0125 -58.3683 4.25
      vertex 43.6825 -57.3959 4.25
    endloop
  endfacet
  facet normal -0 0 1
    outer loop
      vertex 43.5684 -61.3398 4.25
      vertex 44.2128 -61.4246 4.25
      vertex 43.63 -60.4 4.25
    endloop
  endfacet
  facet normal 0 0 1
    outer loop
      vertex 44.2128 -61.4246 4.25
      vertex 43.5684 -61.3398 4.25
      vertex 44.0125 -62.4317 4.25
    endloop
  endfacet
  facet normal 0 0 1
    outer loop
      vertex 44.2128 -59.3754 4.25
      vertex 43.5684 -59.4602 4.25
      vertex 43.63 -60.4 4.25
    endloop
  endfacet
  facet normal 0 0 1
    outer loop
      vertex 44.0125 -58.3683 4.25
      vertex 43.3847 -58.5365 4.25
      vertex 43.5684 -59.4602 4.25
    endloop
  endfacet
  facet normal 0 0 1
    outer loop
      vertex 43.0819 -57.6447 4.25
      vertex 43.6825 -57.3959 4.25
      vertex 43.2283 -56.475 4.25
    endloop
  endfacet
  facet normal 0 0 1
    outer loop
      vertex 43.6825 -57.3959 4.25
      vertex 43.0819 -57.6447 4.25
      vertex 43.3847 -58.5365 4.25
    endloop
  endfacet
  facet normal 0 0 1
    outer loop
      vertex 43.2283 -56.475 4.25
      vertex 42.6654 -56.8 4.25
      vertex 43.0819 -57.6447 4.25
    endloop
  endfacet
  facet normal 0 0 1
    outer loop
      vertex 42.6578 -55.6212 4.25
      vertex 42.6654 -56.8 4.25
      vertex 43.2283 -56.475 4.25
    endloop
  endfacet
  facet normal 0 0 1
    outer loop
      vertex 42.6578 -55.6212 4.25
      vertex 42.1421 -56.0169 4.25
      vertex 42.6654 -56.8 4.25
    endloop
  endfacet
  facet normal 0 0 1
    outer loop
      vertex 41.9808 -54.8492 4.25
      vertex 42.1421 -56.0169 4.25
      vertex 42.6578 -55.6212 4.25
    endloop
  endfacet
  facet normal 0 0 1
    outer loop
      vertex 41.9808 -54.8492 4.25
      vertex 41.5212 -55.3088 4.25
      vertex 42.1421 -56.0169 4.25
    endloop
  endfacet
  facet normal 0 0 1
    outer loop
      vertex 41.2088 -54.1722 4.25
      vertex 41.5212 -55.3088 4.25
      vertex 41.9808 -54.8492 4.25
    endloop
  endfacet
  facet normal 0 0 1
    outer loop
      vertex 41.2088 -54.1722 4.25
      vertex 40.8131 -54.6879 4.25
      vertex 41.5212 -55.3088 4.25
    endloop
  endfacet
  facet normal 0 0 1
    outer loop
      vertex 40.355 -53.6017 4.25
      vertex 40.8131 -54.6879 4.25
      vertex 41.2088 -54.1722 4.25
    endloop
  endfacet
  facet normal 0 0 1
    outer loop
      vertex 40.355 -53.6017 4.25
      vertex 40.03 -54.1646 4.25
      vertex 40.8131 -54.6879 4.25
    endloop
  endfacet
  facet normal 0 0 1
    outer loop
      vertex 39.4341 -53.1475 4.25
      vertex 40.03 -54.1646 4.25
      vertex 40.355 -53.6017 4.25
    endloop
  endfacet
  facet normal 0 0 1
    outer loop
      vertex 39.4341 -53.1475 4.25
      vertex 39.1853 -53.7481 4.25
      vertex 40.03 -54.1646 4.25
    endloop
  endfacet
  facet normal 0 0 1
    outer loop
      vertex 38.4617 -52.8175 4.25
      vertex 39.1853 -53.7481 4.25
      vertex 39.4341 -53.1475 4.25
    endloop
  endfacet
  facet normal 0 0 1
    outer loop
      vertex 38.4617 -52.8175 4.25
      vertex 38.2935 -53.4453 4.25
      vertex 39.1853 -53.7481 4.25
    endloop
  endfacet
  facet normal 0 0 1
    outer loop
      vertex 37.4546 -52.6172 4.25
      vertex 38.2935 -53.4453 4.25
      vertex 38.4617 -52.8175 4.25
    endloop
  endfacet
  facet normal 0 0 1
    outer loop
      vertex 37.4546 -52.6172 4.25
      vertex 37.3698 -53.2616 4.25
      vertex 38.2935 -53.4453 4.25
    endloop
  endfacet
  facet normal 0 0 1
    outer loop
      vertex 36.43 -52.55 4.25
      vertex 37.3698 -53.2616 4.25
      vertex 37.4546 -52.6172 4.25
    endloop
  endfacet
  facet normal 0 0 1
    outer loop
      vertex 36.43 -52.55 4.25
      vertex 36.43 -53.2 4.25
      vertex 37.3698 -53.2616 4.25
    endloop
  endfacet
  facet normal 0 0 1
    outer loop
      vertex 36.43 -52.55 4.25
      vertex 35.4902 -53.2616 4.25
      vertex 36.43 -53.2 4.25
    endloop
  endfacet
  facet normal -0 0 1
    outer loop
      vertex 35.4054 -52.6172 4.25
      vertex 35.4902 -53.2616 4.25
      vertex 36.43 -52.55 4.25
    endloop
  endfacet
  facet normal 0 0 1
    outer loop
      vertex 35.4054 -52.6172 4.25
      vertex 34.5665 -53.4453 4.25
      vertex 35.4902 -53.2616 4.25
    endloop
  endfacet
  facet normal -0 0 1
    outer loop
      vertex 34.3983 -52.8175 4.25
      vertex 34.5665 -53.4453 4.25
      vertex 35.4054 -52.6172 4.25
    endloop
  endfacet
  facet normal 0 0 1
    outer loop
      vertex 34.3983 -52.8175 4.25
      vertex 33.6747 -53.7481 4.25
      vertex 34.5665 -53.4453 4.25
    endloop
  endfacet
  facet normal -0 0 1
    outer loop
      vertex 33.4259 -53.1475 4.25
      vertex 33.6747 -53.7481 4.25
      vertex 34.3983 -52.8175 4.25
    endloop
  endfacet
  facet normal 0 0 1
    outer loop
      vertex 33.4259 -53.1475 4.25
      vertex 32.83 -54.1646 4.25
      vertex 33.6747 -53.7481 4.25
    endloop
  endfacet
  facet normal -0 0 1
    outer loop
      vertex 32.505 -53.6017 4.25
      vertex 32.83 -54.1646 4.25
      vertex 33.4259 -53.1475 4.25
    endloop
  endfacet
  facet normal 0 0 1
    outer loop
      vertex 32.505 -53.6017 4.25
      vertex 32.0469 -54.6879 4.25
      vertex 32.83 -54.1646 4.25
    endloop
  endfacet
  facet normal -0 0 1
    outer loop
      vertex 31.6512 -54.1722 4.25
      vertex 32.0469 -54.6879 4.25
      vertex 32.505 -53.6017 4.25
    endloop
  endfacet
  facet normal 0 0 1
    outer loop
      vertex 31.6512 -54.1722 4.25
      vertex 31.3388 -55.3088 4.25
      vertex 32.0469 -54.6879 4.25
    endloop
  endfacet
  facet normal -0 0 1
    outer loop
      vertex 30.8792 -54.8492 4.25
      vertex 31.3388 -55.3088 4.25
      vertex 31.6512 -54.1722 4.25
    endloop
  endfacet
  facet normal 0 0 1
    outer loop
      vertex 30.8792 -54.8492 4.25
      vertex 30.7179 -56.0169 4.25
      vertex 31.3388 -55.3088 4.25
    endloop
  endfacet
  facet normal -0 0 1
    outer loop
      vertex 30.2022 -55.6212 4.25
      vertex 30.7179 -56.0169 4.25
      vertex 30.8792 -54.8492 4.25
    endloop
  endfacet
  facet normal 0 0 1
    outer loop
      vertex 30.2022 -55.6212 4.25
      vertex 30.1946 -56.8 4.25
      vertex 30.7179 -56.0169 4.25
    endloop
  endfacet
  facet normal -0 0 1
    outer loop
      vertex 29.6317 -56.475 4.25
      vertex 30.1946 -56.8 4.25
      vertex 30.2022 -55.6212 4.25
    endloop
  endfacet
  facet normal 0 0 1
    outer loop
      vertex 30.1946 -56.8 4.25
      vertex 29.6317 -56.475 4.25
      vertex 29.7781 -57.6447 4.25
    endloop
  endfacet
  facet normal -0 0 1
    outer loop
      vertex 29.1775 -57.3959 4.25
      vertex 29.7781 -57.6447 4.25
      vertex 29.6317 -56.475 4.25
    endloop
  endfacet
  facet normal 0 0 1
    outer loop
      vertex 29.7781 -57.6447 4.25
      vertex 29.1775 -57.3959 4.25
      vertex 29.4753 -58.5365 4.25
    endloop
  endfacet
  facet normal 0 0 1
    outer loop
      vertex 29.4753 -58.5365 4.25
      vertex 28.8475 -58.3683 4.25
      vertex 29.2916 -59.4602 4.25
    endloop
  endfacet
  facet normal -0 0 1
    outer loop
      vertex 28.8475 -58.3683 4.25
      vertex 29.4753 -58.5365 4.25
      vertex 29.1775 -57.3959 4.25
    endloop
  endfacet
  facet normal -0 0 1
    outer loop
      vertex 43.3847 -62.2635 4.25
      vertex 44.0125 -62.4317 4.25
      vertex 43.5684 -61.3398 4.25
    endloop
  endfacet
  facet normal 0 0 1
    outer loop
      vertex 44.0125 -62.4317 4.25
      vertex 43.3847 -62.2635 4.25
      vertex 43.6825 -63.4041 4.25
    endloop
  endfacet
  facet normal -0 0 1
    outer loop
      vertex 43.0819 -63.1553 4.25
      vertex 43.6825 -63.4041 4.25
      vertex 43.3847 -62.2635 4.25
    endloop
  endfacet
  facet normal 0 0 1
    outer loop
      vertex 43.6825 -63.4041 4.25
      vertex 43.0819 -63.1553 4.25
      vertex 43.2283 -64.325 4.25
    endloop
  endfacet
  facet normal -0 0 1
    outer loop
      vertex 42.6654 -64 4.25
      vertex 43.2283 -64.325 4.25
      vertex 43.0819 -63.1553 4.25
    endloop
  endfacet
  facet normal 0 0 1
    outer loop
      vertex 42.6654 -64 4.25
      vertex 42.6578 -65.1788 4.25
      vertex 43.2283 -64.325 4.25
    endloop
  endfacet
  facet normal -0 0 1
    outer loop
      vertex 42.1421 -64.7831 4.25
      vertex 42.6578 -65.1788 4.25
      vertex 42.6654 -64 4.25
    endloop
  endfacet
  facet normal 0 0 1
    outer loop
      vertex 42.1421 -64.7831 4.25
      vertex 41.9808 -65.9508 4.25
      vertex 42.6578 -65.1788 4.25
    endloop
  endfacet
  facet normal -0 0 1
    outer loop
      vertex 41.5212 -65.4912 4.25
      vertex 41.9808 -65.9508 4.25
      vertex 42.1421 -64.7831 4.25
    endloop
  endfacet
  facet normal 0 0 1
    outer loop
      vertex 41.5212 -65.4912 4.25
      vertex 41.2088 -66.6278 4.25
      vertex 41.9808 -65.9508 4.25
    endloop
  endfacet
  facet normal -0 0 1
    outer loop
      vertex 40.8131 -66.1121 4.25
      vertex 41.2088 -66.6278 4.25
      vertex 41.5212 -65.4912 4.25
    endloop
  endfacet
  facet normal 0 0 1
    outer loop
      vertex 40.8131 -66.1121 4.25
      vertex 40.355 -67.1983 4.25
      vertex 41.2088 -66.6278 4.25
    endloop
  endfacet
  facet normal -0 0 1
    outer loop
      vertex 40.03 -66.6354 4.25
      vertex 40.355 -67.1983 4.25
      vertex 40.8131 -66.1121 4.25
    endloop
  endfacet
  facet normal 0 0 1
    outer loop
      vertex 40.03 -66.6354 4.25
      vertex 39.4341 -67.6525 4.25
      vertex 40.355 -67.1983 4.25
    endloop
  endfacet
  facet normal -0 0 1
    outer loop
      vertex 39.1853 -67.0519 4.25
      vertex 39.4341 -67.6525 4.25
      vertex 40.03 -66.6354 4.25
    endloop
  endfacet
  facet normal 0 0 1
    outer loop
      vertex 39.1853 -67.0519 4.25
      vertex 38.4617 -67.9825 4.25
      vertex 39.4341 -67.6525 4.25
    endloop
  endfacet
  facet normal -0 0 1
    outer loop
      vertex 38.2935 -67.3547 4.25
      vertex 38.4617 -67.9825 4.25
      vertex 39.1853 -67.0519 4.25
    endloop
  endfacet
  facet normal 0 0 1
    outer loop
      vertex 38.2935 -67.3547 4.25
      vertex 37.4546 -68.1828 4.25
      vertex 38.4617 -67.9825 4.25
    endloop
  endfacet
  facet normal -0 0 1
    outer loop
      vertex 37.3698 -67.5384 4.25
      vertex 37.4546 -68.1828 4.25
      vertex 38.2935 -67.3547 4.25
    endloop
  endfacet
  facet normal -0 0 1
    outer loop
      vertex 36.43 -67.6 4.25
      vertex 37.4546 -68.1828 4.25
      vertex 37.3698 -67.5384 4.25
    endloop
  endfacet
  facet normal 0 0 1
    outer loop
      vertex 36.43 -67.6 4.25
      vertex 36.43 -68.25 4.25
      vertex 37.4546 -68.1828 4.25
    endloop
  endfacet
  facet normal 0 0 1
    outer loop
      vertex 35.4902 -67.5384 4.25
      vertex 36.43 -68.25 4.25
      vertex 36.43 -67.6 4.25
    endloop
  endfacet
  facet normal 0 0 1
    outer loop
      vertex 35.4902 -67.5384 4.25
      vertex 35.4054 -68.1828 4.25
      vertex 36.43 -68.25 4.25
    endloop
  endfacet
  facet normal 0 0 1
    outer loop
      vertex 34.5665 -67.3547 4.25
      vertex 35.4054 -68.1828 4.25
      vertex 35.4902 -67.5384 4.25
    endloop
  endfacet
  facet normal 0 0 1
    outer loop
      vertex 34.5665 -67.3547 4.25
      vertex 34.3983 -67.9825 4.25
      vertex 35.4054 -68.1828 4.25
    endloop
  endfacet
  facet normal 0 0 1
    outer loop
      vertex 33.6747 -67.0519 4.25
      vertex 34.3983 -67.9825 4.25
      vertex 34.5665 -67.3547 4.25
    endloop
  endfacet
  facet normal 0 0 1
    outer loop
      vertex 33.6747 -67.0519 4.25
      vertex 33.4259 -67.6525 4.25
      vertex 34.3983 -67.9825 4.25
    endloop
  endfacet
  facet normal 0 0 1
    outer loop
      vertex 32.83 -66.6354 4.25
      vertex 33.4259 -67.6525 4.25
      vertex 33.6747 -67.0519 4.25
    endloop
  endfacet
  facet normal 0 0 1
    outer loop
      vertex 32.83 -66.6354 4.25
      vertex 32.505 -67.1983 4.25
      vertex 33.4259 -67.6525 4.25
    endloop
  endfacet
  facet normal 0 0 1
    outer loop
      vertex 32.0469 -66.1121 4.25
      vertex 32.505 -67.1983 4.25
      vertex 32.83 -66.6354 4.25
    endloop
  endfacet
  facet normal 0 0 1
    outer loop
      vertex 32.0469 -66.1121 4.25
      vertex 31.6512 -66.6278 4.25
      vertex 32.505 -67.1983 4.25
    endloop
  endfacet
  facet normal 0 0 1
    outer loop
      vertex 31.3388 -65.4912 4.25
      vertex 31.6512 -66.6278 4.25
      vertex 32.0469 -66.1121 4.25
    endloop
  endfacet
  facet normal 0 0 1
    outer loop
      vertex 31.3388 -65.4912 4.25
      vertex 30.8792 -65.9508 4.25
      vertex 31.6512 -66.6278 4.25
    endloop
  endfacet
  facet normal 0 0 1
    outer loop
      vertex 30.7179 -64.7831 4.25
      vertex 30.8792 -65.9508 4.25
      vertex 31.3388 -65.4912 4.25
    endloop
  endfacet
  facet normal 0 0 1
    outer loop
      vertex 30.7179 -64.7831 4.25
      vertex 30.2022 -65.1788 4.25
      vertex 30.8792 -65.9508 4.25
    endloop
  endfacet
  facet normal 0 0 1
    outer loop
      vertex 30.1946 -64 4.25
      vertex 30.2022 -65.1788 4.25
      vertex 30.7179 -64.7831 4.25
    endloop
  endfacet
  facet normal 0 0 1
    outer loop
      vertex 29.6317 -64.325 4.25
      vertex 30.1946 -64 4.25
      vertex 29.7781 -63.1553 4.25
    endloop
  endfacet
  facet normal 0 0 1
    outer loop
      vertex 30.1946 -64 4.25
      vertex 29.6317 -64.325 4.25
      vertex 30.2022 -65.1788 4.25
    endloop
  endfacet
  facet normal 0 0 1
    outer loop
      vertex 29.1775 -63.4041 4.25
      vertex 29.7781 -63.1553 4.25
      vertex 29.4753 -62.2635 4.25
    endloop
  endfacet
  facet normal 0 0 1
    outer loop
      vertex 28.8475 -62.4317 4.25
      vertex 29.4753 -62.2635 4.25
      vertex 29.2916 -61.3398 4.25
    endloop
  endfacet
  facet normal 0 0 1
    outer loop
      vertex 29.7781 -63.1553 4.25
      vertex 29.1775 -63.4041 4.25
      vertex 29.6317 -64.325 4.25
    endloop
  endfacet
  facet normal 0 0 1
    outer loop
      vertex 28.6472 -61.4246 4.25
      vertex 29.2916 -61.3398 4.25
      vertex 29.23 -60.4 4.25
    endloop
  endfacet
  facet normal -0 0 1
    outer loop
      vertex 28.6472 -59.3754 4.25
      vertex 29.2916 -59.4602 4.25
      vertex 28.8475 -58.3683 4.25
    endloop
  endfacet
  facet normal 0 0 1
    outer loop
      vertex 29.2916 -59.4602 4.25
      vertex 28.6472 -59.3754 4.25
      vertex 29.23 -60.4 4.25
    endloop
  endfacet
  facet normal 0 0 1
    outer loop
      vertex 29.4753 -62.2635 4.25
      vertex 28.8475 -62.4317 4.25
      vertex 29.1775 -63.4041 4.25
    endloop
  endfacet
  facet normal 0 0 1
    outer loop
      vertex 28.58 -60.4 4.25
      vertex 29.23 -60.4 4.25
      vertex 28.6472 -59.3754 4.25
    endloop
  endfacet
  facet normal 0 0 1
    outer loop
      vertex 29.2916 -61.3398 4.25
      vertex 28.6472 -61.4246 4.25
      vertex 28.8475 -62.4317 4.25
    endloop
  endfacet
  facet normal 0 0 1
    outer loop
      vertex 29.23 -60.4 4.25
      vertex 28.58 -60.4 4.25
      vertex 28.6472 -61.4246 4.25
    endloop
  endfacet
  facet normal 0.195067 -0.98079 0
    outer loop
      vertex 34.3983 -52.8175 4.25
      vertex 35.4054 -52.6172 5.45
      vertex 34.3983 -52.8175 5.45
    endloop
  endfacet
  facet normal 0.195067 -0.98079 0
    outer loop
      vertex 35.4054 -52.6172 5.45
      vertex 34.3983 -52.8175 4.25
      vertex 35.4054 -52.6172 4.25
    endloop
  endfacet
  facet normal 0.442338 -0.896849 0
    outer loop
      vertex 32.505 -53.6017 4.25
      vertex 33.4259 -53.1475 5.45
      vertex 32.505 -53.6017 5.45
    endloop
  endfacet
  facet normal 0.442338 -0.896849 0
    outer loop
      vertex 33.4259 -53.1475 5.45
      vertex 32.505 -53.6017 4.25
      vertex 33.4259 -53.1475 4.25
    endloop
  endfacet
  facet normal -0.751852 -0.659332 0
    outer loop
      vertex 42.6578 -55.6212 4.25
      vertex 41.9808 -54.8492 5.45
      vertex 41.9808 -54.8492 4.25
    endloop
  endfacet
  facet normal -0.751852 -0.659332 0
    outer loop
      vertex 41.9808 -54.8492 5.45
      vertex 42.6578 -55.6212 4.25
      vertex 42.6578 -55.6212 5.45
    endloop
  endfacet
  facet normal 0.946955 0.321365 0
    outer loop
      vertex 29.1775 -63.4041 5.45
      vertex 28.8475 -62.4317 4.25
      vertex 28.8475 -62.4317 5.45
    endloop
  endfacet
  facet normal 0.946955 0.321365 0
    outer loop
      vertex 28.8475 -62.4317 4.25
      vertex 29.1775 -63.4041 5.45
      vertex 29.1775 -63.4041 4.25
    endloop
  endfacet
  facet normal 0 0 -1
    outer loop
      vertex 43.63 -60.4 5.45
      vertex 44.28 -60.4 5.45
      vertex 44.2128 -61.4246 5.45
    endloop
  endfacet
  facet normal 0 0 -1
    outer loop
      vertex 43.5684 -61.3398 5.45
      vertex 44.2128 -61.4246 5.45
      vertex 44.0125 -62.4317 5.45
    endloop
  endfacet
  facet normal 0 0 -1
    outer loop
      vertex 44.28 -60.4 5.45
      vertex 43.63 -60.4 5.45
      vertex 44.2128 -59.3754 5.45
    endloop
  endfacet
  facet normal 0 0 -1
    outer loop
      vertex 43.3847 -62.2635 5.45
      vertex 44.0125 -62.4317 5.45
      vertex 43.6825 -63.4041 5.45
    endloop
  endfacet
  facet normal 0 0 -1
    outer loop
      vertex 43.5684 -59.4602 5.45
      vertex 44.2128 -59.3754 5.45
      vertex 43.63 -60.4 5.45
    endloop
  endfacet
  facet normal -0 0 -1
    outer loop
      vertex 44.2128 -59.3754 5.45
      vertex 43.5684 -59.4602 5.45
      vertex 44.0125 -58.3683 5.45
    endloop
  endfacet
  facet normal 0 0 -1
    outer loop
      vertex 44.2128 -61.4246 5.45
      vertex 43.5684 -61.3398 5.45
      vertex 43.63 -60.4 5.45
    endloop
  endfacet
  facet normal 0 0 -1
    outer loop
      vertex 44.0125 -62.4317 5.45
      vertex 43.3847 -62.2635 5.45
      vertex 43.5684 -61.3398 5.45
    endloop
  endfacet
  facet normal 0 0 -1
    outer loop
      vertex 43.0819 -63.1553 5.45
      vertex 43.6825 -63.4041 5.45
      vertex 43.2283 -64.325 5.45
    endloop
  endfacet
  facet normal 0 0 -1
    outer loop
      vertex 43.6825 -63.4041 5.45
      vertex 43.0819 -63.1553 5.45
      vertex 43.3847 -62.2635 5.45
    endloop
  endfacet
  facet normal 0 0 -1
    outer loop
      vertex 43.2283 -64.325 5.45
      vertex 42.6654 -64 5.45
      vertex 43.0819 -63.1553 5.45
    endloop
  endfacet
  facet normal 0 0 -1
    outer loop
      vertex 42.6578 -65.1788 5.45
      vertex 42.6654 -64 5.45
      vertex 43.2283 -64.325 5.45
    endloop
  endfacet
  facet normal 0 0 -1
    outer loop
      vertex 42.6578 -65.1788 5.45
      vertex 42.1421 -64.7831 5.45
      vertex 42.6654 -64 5.45
    endloop
  endfacet
  facet normal 0 0 -1
    outer loop
      vertex 41.9808 -65.9508 5.45
      vertex 42.1421 -64.7831 5.45
      vertex 42.6578 -65.1788 5.45
    endloop
  endfacet
  facet normal 0 0 -1
    outer loop
      vertex 41.9808 -65.9508 5.45
      vertex 41.5212 -65.4912 5.45
      vertex 42.1421 -64.7831 5.45
    endloop
  endfacet
  facet normal 0 0 -1
    outer loop
      vertex 41.2088 -66.6278 5.45
      vertex 41.5212 -65.4912 5.45
      vertex 41.9808 -65.9508 5.45
    endloop
  endfacet
  facet normal 0 0 -1
    outer loop
      vertex 41.2088 -66.6278 5.45
      vertex 40.8131 -66.1121 5.45
      vertex 41.5212 -65.4912 5.45
    endloop
  endfacet
  facet normal 0 0 -1
    outer loop
      vertex 40.355 -67.1983 5.45
      vertex 40.8131 -66.1121 5.45
      vertex 41.2088 -66.6278 5.45
    endloop
  endfacet
  facet normal 0 0 -1
    outer loop
      vertex 40.355 -67.1983 5.45
      vertex 40.03 -66.6354 5.45
      vertex 40.8131 -66.1121 5.45
    endloop
  endfacet
  facet normal 0 0 -1
    outer loop
      vertex 39.4341 -67.6525 5.45
      vertex 40.03 -66.6354 5.45
      vertex 40.355 -67.1983 5.45
    endloop
  endfacet
  facet normal 0 0 -1
    outer loop
      vertex 39.4341 -67.6525 5.45
      vertex 39.1853 -67.0519 5.45
      vertex 40.03 -66.6354 5.45
    endloop
  endfacet
  facet normal 0 0 -1
    outer loop
      vertex 38.4617 -67.9825 5.45
      vertex 39.1853 -67.0519 5.45
      vertex 39.4341 -67.6525 5.45
    endloop
  endfacet
  facet normal 0 0 -1
    outer loop
      vertex 38.4617 -67.9825 5.45
      vertex 38.2935 -67.3547 5.45
      vertex 39.1853 -67.0519 5.45
    endloop
  endfacet
  facet normal 0 0 -1
    outer loop
      vertex 37.4546 -68.1828 5.45
      vertex 38.2935 -67.3547 5.45
      vertex 38.4617 -67.9825 5.45
    endloop
  endfacet
  facet normal 0 0 -1
    outer loop
      vertex 37.4546 -68.1828 5.45
      vertex 37.3698 -67.5384 5.45
      vertex 38.2935 -67.3547 5.45
    endloop
  endfacet
  facet normal 0 0 -1
    outer loop
      vertex 36.43 -68.25 5.45
      vertex 37.3698 -67.5384 5.45
      vertex 37.4546 -68.1828 5.45
    endloop
  endfacet
  facet normal 0 0 -1
    outer loop
      vertex 36.43 -68.25 5.45
      vertex 36.43 -67.6 5.45
      vertex 37.3698 -67.5384 5.45
    endloop
  endfacet
  facet normal 0 0 -1
    outer loop
      vertex 36.43 -68.25 5.45
      vertex 35.4902 -67.5384 5.45
      vertex 36.43 -67.6 5.45
    endloop
  endfacet
  facet normal 0 0 -1
    outer loop
      vertex 35.4054 -68.1828 5.45
      vertex 35.4902 -67.5384 5.45
      vertex 36.43 -68.25 5.45
    endloop
  endfacet
  facet normal 0 0 -1
    outer loop
      vertex 35.4054 -68.1828 5.45
      vertex 34.5665 -67.3547 5.45
      vertex 35.4902 -67.5384 5.45
    endloop
  endfacet
  facet normal 0 0 -1
    outer loop
      vertex 34.3983 -67.9825 5.45
      vertex 34.5665 -67.3547 5.45
      vertex 35.4054 -68.1828 5.45
    endloop
  endfacet
  facet normal 0 0 -1
    outer loop
      vertex 34.3983 -67.9825 5.45
      vertex 33.6747 -67.0519 5.45
      vertex 34.5665 -67.3547 5.45
    endloop
  endfacet
  facet normal 0 0 -1
    outer loop
      vertex 33.4259 -67.6525 5.45
      vertex 33.6747 -67.0519 5.45
      vertex 34.3983 -67.9825 5.45
    endloop
  endfacet
  facet normal 0 0 -1
    outer loop
      vertex 33.4259 -67.6525 5.45
      vertex 32.83 -66.6354 5.45
      vertex 33.6747 -67.0519 5.45
    endloop
  endfacet
  facet normal 0 0 -1
    outer loop
      vertex 32.505 -67.1983 5.45
      vertex 32.83 -66.6354 5.45
      vertex 33.4259 -67.6525 5.45
    endloop
  endfacet
  facet normal 0 0 -1
    outer loop
      vertex 32.505 -67.1983 5.45
      vertex 32.0469 -66.1121 5.45
      vertex 32.83 -66.6354 5.45
    endloop
  endfacet
  facet normal 0 0 -1
    outer loop
      vertex 31.6512 -66.6278 5.45
      vertex 32.0469 -66.1121 5.45
      vertex 32.505 -67.1983 5.45
    endloop
  endfacet
  facet normal 0 0 -1
    outer loop
      vertex 31.6512 -66.6278 5.45
      vertex 31.3388 -65.4912 5.45
      vertex 32.0469 -66.1121 5.45
    endloop
  endfacet
  facet normal 0 0 -1
    outer loop
      vertex 30.8792 -65.9508 5.45
      vertex 31.3388 -65.4912 5.45
      vertex 31.6512 -66.6278 5.45
    endloop
  endfacet
  facet normal 0 0 -1
    outer loop
      vertex 30.8792 -65.9508 5.45
      vertex 30.7179 -64.7831 5.45
      vertex 31.3388 -65.4912 5.45
    endloop
  endfacet
  facet normal 0 0 -1
    outer loop
      vertex 30.2022 -65.1788 5.45
      vertex 30.7179 -64.7831 5.45
      vertex 30.8792 -65.9508 5.45
    endloop
  endfacet
  facet normal 0 0 -1
    outer loop
      vertex 30.2022 -65.1788 5.45
      vertex 30.1946 -64 5.45
      vertex 30.7179 -64.7831 5.45
    endloop
  endfacet
  facet normal 0 0 -1
    outer loop
      vertex 29.6317 -64.325 5.45
      vertex 30.1946 -64 5.45
      vertex 30.2022 -65.1788 5.45
    endloop
  endfacet
  facet normal -0 0 -1
    outer loop
      vertex 30.1946 -64 5.45
      vertex 29.6317 -64.325 5.45
      vertex 29.7781 -63.1553 5.45
    endloop
  endfacet
  facet normal 0 0 -1
    outer loop
      vertex 29.1775 -63.4041 5.45
      vertex 29.7781 -63.1553 5.45
      vertex 29.6317 -64.325 5.45
    endloop
  endfacet
  facet normal -0 0 -1
    outer loop
      vertex 29.7781 -63.1553 5.45
      vertex 29.1775 -63.4041 5.45
      vertex 29.4753 -62.2635 5.45
    endloop
  endfacet
  facet normal -0 0 -1
    outer loop
      vertex 29.4753 -62.2635 5.45
      vertex 28.8475 -62.4317 5.45
      vertex 29.2916 -61.3398 5.45
    endloop
  endfacet
  facet normal 0 0 -1
    outer loop
      vertex 28.8475 -62.4317 5.45
      vertex 29.4753 -62.2635 5.45
      vertex 29.1775 -63.4041 5.45
    endloop
  endfacet
  facet normal 0 0 -1
    outer loop
      vertex 43.3847 -58.5365 5.45
      vertex 44.0125 -58.3683 5.45
      vertex 43.5684 -59.4602 5.45
    endloop
  endfacet
  facet normal -0 0 -1
    outer loop
      vertex 44.0125 -58.3683 5.45
      vertex 43.3847 -58.5365 5.45
      vertex 43.6825 -57.3959 5.45
    endloop
  endfacet
  facet normal 0 0 -1
    outer loop
      vertex 43.0819 -57.6447 5.45
      vertex 43.6825 -57.3959 5.45
      vertex 43.3847 -58.5365 5.45
    endloop
  endfacet
  facet normal -0 0 -1
    outer loop
      vertex 43.6825 -57.3959 5.45
      vertex 43.0819 -57.6447 5.45
      vertex 43.2283 -56.475 5.45
    endloop
  endfacet
  facet normal 0 0 -1
    outer loop
      vertex 42.6654 -56.8 5.45
      vertex 43.2283 -56.475 5.45
      vertex 43.0819 -57.6447 5.45
    endloop
  endfacet
  facet normal 0 0 -1
    outer loop
      vertex 42.6654 -56.8 5.45
      vertex 42.6578 -55.6212 5.45
      vertex 43.2283 -56.475 5.45
    endloop
  endfacet
  facet normal 0 0 -1
    outer loop
      vertex 42.1421 -56.0169 5.45
      vertex 42.6578 -55.6212 5.45
      vertex 42.6654 -56.8 5.45
    endloop
  endfacet
  facet normal 0 0 -1
    outer loop
      vertex 42.1421 -56.0169 5.45
      vertex 41.9808 -54.8492 5.45
      vertex 42.6578 -55.6212 5.45
    endloop
  endfacet
  facet normal 0 0 -1
    outer loop
      vertex 41.5212 -55.3088 5.45
      vertex 41.9808 -54.8492 5.45
      vertex 42.1421 -56.0169 5.45
    endloop
  endfacet
  facet normal 0 0 -1
    outer loop
      vertex 41.5212 -55.3088 5.45
      vertex 41.2088 -54.1722 5.45
      vertex 41.9808 -54.8492 5.45
    endloop
  endfacet
  facet normal 0 0 -1
    outer loop
      vertex 40.8131 -54.6879 5.45
      vertex 41.2088 -54.1722 5.45
      vertex 41.5212 -55.3088 5.45
    endloop
  endfacet
  facet normal 0 0 -1
    outer loop
      vertex 40.8131 -54.6879 5.45
      vertex 40.355 -53.6017 5.45
      vertex 41.2088 -54.1722 5.45
    endloop
  endfacet
  facet normal 0 0 -1
    outer loop
      vertex 40.03 -54.1646 5.45
      vertex 40.355 -53.6017 5.45
      vertex 40.8131 -54.6879 5.45
    endloop
  endfacet
  facet normal 0 0 -1
    outer loop
      vertex 40.03 -54.1646 5.45
      vertex 39.4341 -53.1475 5.45
      vertex 40.355 -53.6017 5.45
    endloop
  endfacet
  facet normal 0 0 -1
    outer loop
      vertex 39.1853 -53.7481 5.45
      vertex 39.4341 -53.1475 5.45
      vertex 40.03 -54.1646 5.45
    endloop
  endfacet
  facet normal 0 0 -1
    outer loop
      vertex 39.1853 -53.7481 5.45
      vertex 38.4617 -52.8175 5.45
      vertex 39.4341 -53.1475 5.45
    endloop
  endfacet
  facet normal 0 0 -1
    outer loop
      vertex 38.2935 -53.4453 5.45
      vertex 38.4617 -52.8175 5.45
      vertex 39.1853 -53.7481 5.45
    endloop
  endfacet
  facet normal 0 0 -1
    outer loop
      vertex 38.2935 -53.4453 5.45
      vertex 37.4546 -52.6172 5.45
      vertex 38.4617 -52.8175 5.45
    endloop
  endfacet
  facet normal 0 0 -1
    outer loop
      vertex 37.3698 -53.2616 5.45
      vertex 37.4546 -52.6172 5.45
      vertex 38.2935 -53.4453 5.45
    endloop
  endfacet
  facet normal 0 0 -1
    outer loop
      vertex 36.43 -53.2 5.45
      vertex 37.4546 -52.6172 5.45
      vertex 37.3698 -53.2616 5.45
    endloop
  endfacet
  facet normal 0 0 -1
    outer loop
      vertex 36.43 -53.2 5.45
      vertex 36.43 -52.55 5.45
      vertex 37.4546 -52.6172 5.45
    endloop
  endfacet
  facet normal 0 0 -1
    outer loop
      vertex 35.4902 -53.2616 5.45
      vertex 36.43 -52.55 5.45
      vertex 36.43 -53.2 5.45
    endloop
  endfacet
  facet normal 0 0 -1
    outer loop
      vertex 35.4902 -53.2616 5.45
      vertex 35.4054 -52.6172 5.45
      vertex 36.43 -52.55 5.45
    endloop
  endfacet
  facet normal 0 0 -1
    outer loop
      vertex 34.5665 -53.4453 5.45
      vertex 35.4054 -52.6172 5.45
      vertex 35.4902 -53.2616 5.45
    endloop
  endfacet
  facet normal 0 0 -1
    outer loop
      vertex 34.5665 -53.4453 5.45
      vertex 34.3983 -52.8175 5.45
      vertex 35.4054 -52.6172 5.45
    endloop
  endfacet
  facet normal 0 0 -1
    outer loop
      vertex 33.6747 -53.7481 5.45
      vertex 34.3983 -52.8175 5.45
      vertex 34.5665 -53.4453 5.45
    endloop
  endfacet
  facet normal 0 0 -1
    outer loop
      vertex 33.6747 -53.7481 5.45
      vertex 33.4259 -53.1475 5.45
      vertex 34.3983 -52.8175 5.45
    endloop
  endfacet
  facet normal 0 0 -1
    outer loop
      vertex 32.83 -54.1646 5.45
      vertex 33.4259 -53.1475 5.45
      vertex 33.6747 -53.7481 5.45
    endloop
  endfacet
  facet normal 0 0 -1
    outer loop
      vertex 32.83 -54.1646 5.45
      vertex 32.505 -53.6017 5.45
      vertex 33.4259 -53.1475 5.45
    endloop
  endfacet
  facet normal 0 0 -1
    outer loop
      vertex 32.0469 -54.6879 5.45
      vertex 32.505 -53.6017 5.45
      vertex 32.83 -54.1646 5.45
    endloop
  endfacet
  facet normal 0 0 -1
    outer loop
      vertex 32.0469 -54.6879 5.45
      vertex 31.6512 -54.1722 5.45
      vertex 32.505 -53.6017 5.45
    endloop
  endfacet
  facet normal 0 0 -1
    outer loop
      vertex 31.3388 -55.3088 5.45
      vertex 31.6512 -54.1722 5.45
      vertex 32.0469 -54.6879 5.45
    endloop
  endfacet
  facet normal 0 0 -1
    outer loop
      vertex 31.3388 -55.3088 5.45
      vertex 30.8792 -54.8492 5.45
      vertex 31.6512 -54.1722 5.45
    endloop
  endfacet
  facet normal 0 0 -1
    outer loop
      vertex 30.7179 -56.0169 5.45
      vertex 30.8792 -54.8492 5.45
      vertex 31.3388 -55.3088 5.45
    endloop
  endfacet
  facet normal 0 0 -1
    outer loop
      vertex 30.7179 -56.0169 5.45
      vertex 30.2022 -55.6212 5.45
      vertex 30.8792 -54.8492 5.45
    endloop
  endfacet
  facet normal 0 0 -1
    outer loop
      vertex 30.1946 -56.8 5.45
      vertex 30.2022 -55.6212 5.45
      vertex 30.7179 -56.0169 5.45
    endloop
  endfacet
  facet normal 0 0 -1
    outer loop
      vertex 29.6317 -56.475 5.45
      vertex 30.1946 -56.8 5.45
      vertex 29.7781 -57.6447 5.45
    endloop
  endfacet
  facet normal 0 0 -1
    outer loop
      vertex 30.1946 -56.8 5.45
      vertex 29.6317 -56.475 5.45
      vertex 30.2022 -55.6212 5.45
    endloop
  endfacet
  facet normal 0 0 -1
    outer loop
      vertex 29.1775 -57.3959 5.45
      vertex 29.7781 -57.6447 5.45
      vertex 29.4753 -58.5365 5.45
    endloop
  endfacet
  facet normal 0 0 -1
    outer loop
      vertex 28.8475 -58.3683 5.45
      vertex 29.4753 -58.5365 5.45
      vertex 29.2916 -59.4602 5.45
    endloop
  endfacet
  facet normal 0 0 -1
    outer loop
      vertex 29.7781 -57.6447 5.45
      vertex 29.1775 -57.3959 5.45
      vertex 29.6317 -56.475 5.45
    endloop
  endfacet
  facet normal 0 0 -1
    outer loop
      vertex 28.6472 -59.3754 5.45
      vertex 29.2916 -59.4602 5.45
      vertex 29.23 -60.4 5.45
    endloop
  endfacet
  facet normal 0 0 -1
    outer loop
      vertex 28.6472 -61.4246 5.45
      vertex 29.2916 -61.3398 5.45
      vertex 28.8475 -62.4317 5.45
    endloop
  endfacet
  facet normal -0 0 -1
    outer loop
      vertex 29.2916 -61.3398 5.45
      vertex 28.6472 -61.4246 5.45
      vertex 29.23 -60.4 5.45
    endloop
  endfacet
  facet normal 0 0 -1
    outer loop
      vertex 29.4753 -58.5365 5.45
      vertex 28.8475 -58.3683 5.45
      vertex 29.1775 -57.3959 5.45
    endloop
  endfacet
  facet normal 0 0 -1
    outer loop
      vertex 28.58 -60.4 5.45
      vertex 29.23 -60.4 5.45
      vertex 28.6472 -61.4246 5.45
    endloop
  endfacet
  facet normal 0 0 -1
    outer loop
      vertex 29.2916 -59.4602 5.45
      vertex 28.6472 -59.3754 5.45
      vertex 28.8475 -58.3683 5.45
    endloop
  endfacet
  facet normal 0 0 -1
    outer loop
      vertex 29.23 -60.4 5.45
      vertex 28.58 -60.4 5.45
      vertex 28.6472 -59.3754 5.45
    endloop
  endfacet
  facet normal -0.13523 -0.694934 0.706244
    outer loop
      vertex 38.4018 -52.9684 6.35
      vertex 38.2935 -53.4453 5.86
      vertex 38.4203 -52.972 6.35
    endloop
  endfacet
  facet normal -0.138084 -0.694329 0.706286
    outer loop
      vertex 38.2935 -53.4453 5.86
      vertex 38.4018 -52.9684 6.35
      vertex 37.3698 -53.2616 5.86
    endloop
  endfacet
  facet normal 0.227566 -0.670291 0.706345
    outer loop
      vertex 33.6747 -53.7481 5.86
      vertex 34.4218 -52.9781 6.35
      vertex 33.4872 -53.2954 6.35
    endloop
  endfacet
  facet normal -0.694329 0.138084 0.706286
    outer loop
      vertex 43.3847 -62.2635 5.86
      vertex 43.8616 -62.3718 6.35
      vertex 43.5684 -61.3398 5.86
    endloop
  endfacet
  facet normal -0.694934 0.13523 0.706244
    outer loop
      vertex 43.8616 -62.3718 6.35
      vertex 43.3847 -62.2635 5.86
      vertex 43.858 -62.3903 6.35
    endloop
  endfacet
  facet normal -0.04633 -0.706354 0.706341
    outer loop
      vertex 37.3698 -53.2616 5.86
      vertex 37.4337 -52.7758 6.35
      vertex 36.4488 -52.7112 6.35
    endloop
  endfacet
  facet normal -0.706388 0.0450886 0.706388
    outer loop
      vertex 43.63 -60.4 5.86
      vertex 44.1188 -60.4188 6.35
      vertex 44.12 -60.4 6.35
    endloop
  endfacet
  facet normal -0.706325 0.0462967 0.706372
    outer loop
      vertex 44.1188 -60.4188 6.35
      vertex 43.63 -60.4 5.86
      vertex 43.5684 -61.3398 5.86
    endloop
  endfacet
  facet normal -0.706354 0.04633 0.706341
    outer loop
      vertex 44.0542 -61.4037 6.35
      vertex 44.1188 -60.4188 6.35
      vertex 43.5684 -61.3398 5.86
    endloop
  endfacet
  facet normal 0.227566 0.670291 0.706345
    outer loop
      vertex 34.4218 -67.8219 6.35
      vertex 33.6747 -67.0519 5.86
      vertex 33.4872 -67.5046 6.35
    endloop
  endfacet
  facet normal -0.227566 -0.670291 0.706345
    outer loop
      vertex 39.1853 -53.7481 5.86
      vertex 39.3728 -53.2954 6.35
      vertex 38.4382 -52.9781 6.35
    endloop
  endfacet
  facet normal 0.390884 -0.590084 0.706407
    outer loop
      vertex 32.5693 -53.7507 6.35
      vertex 32.83 -54.1646 5.86
      vertex 32.585 -53.7403 6.35
    endloop
  endfacet
  facet normal 0.393281 -0.588532 0.706371
    outer loop
      vertex 32.83 -54.1646 5.86
      vertex 32.5693 -53.7507 6.35
      vertex 32.0469 -54.6879 5.86
    endloop
  endfacet
  facet normal 0.588528 0.39326 0.706386
    outer loop
      vertex 30.3291 -65.0814 6.35
      vertex 30.7179 -64.7831 5.86
      vertex 29.7807 -64.2607 6.35
    endloop
  endfacet
  facet normal 0.706388 -0.0450886 0.706388
    outer loop
      vertex 29.23 -60.4 5.86
      vertex 28.7412 -60.3812 6.35
      vertex 28.74 -60.4 6.35
    endloop
  endfacet
  facet normal 0.706325 -0.0462967 0.706372
    outer loop
      vertex 28.7412 -60.3812 6.35
      vertex 29.23 -60.4 5.86
      vertex 29.2916 -59.4602 5.86
    endloop
  endfacet
  facet normal -0.465621 0.533211 0.706317
    outer loop
      vertex 41.5212 -65.4912 5.86
      vertex 41.8535 -65.8501 6.35
      vertex 41.8677 -65.8377 6.35
    endloop
  endfacet
  facet normal -0.466698 0.532242 0.706337
    outer loop
      vertex 41.8535 -65.8501 6.35
      vertex 41.5212 -65.4912 5.86
      vertex 40.8131 -66.1121 5.86
    endloop
  endfacet
  facet normal -0.634891 -0.313035 0.706345
    outer loop
      vertex 43.5346 -57.4572 6.35
      vertex 43.0981 -56.5719 6.35
      vertex 43.0819 -57.6447 5.86
    endloop
  endfacet
  facet normal 0.670291 -0.227566 0.706345
    outer loop
      vertex 29.7781 -57.6447 5.86
      vertex 29.3254 -57.4572 6.35
      vertex 29.0081 -58.3918 6.35
    endloop
  endfacet
  facet normal 0.694934 -0.13523 0.706244
    outer loop
      vertex 28.9984 -58.4282 6.35
      vertex 29.4753 -58.5365 5.86
      vertex 29.002 -58.4097 6.35
    endloop
  endfacet
  facet normal 0.694329 -0.138084 0.706286
    outer loop
      vertex 29.4753 -58.5365 5.86
      vertex 28.9984 -58.4282 6.35
      vertex 29.2916 -59.4602 5.86
    endloop
  endfacet
  facet normal -0.313035 -0.634891 0.706345
    outer loop
      vertex 40.2581 -53.7319 6.35
      vertex 39.3728 -53.2954 6.35
      vertex 39.1853 -53.7481 5.86
    endloop
  endfacet
  facet normal 0.04633 0.706354 0.706341
    outer loop
      vertex 36.4112 -68.0888 6.35
      vertex 35.4902 -67.5384 5.86
      vertex 35.4263 -68.0242 6.35
    endloop
  endfacet
  facet normal -0.466703 -0.532176 0.706383
    outer loop
      vertex 41.8535 -54.9499 6.35
      vertex 41.1114 -54.2991 6.35
      vertex 40.8131 -54.6879 5.86
    endloop
  endfacet
  facet normal 0.634891 0.313035 0.706345
    outer loop
      vertex 29.7619 -64.2281 6.35
      vertex 29.7781 -63.1553 5.86
      vertex 29.3254 -63.3428 6.35
    endloop
  endfacet
  facet normal 0.138123 -0.694273 0.706334
    outer loop
      vertex 35.4902 -53.2616 5.86
      vertex 35.4263 -52.7758 6.35
      vertex 34.4582 -52.9684 6.35
    endloop
  endfacet
  facet normal -0.227566 0.670291 0.706345
    outer loop
      vertex 39.3728 -67.5046 6.35
      vertex 39.1853 -67.0519 5.86
      vertex 38.4382 -67.8219 6.35
    endloop
  endfacet
  facet normal 0.0450886 0.706388 0.706388
    outer loop
      vertex 36.43 -67.6 5.86
      vertex 36.4112 -68.0888 6.35
      vertex 36.43 -68.09 6.35
    endloop
  endfacet
  facet normal 0.0462967 0.706325 0.706372
    outer loop
      vertex 36.4112 -68.0888 6.35
      vertex 36.43 -67.6 5.86
      vertex 35.4902 -67.5384 5.86
    endloop
  endfacet
  facet normal -0.588528 0.39326 0.706386
    outer loop
      vertex 42.5309 -65.0814 6.35
      vertex 43.0793 -64.2607 6.35
      vertex 42.1421 -64.7831 5.86
    endloop
  endfacet
  facet normal 0.0450886 -0.706388 0.706388
    outer loop
      vertex 36.4112 -52.7112 6.35
      vertex 36.43 -53.2 5.86
      vertex 36.43 -52.71 6.35
    endloop
  endfacet
  facet normal 0.0462967 -0.706325 0.706372
    outer loop
      vertex 36.43 -53.2 5.86
      vertex 36.4112 -52.7112 6.35
      vertex 35.4902 -53.2616 5.86
    endloop
  endfacet
  facet normal -0.634875 0.31304 0.706357
    outer loop
      vertex 42.6654 -64 5.86
      vertex 43.0981 -64.2281 6.35
      vertex 43.0819 -63.1553 5.86
    endloop
  endfacet
  facet normal -0.633848 0.315049 0.706385
    outer loop
      vertex 43.0981 -64.2281 6.35
      vertex 42.6654 -64 5.86
      vertex 43.0897 -64.245 6.35
    endloop
  endfacet
  facet normal -0.532176 0.466703 0.706383
    outer loop
      vertex 42.5309 -65.0814 6.35
      vertex 42.1421 -64.7831 5.86
      vertex 41.8801 -65.8235 6.35
    endloop
  endfacet
  facet normal -0.694273 0.138123 0.706334
    outer loop
      vertex 43.8616 -62.3718 6.35
      vertex 44.0542 -61.4037 6.35
      vertex 43.5684 -61.3398 5.86
    endloop
  endfacet
  facet normal -0.532176 -0.466703 0.706383
    outer loop
      vertex 42.1421 -56.0169 5.86
      vertex 42.5309 -55.7186 6.35
      vertex 41.8801 -54.9765 6.35
    endloop
  endfacet
  facet normal -0.694273 -0.138123 0.706334
    outer loop
      vertex 44.0542 -59.3963 6.35
      vertex 43.8616 -58.4282 6.35
      vertex 43.5684 -59.4602 5.86
    endloop
  endfacet
  facet normal 0.313035 -0.634891 0.706345
    outer loop
      vertex 33.6747 -53.7481 5.86
      vertex 33.4872 -53.2954 6.35
      vertex 32.6019 -53.7319 6.35
    endloop
  endfacet
  facet normal 0.466703 0.532176 0.706383
    outer loop
      vertex 31.7486 -66.5009 6.35
      vertex 32.0469 -66.1121 5.86
      vertex 31.0065 -65.8501 6.35
    endloop
  endfacet
  facet normal 0.588532 0.393281 0.706371
    outer loop
      vertex 30.1946 -64 5.86
      vertex 29.7807 -64.2607 6.35
      vertex 30.7179 -64.7831 5.86
    endloop
  endfacet
  facet normal 0.590084 0.390884 0.706407
    outer loop
      vertex 29.7807 -64.2607 6.35
      vertex 30.1946 -64 5.86
      vertex 29.7703 -64.245 6.35
    endloop
  endfacet
  facet normal 0.31304 0.634875 0.706357
    outer loop
      vertex 32.83 -66.6354 5.86
      vertex 32.6019 -67.0681 6.35
      vertex 33.6747 -67.0519 5.86
    endloop
  endfacet
  facet normal 0.315049 0.633848 0.706385
    outer loop
      vertex 32.6019 -67.0681 6.35
      vertex 32.83 -66.6354 5.86
      vertex 32.585 -67.0597 6.35
    endloop
  endfacet
  facet normal -0.533211 -0.465621 0.706317
    outer loop
      vertex 41.5212 -55.3088 5.86
      vertex 41.8801 -54.9765 6.35
      vertex 41.8677 -54.9623 6.35
    endloop
  endfacet
  facet normal -0.532242 -0.466698 0.706337
    outer loop
      vertex 41.8801 -54.9765 6.35
      vertex 41.5212 -55.3088 5.86
      vertex 42.1421 -56.0169 5.86
    endloop
  endfacet
  facet normal 0.706354 -0.04633 0.706341
    outer loop
      vertex 29.2916 -59.4602 5.86
      vertex 28.8058 -59.3963 6.35
      vertex 28.7412 -60.3812 6.35
    endloop
  endfacet
  facet normal 0.670291 0.227566 0.706345
    outer loop
      vertex 29.3254 -63.3428 6.35
      vertex 29.7781 -63.1553 5.86
      vertex 29.0081 -62.4082 6.35
    endloop
  endfacet
  facet normal -0.13523 0.694934 0.706244
    outer loop
      vertex 38.2935 -67.3547 5.86
      vertex 38.4018 -67.8316 6.35
      vertex 38.4203 -67.828 6.35
    endloop
  endfacet
  facet normal -0.138084 0.694329 0.706286
    outer loop
      vertex 38.4018 -67.8316 6.35
      vertex 38.2935 -67.3547 5.86
      vertex 37.3698 -67.5384 5.86
    endloop
  endfacet
  facet normal 0.634891 -0.313035 0.706345
    outer loop
      vertex 29.7781 -57.6447 5.86
      vertex 29.7619 -56.5719 6.35
      vertex 29.3254 -57.4572 6.35
    endloop
  endfacet
  facet normal 0.04633 -0.706354 0.706341
    outer loop
      vertex 35.4902 -53.2616 5.86
      vertex 36.4112 -52.7112 6.35
      vertex 35.4263 -52.7758 6.35
    endloop
  endfacet
  facet normal 0.138084 -0.694329 0.706286
    outer loop
      vertex 34.4582 -52.9684 6.35
      vertex 34.5665 -53.4453 5.86
      vertex 35.4902 -53.2616 5.86
    endloop
  endfacet
  facet normal 0.13523 -0.694934 0.706244
    outer loop
      vertex 34.5665 -53.4453 5.86
      vertex 34.4582 -52.9684 6.35
      vertex 34.4397 -52.972 6.35
    endloop
  endfacet
  facet normal 0.706388 0.0450886 0.706388
    outer loop
      vertex 28.7412 -60.4188 6.35
      vertex 29.23 -60.4 5.86
      vertex 28.74 -60.4 6.35
    endloop
  endfacet
  facet normal 0.706325 0.0462967 0.706372
    outer loop
      vertex 29.23 -60.4 5.86
      vertex 28.7412 -60.4188 6.35
      vertex 29.2916 -61.3398 5.86
    endloop
  endfacet
  facet normal 0.39326 -0.588528 0.706386
    outer loop
      vertex 32.0469 -54.6879 5.86
      vertex 32.5693 -53.7507 6.35
      vertex 31.7486 -54.2991 6.35
    endloop
  endfacet
  facet normal -0.39326 -0.588528 0.706386
    outer loop
      vertex 40.8131 -54.6879 5.86
      vertex 41.1114 -54.2991 6.35
      vertex 40.2907 -53.7507 6.35
    endloop
  endfacet
  facet normal -0.0450886 -0.706388 0.706388
    outer loop
      vertex 36.43 -53.2 5.86
      vertex 36.4488 -52.7112 6.35
      vertex 36.43 -52.71 6.35
    endloop
  endfacet
  facet normal -0.0462967 -0.706325 0.706372
    outer loop
      vertex 36.4488 -52.7112 6.35
      vertex 36.43 -53.2 5.86
      vertex 37.3698 -53.2616 5.86
    endloop
  endfacet
  facet normal -0.138123 -0.694273 0.706334
    outer loop
      vertex 38.4018 -52.9684 6.35
      vertex 37.4337 -52.7758 6.35
      vertex 37.3698 -53.2616 5.86
    endloop
  endfacet
  facet normal -0.588528 -0.39326 0.706386
    outer loop
      vertex 43.0793 -56.5393 6.35
      vertex 42.5309 -55.7186 6.35
      vertex 42.1421 -56.0169 5.86
    endloop
  endfacet
  facet normal -0.590084 -0.390884 0.706407
    outer loop
      vertex 43.0793 -56.5393 6.35
      vertex 42.6654 -56.8 5.86
      vertex 43.0897 -56.555 6.35
    endloop
  endfacet
  facet normal -0.588532 -0.393281 0.706371
    outer loop
      vertex 42.6654 -56.8 5.86
      vertex 43.0793 -56.5393 6.35
      vertex 42.1421 -56.0169 5.86
    endloop
  endfacet
  facet normal 0.228344 -0.67006 0.706313
    outer loop
      vertex 34.4218 -52.9781 6.35
      vertex 34.5665 -53.4453 5.86
      vertex 34.4397 -52.972 6.35
    endloop
  endfacet
  facet normal 0.227594 -0.670304 0.706324
    outer loop
      vertex 34.5665 -53.4453 5.86
      vertex 34.4218 -52.9781 6.35
      vertex 33.6747 -53.7481 5.86
    endloop
  endfacet
  facet normal -0.315049 0.633848 0.706385
    outer loop
      vertex 40.03 -66.6354 5.86
      vertex 40.2581 -67.0681 6.35
      vertex 40.275 -67.0597 6.35
    endloop
  endfacet
  facet normal -0.31304 0.634875 0.706357
    outer loop
      vertex 40.2581 -67.0681 6.35
      vertex 40.03 -66.6354 5.86
      vertex 39.1853 -67.0519 5.86
    endloop
  endfacet
  facet normal 0.670304 -0.227594 0.706324
    outer loop
      vertex 29.0081 -58.3918 6.35
      vertex 29.4753 -58.5365 5.86
      vertex 29.7781 -57.6447 5.86
    endloop
  endfacet
  facet normal 0.67006 -0.228344 0.706313
    outer loop
      vertex 29.4753 -58.5365 5.86
      vertex 29.0081 -58.3918 6.35
      vertex 29.002 -58.4097 6.35
    endloop
  endfacet
  facet normal 0.466698 0.532242 0.706337
    outer loop
      vertex 31.3388 -65.4912 5.86
      vertex 31.0065 -65.8501 6.35
      vertex 32.0469 -66.1121 5.86
    endloop
  endfacet
  facet normal 0.465621 0.533211 0.706317
    outer loop
      vertex 31.0065 -65.8501 6.35
      vertex 31.3388 -65.4912 5.86
      vertex 30.9923 -65.8377 6.35
    endloop
  endfacet
  facet normal 0.694273 -0.138123 0.706334
    outer loop
      vertex 29.2916 -59.4602 5.86
      vertex 28.9984 -58.4282 6.35
      vertex 28.8058 -59.3963 6.35
    endloop
  endfacet
  facet normal 0.138123 0.694273 0.706334
    outer loop
      vertex 35.4263 -68.0242 6.35
      vertex 35.4902 -67.5384 5.86
      vertex 34.4582 -67.8316 6.35
    endloop
  endfacet
  facet normal 0.466698 -0.532242 0.706337
    outer loop
      vertex 31.0065 -54.9499 6.35
      vertex 31.3388 -55.3088 5.86
      vertex 32.0469 -54.6879 5.86
    endloop
  endfacet
  facet normal 0.465621 -0.533211 0.706317
    outer loop
      vertex 31.3388 -55.3088 5.86
      vertex 31.0065 -54.9499 6.35
      vertex 30.9923 -54.9623 6.35
    endloop
  endfacet
  facet normal -0.39326 0.588528 0.706386
    outer loop
      vertex 41.1114 -66.5009 6.35
      vertex 40.8131 -66.1121 5.86
      vertex 40.2907 -67.0493 6.35
    endloop
  endfacet
  facet normal -0.67006 0.228344 0.706313
    outer loop
      vertex 43.3847 -62.2635 5.86
      vertex 43.8519 -62.4082 6.35
      vertex 43.858 -62.3903 6.35
    endloop
  endfacet
  facet normal -0.670304 0.227594 0.706324
    outer loop
      vertex 43.8519 -62.4082 6.35
      vertex 43.3847 -62.2635 5.86
      vertex 43.0819 -63.1553 5.86
    endloop
  endfacet
  facet normal -0.694934 -0.13523 0.706244
    outer loop
      vertex 43.3847 -58.5365 5.86
      vertex 43.8616 -58.4282 6.35
      vertex 43.858 -58.4097 6.35
    endloop
  endfacet
  facet normal -0.694329 -0.138084 0.706286
    outer loop
      vertex 43.8616 -58.4282 6.35
      vertex 43.3847 -58.5365 5.86
      vertex 43.5684 -59.4602 5.86
    endloop
  endfacet
  facet normal -0.466703 0.532176 0.706383
    outer loop
      vertex 41.1114 -66.5009 6.35
      vertex 41.8535 -65.8501 6.35
      vertex 40.8131 -66.1121 5.86
    endloop
  endfacet
  facet normal 0.532176 0.466703 0.706383
    outer loop
      vertex 30.9799 -65.8235 6.35
      vertex 30.7179 -64.7831 5.86
      vertex 30.3291 -65.0814 6.35
    endloop
  endfacet
  facet normal -0.04633 0.706354 0.706341
    outer loop
      vertex 37.4337 -68.0242 6.35
      vertex 37.3698 -67.5384 5.86
      vertex 36.4488 -68.0888 6.35
    endloop
  endfacet
  facet normal -0.313035 0.634891 0.706345
    outer loop
      vertex 39.3728 -67.5046 6.35
      vertex 40.2581 -67.0681 6.35
      vertex 39.1853 -67.0519 5.86
    endloop
  endfacet
  facet normal 0.670304 0.227594 0.706324
    outer loop
      vertex 29.4753 -62.2635 5.86
      vertex 29.0081 -62.4082 6.35
      vertex 29.7781 -63.1553 5.86
    endloop
  endfacet
  facet normal 0.67006 0.228344 0.706313
    outer loop
      vertex 29.0081 -62.4082 6.35
      vertex 29.4753 -62.2635 5.86
      vertex 29.002 -62.3903 6.35
    endloop
  endfacet
  facet normal -0.634891 0.313035 0.706345
    outer loop
      vertex 43.0981 -64.2281 6.35
      vertex 43.5346 -63.3428 6.35
      vertex 43.0819 -63.1553 5.86
    endloop
  endfacet
  facet normal -0.138123 0.694273 0.706334
    outer loop
      vertex 37.4337 -68.0242 6.35
      vertex 38.4018 -67.8316 6.35
      vertex 37.3698 -67.5384 5.86
    endloop
  endfacet
  facet normal -0.706354 -0.04633 0.706341
    outer loop
      vertex 44.1188 -60.3812 6.35
      vertex 44.0542 -59.3963 6.35
      vertex 43.5684 -59.4602 5.86
    endloop
  endfacet
  facet normal -0.706325 -0.0462967 0.706372
    outer loop
      vertex 43.63 -60.4 5.86
      vertex 44.1188 -60.3812 6.35
      vertex 43.5684 -59.4602 5.86
    endloop
  endfacet
  facet normal -0.706388 -0.0450886 0.706388
    outer loop
      vertex 44.1188 -60.3812 6.35
      vertex 43.63 -60.4 5.86
      vertex 44.12 -60.4 6.35
    endloop
  endfacet
  facet normal -0.532242 0.466698 0.706337
    outer loop
      vertex 41.5212 -65.4912 5.86
      vertex 41.8801 -65.8235 6.35
      vertex 42.1421 -64.7831 5.86
    endloop
  endfacet
  facet normal -0.533211 0.465621 0.706317
    outer loop
      vertex 41.8801 -65.8235 6.35
      vertex 41.5212 -65.4912 5.86
      vertex 41.8677 -65.8377 6.35
    endloop
  endfacet
  facet normal -0.590084 0.390884 0.706407
    outer loop
      vertex 42.6654 -64 5.86
      vertex 43.0793 -64.2607 6.35
      vertex 43.0897 -64.245 6.35
    endloop
  endfacet
  facet normal -0.588532 0.393281 0.706371
    outer loop
      vertex 43.0793 -64.2607 6.35
      vertex 42.6654 -64 5.86
      vertex 42.1421 -64.7831 5.86
    endloop
  endfacet
  facet normal 0.694273 0.138123 0.706334
    outer loop
      vertex 28.9984 -62.3718 6.35
      vertex 29.2916 -61.3398 5.86
      vertex 28.8058 -61.4037 6.35
    endloop
  endfacet
  facet normal -0.0462967 0.706325 0.706372
    outer loop
      vertex 36.43 -67.6 5.86
      vertex 36.4488 -68.0888 6.35
      vertex 37.3698 -67.5384 5.86
    endloop
  endfacet
  facet normal -0.0450886 0.706388 0.706388
    outer loop
      vertex 36.4488 -68.0888 6.35
      vertex 36.43 -67.6 5.86
      vertex 36.43 -68.09 6.35
    endloop
  endfacet
  facet normal -0.670291 0.227566 0.706345
    outer loop
      vertex 43.5346 -63.3428 6.35
      vertex 43.8519 -62.4082 6.35
      vertex 43.0819 -63.1553 5.86
    endloop
  endfacet
  facet normal 0.313035 0.634891 0.706345
    outer loop
      vertex 33.4872 -67.5046 6.35
      vertex 33.6747 -67.0519 5.86
      vertex 32.6019 -67.0681 6.35
    endloop
  endfacet
  facet normal 0.228344 0.67006 0.706313
    outer loop
      vertex 34.5665 -67.3547 5.86
      vertex 34.4218 -67.8219 6.35
      vertex 34.4397 -67.828 6.35
    endloop
  endfacet
  facet normal 0.227594 0.670304 0.706324
    outer loop
      vertex 34.4218 -67.8219 6.35
      vertex 34.5665 -67.3547 5.86
      vertex 33.6747 -67.0519 5.86
    endloop
  endfacet
  facet normal 0.138084 0.694329 0.706286
    outer loop
      vertex 34.5665 -67.3547 5.86
      vertex 34.4582 -67.8316 6.35
      vertex 35.4902 -67.5384 5.86
    endloop
  endfacet
  facet normal 0.13523 0.694934 0.706244
    outer loop
      vertex 34.4582 -67.8316 6.35
      vertex 34.5665 -67.3547 5.86
      vertex 34.4397 -67.828 6.35
    endloop
  endfacet
  facet normal 0.31304 -0.634875 0.706357
    outer loop
      vertex 32.6019 -53.7319 6.35
      vertex 32.83 -54.1646 5.86
      vertex 33.6747 -53.7481 5.86
    endloop
  endfacet
  facet normal 0.315049 -0.633848 0.706385
    outer loop
      vertex 32.83 -54.1646 5.86
      vertex 32.6019 -53.7319 6.35
      vertex 32.585 -53.7403 6.35
    endloop
  endfacet
  facet normal 0.533211 -0.465621 0.706317
    outer loop
      vertex 30.9799 -54.9765 6.35
      vertex 31.3388 -55.3088 5.86
      vertex 30.9923 -54.9623 6.35
    endloop
  endfacet
  facet normal 0.532242 -0.466698 0.706337
    outer loop
      vertex 31.3388 -55.3088 5.86
      vertex 30.9799 -54.9765 6.35
      vertex 30.7179 -56.0169 5.86
    endloop
  endfacet
  facet normal -0.228344 -0.67006 0.706313
    outer loop
      vertex 38.2935 -53.4453 5.86
      vertex 38.4382 -52.9781 6.35
      vertex 38.4203 -52.972 6.35
    endloop
  endfacet
  facet normal -0.227594 -0.670304 0.706324
    outer loop
      vertex 38.4382 -52.9781 6.35
      vertex 38.2935 -53.4453 5.86
      vertex 39.1853 -53.7481 5.86
    endloop
  endfacet
  facet normal 0.39326 0.588528 0.706386
    outer loop
      vertex 32.5693 -67.0493 6.35
      vertex 32.0469 -66.1121 5.86
      vertex 31.7486 -66.5009 6.35
    endloop
  endfacet
  facet normal 0.633848 -0.315049 0.706385
    outer loop
      vertex 29.7619 -56.5719 6.35
      vertex 30.1946 -56.8 5.86
      vertex 29.7703 -56.555 6.35
    endloop
  endfacet
  facet normal 0.634875 -0.31304 0.706357
    outer loop
      vertex 30.1946 -56.8 5.86
      vertex 29.7619 -56.5719 6.35
      vertex 29.7781 -57.6447 5.86
    endloop
  endfacet
  facet normal -0.633848 -0.315049 0.706385
    outer loop
      vertex 42.6654 -56.8 5.86
      vertex 43.0981 -56.5719 6.35
      vertex 43.0897 -56.555 6.35
    endloop
  endfacet
  facet normal -0.634875 -0.31304 0.706357
    outer loop
      vertex 43.0981 -56.5719 6.35
      vertex 42.6654 -56.8 5.86
      vertex 43.0819 -57.6447 5.86
    endloop
  endfacet
  facet normal 0.706354 0.04633 0.706341
    outer loop
      vertex 28.8058 -61.4037 6.35
      vertex 29.2916 -61.3398 5.86
      vertex 28.7412 -60.4188 6.35
    endloop
  endfacet
  facet normal -0.465621 -0.533211 0.706317
    outer loop
      vertex 41.8535 -54.9499 6.35
      vertex 41.5212 -55.3088 5.86
      vertex 41.8677 -54.9623 6.35
    endloop
  endfacet
  facet normal -0.466698 -0.532242 0.706337
    outer loop
      vertex 41.5212 -55.3088 5.86
      vertex 41.8535 -54.9499 6.35
      vertex 40.8131 -54.6879 5.86
    endloop
  endfacet
  facet normal -0.67006 -0.228344 0.706313
    outer loop
      vertex 43.8519 -58.3918 6.35
      vertex 43.3847 -58.5365 5.86
      vertex 43.858 -58.4097 6.35
    endloop
  endfacet
  facet normal -0.670304 -0.227594 0.706324
    outer loop
      vertex 43.3847 -58.5365 5.86
      vertex 43.8519 -58.3918 6.35
      vertex 43.0819 -57.6447 5.86
    endloop
  endfacet
  facet normal -0.670291 -0.227566 0.706345
    outer loop
      vertex 43.8519 -58.3918 6.35
      vertex 43.5346 -57.4572 6.35
      vertex 43.0819 -57.6447 5.86
    endloop
  endfacet
  facet normal 0.466703 -0.532176 0.706383
    outer loop
      vertex 32.0469 -54.6879 5.86
      vertex 31.7486 -54.2991 6.35
      vertex 31.0065 -54.9499 6.35
    endloop
  endfacet
  facet normal 0.533211 0.465621 0.706317
    outer loop
      vertex 31.3388 -65.4912 5.86
      vertex 30.9799 -65.8235 6.35
      vertex 30.9923 -65.8377 6.35
    endloop
  endfacet
  facet normal 0.532242 0.466698 0.706337
    outer loop
      vertex 30.9799 -65.8235 6.35
      vertex 31.3388 -65.4912 5.86
      vertex 30.7179 -64.7831 5.86
    endloop
  endfacet
  facet normal 0.390884 0.590084 0.706407
    outer loop
      vertex 32.83 -66.6354 5.86
      vertex 32.5693 -67.0493 6.35
      vertex 32.585 -67.0597 6.35
    endloop
  endfacet
  facet normal 0.393281 0.588532 0.706371
    outer loop
      vertex 32.5693 -67.0493 6.35
      vertex 32.83 -66.6354 5.86
      vertex 32.0469 -66.1121 5.86
    endloop
  endfacet
  facet normal -0.393281 0.588532 0.706371
    outer loop
      vertex 40.03 -66.6354 5.86
      vertex 40.2907 -67.0493 6.35
      vertex 40.8131 -66.1121 5.86
    endloop
  endfacet
  facet normal -0.390884 0.590084 0.706407
    outer loop
      vertex 40.2907 -67.0493 6.35
      vertex 40.03 -66.6354 5.86
      vertex 40.275 -67.0597 6.35
    endloop
  endfacet
  facet normal -0.227594 0.670304 0.706324
    outer loop
      vertex 38.2935 -67.3547 5.86
      vertex 38.4382 -67.8219 6.35
      vertex 39.1853 -67.0519 5.86
    endloop
  endfacet
  facet normal -0.228344 0.67006 0.706313
    outer loop
      vertex 38.4382 -67.8219 6.35
      vertex 38.2935 -67.3547 5.86
      vertex 38.4203 -67.828 6.35
    endloop
  endfacet
  facet normal 0.588532 -0.393281 0.706371
    outer loop
      vertex 29.7807 -56.5393 6.35
      vertex 30.1946 -56.8 5.86
      vertex 30.7179 -56.0169 5.86
    endloop
  endfacet
  facet normal 0.590084 -0.390884 0.706407
    outer loop
      vertex 30.1946 -56.8 5.86
      vertex 29.7807 -56.5393 6.35
      vertex 29.7703 -56.555 6.35
    endloop
  endfacet
  facet normal 0.634875 0.31304 0.706357
    outer loop
      vertex 29.7619 -64.2281 6.35
      vertex 30.1946 -64 5.86
      vertex 29.7781 -63.1553 5.86
    endloop
  endfacet
  facet normal 0.633848 0.315049 0.706385
    outer loop
      vertex 30.1946 -64 5.86
      vertex 29.7619 -64.2281 6.35
      vertex 29.7703 -64.245 6.35
    endloop
  endfacet
  facet normal -0.315049 -0.633848 0.706385
    outer loop
      vertex 40.2581 -53.7319 6.35
      vertex 40.03 -54.1646 5.86
      vertex 40.275 -53.7403 6.35
    endloop
  endfacet
  facet normal -0.31304 -0.634875 0.706357
    outer loop
      vertex 40.03 -54.1646 5.86
      vertex 40.2581 -53.7319 6.35
      vertex 39.1853 -53.7481 5.86
    endloop
  endfacet
  facet normal 0.588528 -0.39326 0.706386
    outer loop
      vertex 30.7179 -56.0169 5.86
      vertex 30.3291 -55.7186 6.35
      vertex 29.7807 -56.5393 6.35
    endloop
  endfacet
  facet normal 0.532176 -0.466703 0.706383
    outer loop
      vertex 30.7179 -56.0169 5.86
      vertex 30.9799 -54.9765 6.35
      vertex 30.3291 -55.7186 6.35
    endloop
  endfacet
  facet normal 0.694329 0.138084 0.706286
    outer loop
      vertex 28.9984 -62.3718 6.35
      vertex 29.4753 -62.2635 5.86
      vertex 29.2916 -61.3398 5.86
    endloop
  endfacet
  facet normal 0.694934 0.13523 0.706244
    outer loop
      vertex 29.4753 -62.2635 5.86
      vertex 28.9984 -62.3718 6.35
      vertex 29.002 -62.3903 6.35
    endloop
  endfacet
  facet normal -0.390884 -0.590084 0.706407
    outer loop
      vertex 40.03 -54.1646 5.86
      vertex 40.2907 -53.7507 6.35
      vertex 40.275 -53.7403 6.35
    endloop
  endfacet
  facet normal -0.393281 -0.588532 0.706371
    outer loop
      vertex 40.2907 -53.7507 6.35
      vertex 40.03 -54.1646 5.86
      vertex 40.8131 -54.6879 5.86
    endloop
  endfacet
  facet normal 0 0 1
    outer loop
      vertex 42.23 -60.4 3.2
      vertex 43.63 -60.4 3.2
      vertex 43.5684 -59.4602 3.2
    endloop
  endfacet
  facet normal 0 0 1
    outer loop
      vertex 42.1804 -59.6429 3.2
      vertex 43.5684 -59.4602 3.2
      vertex 43.3847 -58.5365 3.2
    endloop
  endfacet
  facet normal 0 0 1
    outer loop
      vertex 43.63 -60.4 3.2
      vertex 42.23 -60.4 3.2
      vertex 43.5684 -61.3398 3.2
    endloop
  endfacet
  facet normal 0 0 1
    outer loop
      vertex 42.0324 -58.8988 3.2
      vertex 43.3847 -58.5365 3.2
      vertex 43.0819 -57.6447 3.2
    endloop
  endfacet
  facet normal -0 0 1
    outer loop
      vertex 42.1804 -61.1571 3.2
      vertex 43.5684 -61.3398 3.2
      vertex 42.23 -60.4 3.2
    endloop
  endfacet
  facet normal 0 0 1
    outer loop
      vertex 41.7885 -58.1804 3.2
      vertex 43.0819 -57.6447 3.2
      vertex 42.6654 -56.8 3.2
    endloop
  endfacet
  facet normal 0 0 1
    outer loop
      vertex 43.5684 -61.3398 3.2
      vertex 42.1804 -61.1571 3.2
      vertex 43.3847 -62.2635 3.2
    endloop
  endfacet
  facet normal -0 0 1
    outer loop
      vertex 42.0324 -61.9011 3.2
      vertex 43.3847 -62.2635 3.2
      vertex 42.1804 -61.1571 3.2
    endloop
  endfacet
  facet normal 0 0 1
    outer loop
      vertex 43.5684 -59.4602 3.2
      vertex 42.1804 -59.6429 3.2
      vertex 42.23 -60.4 3.2
    endloop
  endfacet
  facet normal 0 0 1
    outer loop
      vertex 41.4529 -57.5 3.2
      vertex 42.6654 -56.8 3.2
      vertex 42.1421 -56.0169 3.2
    endloop
  endfacet
  facet normal 0 0 1
    outer loop
      vertex 43.3847 -58.5365 3.2
      vertex 42.0324 -58.8988 3.2
      vertex 42.1804 -59.6429 3.2
    endloop
  endfacet
  facet normal 0 0 1
    outer loop
      vertex 43.0819 -57.6447 3.2
      vertex 41.7885 -58.1804 3.2
      vertex 42.0324 -58.8988 3.2
    endloop
  endfacet
  facet normal 0 0 1
    outer loop
      vertex 41.0314 -56.8692 3.2
      vertex 42.1421 -56.0169 3.2
      vertex 41.5212 -55.3088 3.2
    endloop
  endfacet
  facet normal 0 0 1
    outer loop
      vertex 42.6654 -56.8 3.2
      vertex 41.4529 -57.5 3.2
      vertex 41.7885 -58.1804 3.2
    endloop
  endfacet
  facet normal 0 0 1
    outer loop
      vertex 42.1421 -56.0169 3.2
      vertex 41.0314 -56.8692 3.2
      vertex 41.4529 -57.5 3.2
    endloop
  endfacet
  facet normal 0 0 1
    outer loop
      vertex 40.5312 -56.2988 3.2
      vertex 41.5212 -55.3088 3.2
      vertex 40.8131 -54.6879 3.2
    endloop
  endfacet
  facet normal 0 0 1
    outer loop
      vertex 41.5212 -55.3088 3.2
      vertex 40.5312 -56.2988 3.2
      vertex 41.0314 -56.8692 3.2
    endloop
  endfacet
  facet normal 0 0 1
    outer loop
      vertex 39.9608 -55.7985 3.2
      vertex 40.8131 -54.6879 3.2
      vertex 40.03 -54.1646 3.2
    endloop
  endfacet
  facet normal 0 0 1
    outer loop
      vertex 40.8131 -54.6879 3.2
      vertex 39.9608 -55.7985 3.2
      vertex 40.5312 -56.2988 3.2
    endloop
  endfacet
  facet normal 0 0 1
    outer loop
      vertex 40.03 -54.1646 3.2
      vertex 39.33 -55.3771 3.2
      vertex 39.9608 -55.7985 3.2
    endloop
  endfacet
  facet normal 0 0 1
    outer loop
      vertex 39.1853 -53.7481 3.2
      vertex 39.33 -55.3771 3.2
      vertex 40.03 -54.1646 3.2
    endloop
  endfacet
  facet normal 0 0 1
    outer loop
      vertex 39.1853 -53.7481 3.2
      vertex 38.6496 -55.0415 3.2
      vertex 39.33 -55.3771 3.2
    endloop
  endfacet
  facet normal 0 0 1
    outer loop
      vertex 38.2935 -53.4453 3.2
      vertex 38.6496 -55.0415 3.2
      vertex 39.1853 -53.7481 3.2
    endloop
  endfacet
  facet normal 0 0 1
    outer loop
      vertex 38.2935 -53.4453 3.2
      vertex 37.9311 -54.7976 3.2
      vertex 38.6496 -55.0415 3.2
    endloop
  endfacet
  facet normal 0 0 1
    outer loop
      vertex 37.3698 -53.2616 3.2
      vertex 37.9311 -54.7976 3.2
      vertex 38.2935 -53.4453 3.2
    endloop
  endfacet
  facet normal 0 0 1
    outer loop
      vertex 37.3698 -53.2616 3.2
      vertex 37.187 -54.6496 3.2
      vertex 37.9311 -54.7976 3.2
    endloop
  endfacet
  facet normal 0 0 1
    outer loop
      vertex 36.43 -53.2 3.2
      vertex 37.187 -54.6496 3.2
      vertex 37.3698 -53.2616 3.2
    endloop
  endfacet
  facet normal 0 0 1
    outer loop
      vertex 36.43 -53.2 3.2
      vertex 36.43 -54.6 3.2
      vertex 37.187 -54.6496 3.2
    endloop
  endfacet
  facet normal 0 0 1
    outer loop
      vertex 36.43 -53.2 3.2
      vertex 35.6729 -54.6496 3.2
      vertex 36.43 -54.6 3.2
    endloop
  endfacet
  facet normal -0 0 1
    outer loop
      vertex 35.4902 -53.2616 3.2
      vertex 35.6729 -54.6496 3.2
      vertex 36.43 -53.2 3.2
    endloop
  endfacet
  facet normal 0 0 1
    outer loop
      vertex 35.4902 -53.2616 3.2
      vertex 34.9288 -54.7976 3.2
      vertex 35.6729 -54.6496 3.2
    endloop
  endfacet
  facet normal -0 0 1
    outer loop
      vertex 34.5665 -53.4453 3.2
      vertex 34.9288 -54.7976 3.2
      vertex 35.4902 -53.2616 3.2
    endloop
  endfacet
  facet normal 0 0 1
    outer loop
      vertex 34.5665 -53.4453 3.2
      vertex 34.2104 -55.0415 3.2
      vertex 34.9288 -54.7976 3.2
    endloop
  endfacet
  facet normal -0 0 1
    outer loop
      vertex 33.6747 -53.7481 3.2
      vertex 34.2104 -55.0415 3.2
      vertex 34.5665 -53.4453 3.2
    endloop
  endfacet
  facet normal 0 0 1
    outer loop
      vertex 33.6747 -53.7481 3.2
      vertex 33.53 -55.3771 3.2
      vertex 34.2104 -55.0415 3.2
    endloop
  endfacet
  facet normal -0 0 1
    outer loop
      vertex 32.83 -54.1646 3.2
      vertex 33.53 -55.3771 3.2
      vertex 33.6747 -53.7481 3.2
    endloop
  endfacet
  facet normal 0 0 1
    outer loop
      vertex 33.53 -55.3771 3.2
      vertex 32.83 -54.1646 3.2
      vertex 32.8992 -55.7985 3.2
    endloop
  endfacet
  facet normal -0 0 1
    outer loop
      vertex 32.0469 -54.6879 3.2
      vertex 32.8992 -55.7985 3.2
      vertex 32.83 -54.1646 3.2
    endloop
  endfacet
  facet normal 0 0 1
    outer loop
      vertex 32.8992 -55.7985 3.2
      vertex 32.0469 -54.6879 3.2
      vertex 32.3288 -56.2988 3.2
    endloop
  endfacet
  facet normal -0 0 1
    outer loop
      vertex 31.3388 -55.3088 3.2
      vertex 32.3288 -56.2988 3.2
      vertex 32.0469 -54.6879 3.2
    endloop
  endfacet
  facet normal 0 0 1
    outer loop
      vertex 32.3288 -56.2988 3.2
      vertex 31.3388 -55.3088 3.2
      vertex 31.8286 -56.8692 3.2
    endloop
  endfacet
  facet normal -0 0 1
    outer loop
      vertex 30.7179 -56.0169 3.2
      vertex 31.8286 -56.8692 3.2
      vertex 31.3388 -55.3088 3.2
    endloop
  endfacet
  facet normal 0 0 1
    outer loop
      vertex 31.8286 -56.8692 3.2
      vertex 30.7179 -56.0169 3.2
      vertex 31.4071 -57.5 3.2
    endloop
  endfacet
  facet normal -0 0 1
    outer loop
      vertex 30.1946 -56.8 3.2
      vertex 31.4071 -57.5 3.2
      vertex 30.7179 -56.0169 3.2
    endloop
  endfacet
  facet normal 0 0 1
    outer loop
      vertex 31.4071 -57.5 3.2
      vertex 30.1946 -56.8 3.2
      vertex 31.0715 -58.1804 3.2
    endloop
  endfacet
  facet normal -0 0 1
    outer loop
      vertex 29.7781 -57.6447 3.2
      vertex 31.0715 -58.1804 3.2
      vertex 30.1946 -56.8 3.2
    endloop
  endfacet
  facet normal 0 0 1
    outer loop
      vertex 31.0715 -58.1804 3.2
      vertex 29.7781 -57.6447 3.2
      vertex 30.8276 -58.8988 3.2
    endloop
  endfacet
  facet normal -0 0 1
    outer loop
      vertex 29.4753 -58.5365 3.2
      vertex 30.8276 -58.8988 3.2
      vertex 29.7781 -57.6447 3.2
    endloop
  endfacet
  facet normal 0 0 1
    outer loop
      vertex 43.3847 -62.2635 3.2
      vertex 42.0324 -61.9011 3.2
      vertex 43.0819 -63.1553 3.2
    endloop
  endfacet
  facet normal -0 0 1
    outer loop
      vertex 41.7885 -62.6196 3.2
      vertex 43.0819 -63.1553 3.2
      vertex 42.0324 -61.9011 3.2
    endloop
  endfacet
  facet normal 0 0 1
    outer loop
      vertex 43.0819 -63.1553 3.2
      vertex 41.7885 -62.6196 3.2
      vertex 42.6654 -64 3.2
    endloop
  endfacet
  facet normal -0 0 1
    outer loop
      vertex 41.4529 -63.3 3.2
      vertex 42.6654 -64 3.2
      vertex 41.7885 -62.6196 3.2
    endloop
  endfacet
  facet normal 0 0 1
    outer loop
      vertex 42.6654 -64 3.2
      vertex 41.4529 -63.3 3.2
      vertex 42.1421 -64.7831 3.2
    endloop
  endfacet
  facet normal -0 0 1
    outer loop
      vertex 41.0314 -63.9308 3.2
      vertex 42.1421 -64.7831 3.2
      vertex 41.4529 -63.3 3.2
    endloop
  endfacet
  facet normal 0 0 1
    outer loop
      vertex 42.1421 -64.7831 3.2
      vertex 41.0314 -63.9308 3.2
      vertex 41.5212 -65.4912 3.2
    endloop
  endfacet
  facet normal -0 0 1
    outer loop
      vertex 40.5312 -64.5012 3.2
      vertex 41.5212 -65.4912 3.2
      vertex 41.0314 -63.9308 3.2
    endloop
  endfacet
  facet normal 0 0 1
    outer loop
      vertex 41.5212 -65.4912 3.2
      vertex 40.5312 -64.5012 3.2
      vertex 40.8131 -66.1121 3.2
    endloop
  endfacet
  facet normal -0 0 1
    outer loop
      vertex 39.9608 -65.0014 3.2
      vertex 40.8131 -66.1121 3.2
      vertex 40.5312 -64.5012 3.2
    endloop
  endfacet
  facet normal 0 0 1
    outer loop
      vertex 40.8131 -66.1121 3.2
      vertex 39.9608 -65.0014 3.2
      vertex 40.03 -66.6354 3.2
    endloop
  endfacet
  facet normal -0 0 1
    outer loop
      vertex 39.33 -65.423 3.2
      vertex 40.03 -66.6354 3.2
      vertex 39.9608 -65.0014 3.2
    endloop
  endfacet
  facet normal 0 0 1
    outer loop
      vertex 39.33 -65.423 3.2
      vertex 39.1853 -67.0519 3.2
      vertex 40.03 -66.6354 3.2
    endloop
  endfacet
  facet normal -0 0 1
    outer loop
      vertex 38.6496 -65.7585 3.2
      vertex 39.1853 -67.0519 3.2
      vertex 39.33 -65.423 3.2
    endloop
  endfacet
  facet normal 0 0 1
    outer loop
      vertex 38.6496 -65.7585 3.2
      vertex 38.2935 -67.3547 3.2
      vertex 39.1853 -67.0519 3.2
    endloop
  endfacet
  facet normal -0 0 1
    outer loop
      vertex 37.9311 -66.0024 3.2
      vertex 38.2935 -67.3547 3.2
      vertex 38.6496 -65.7585 3.2
    endloop
  endfacet
  facet normal 0 0 1
    outer loop
      vertex 37.9311 -66.0024 3.2
      vertex 37.3698 -67.5384 3.2
      vertex 38.2935 -67.3547 3.2
    endloop
  endfacet
  facet normal -0 0 1
    outer loop
      vertex 37.187 -66.1504 3.2
      vertex 37.3698 -67.5384 3.2
      vertex 37.9311 -66.0024 3.2
    endloop
  endfacet
  facet normal -0 0 1
    outer loop
      vertex 36.43 -66.2 3.2
      vertex 37.3698 -67.5384 3.2
      vertex 37.187 -66.1504 3.2
    endloop
  endfacet
  facet normal 0 0 1
    outer loop
      vertex 36.43 -66.2 3.2
      vertex 36.43 -67.6 3.2
      vertex 37.3698 -67.5384 3.2
    endloop
  endfacet
  facet normal 0 0 1
    outer loop
      vertex 35.6729 -66.1504 3.2
      vertex 36.43 -67.6 3.2
      vertex 36.43 -66.2 3.2
    endloop
  endfacet
  facet normal 0 0 1
    outer loop
      vertex 35.6729 -66.1504 3.2
      vertex 35.4902 -67.5384 3.2
      vertex 36.43 -67.6 3.2
    endloop
  endfacet
  facet normal 0 0 1
    outer loop
      vertex 34.9288 -66.0024 3.2
      vertex 35.4902 -67.5384 3.2
      vertex 35.6729 -66.1504 3.2
    endloop
  endfacet
  facet normal 0 0 1
    outer loop
      vertex 34.9288 -66.0024 3.2
      vertex 34.5665 -67.3547 3.2
      vertex 35.4902 -67.5384 3.2
    endloop
  endfacet
  facet normal 0 0 1
    outer loop
      vertex 34.2104 -65.7585 3.2
      vertex 34.5665 -67.3547 3.2
      vertex 34.9288 -66.0024 3.2
    endloop
  endfacet
  facet normal 0 0 1
    outer loop
      vertex 34.2104 -65.7585 3.2
      vertex 33.6747 -67.0519 3.2
      vertex 34.5665 -67.3547 3.2
    endloop
  endfacet
  facet normal 0 0 1
    outer loop
      vertex 33.53 -65.423 3.2
      vertex 33.6747 -67.0519 3.2
      vertex 34.2104 -65.7585 3.2
    endloop
  endfacet
  facet normal 0 0 1
    outer loop
      vertex 32.83 -66.6354 3.2
      vertex 33.53 -65.423 3.2
      vertex 32.8992 -65.0014 3.2
    endloop
  endfacet
  facet normal 0 0 1
    outer loop
      vertex 33.53 -65.423 3.2
      vertex 32.83 -66.6354 3.2
      vertex 33.6747 -67.0519 3.2
    endloop
  endfacet
  facet normal 0 0 1
    outer loop
      vertex 32.0469 -66.1121 3.2
      vertex 32.8992 -65.0014 3.2
      vertex 32.3288 -64.5012 3.2
    endloop
  endfacet
  facet normal 0 0 1
    outer loop
      vertex 32.8992 -65.0014 3.2
      vertex 32.0469 -66.1121 3.2
      vertex 32.83 -66.6354 3.2
    endloop
  endfacet
  facet normal 0 0 1
    outer loop
      vertex 31.3388 -65.4912 3.2
      vertex 32.3288 -64.5012 3.2
      vertex 31.8286 -63.9308 3.2
    endloop
  endfacet
  facet normal 0 0 1
    outer loop
      vertex 30.7179 -64.7831 3.2
      vertex 31.8286 -63.9308 3.2
      vertex 31.4071 -63.3 3.2
    endloop
  endfacet
  facet normal 0 0 1
    outer loop
      vertex 32.3288 -64.5012 3.2
      vertex 31.3388 -65.4912 3.2
      vertex 32.0469 -66.1121 3.2
    endloop
  endfacet
  facet normal 0 0 1
    outer loop
      vertex 30.1946 -64 3.2
      vertex 31.4071 -63.3 3.2
      vertex 31.0715 -62.6196 3.2
    endloop
  endfacet
  facet normal 0 0 1
    outer loop
      vertex 29.7781 -63.1553 3.2
      vertex 31.0715 -62.6196 3.2
      vertex 30.8276 -61.9011 3.2
    endloop
  endfacet
  facet normal 0 0 1
    outer loop
      vertex 31.8286 -63.9308 3.2
      vertex 30.7179 -64.7831 3.2
      vertex 31.3388 -65.4912 3.2
    endloop
  endfacet
  facet normal 0 0 1
    outer loop
      vertex 29.4753 -62.2635 3.2
      vertex 30.8276 -61.9011 3.2
      vertex 30.6796 -61.1571 3.2
    endloop
  endfacet
  facet normal 0 0 1
    outer loop
      vertex 29.2916 -61.3398 3.2
      vertex 30.6796 -61.1571 3.2
      vertex 30.63 -60.4 3.2
    endloop
  endfacet
  facet normal 0 0 1
    outer loop
      vertex 30.8276 -58.8988 3.2
      vertex 29.4753 -58.5365 3.2
      vertex 30.6796 -59.6429 3.2
    endloop
  endfacet
  facet normal 0 0 1
    outer loop
      vertex 31.4071 -63.3 3.2
      vertex 30.1946 -64 3.2
      vertex 30.7179 -64.7831 3.2
    endloop
  endfacet
  facet normal -0 0 1
    outer loop
      vertex 29.2916 -59.4602 3.2
      vertex 30.6796 -59.6429 3.2
      vertex 29.4753 -58.5365 3.2
    endloop
  endfacet
  facet normal 0 0 1
    outer loop
      vertex 31.0715 -62.6196 3.2
      vertex 29.7781 -63.1553 3.2
      vertex 30.1946 -64 3.2
    endloop
  endfacet
  facet normal 0 0 1
    outer loop
      vertex 30.6796 -59.6429 3.2
      vertex 29.2916 -59.4602 3.2
      vertex 30.63 -60.4 3.2
    endloop
  endfacet
  facet normal 0 0 1
    outer loop
      vertex 30.8276 -61.9011 3.2
      vertex 29.4753 -62.2635 3.2
      vertex 29.7781 -63.1553 3.2
    endloop
  endfacet
  facet normal 0 0 1
    outer loop
      vertex 29.23 -60.4 3.2
      vertex 30.63 -60.4 3.2
      vertex 29.2916 -59.4602 3.2
    endloop
  endfacet
  facet normal 0 0 1
    outer loop
      vertex 30.6796 -61.1571 3.2
      vertex 29.2916 -61.3398 3.2
      vertex 29.4753 -62.2635 3.2
    endloop
  endfacet
  facet normal 0 0 1
    outer loop
      vertex 30.63 -60.4 3.2
      vertex 29.23 -60.4 3.2
      vertex 29.2916 -61.3398 3.2
    endloop
  endfacet
  facet normal -0.980783 0.195102 0
    outer loop
      vertex 42.0324 -61.9011 2
      vertex 42.1804 -61.1571 3.2
      vertex 42.1804 -61.1571 2
    endloop
  endfacet
  facet normal -0.980783 0.195102 0
    outer loop
      vertex 42.1804 -61.1571 3.2
      vertex 42.0324 -61.9011 2
      vertex 42.0324 -61.9011 3.2
    endloop
  endfacet
  facet normal -0.997861 0.065373 0
    outer loop
      vertex 42.1804 -61.1571 2
      vertex 42.23 -60.4 3.2
      vertex 42.23 -60.4 2
    endloop
  endfacet
  facet normal -0.997861 0.065373 0
    outer loop
      vertex 42.23 -60.4 3.2
      vertex 42.1804 -61.1571 2
      vertex 42.1804 -61.1571 3.2
    endloop
  endfacet
  facet normal 0.997861 0.065373 0
    outer loop
      vertex 30.6796 -61.1571 3.2
      vertex 30.63 -60.4 2
      vertex 30.63 -60.4 3.2
    endloop
  endfacet
  facet normal 0.997861 0.065373 0
    outer loop
      vertex 30.63 -60.4 2
      vertex 30.6796 -61.1571 3.2
      vertex 30.6796 -61.1571 2
    endloop
  endfacet
  facet normal -0.659325 0.751858 0
    outer loop
      vertex 40.5312 -64.5012 2
      vertex 39.9608 -65.0014 3.2
      vertex 40.5312 -64.5012 3.2
    endloop
  endfacet
  facet normal -0.659325 0.751858 0
    outer loop
      vertex 39.9608 -65.0014 3.2
      vertex 40.5312 -64.5012 2
      vertex 39.9608 -65.0014 2
    endloop
  endfacet
  facet normal 0.831462 0.555582 0
    outer loop
      vertex 31.8286 -63.9308 3.2
      vertex 31.4071 -63.3 2
      vertex 31.4071 -63.3 3.2
    endloop
  endfacet
  facet normal 0.831462 0.555582 0
    outer loop
      vertex 31.4071 -63.3 2
      vertex 31.8286 -63.9308 3.2
      vertex 31.8286 -63.9308 2
    endloop
  endfacet
  facet normal -0.195077 -0.980788 0
    outer loop
      vertex 37.187 -54.6496 2
      vertex 37.9311 -54.7976 3.2
      vertex 37.187 -54.6496 3.2
    endloop
  endfacet
  facet normal -0.195077 -0.980788 -0
    outer loop
      vertex 37.9311 -54.7976 3.2
      vertex 37.187 -54.6496 2
      vertex 37.9311 -54.7976 2
    endloop
  endfacet
  facet normal 0.321482 -0.946916 0
    outer loop
      vertex 34.2104 -55.0415 2
      vertex 34.9288 -54.7976 3.2
      vertex 34.2104 -55.0415 3.2
    endloop
  endfacet
  facet normal 0.321482 -0.946916 0
    outer loop
      vertex 34.9288 -54.7976 3.2
      vertex 34.2104 -55.0415 2
      vertex 34.9288 -54.7976 2
    endloop
  endfacet
  facet normal -0.997861 -0.065373 0
    outer loop
      vertex 42.23 -60.4 2
      vertex 42.1804 -59.6429 3.2
      vertex 42.1804 -59.6429 2
    endloop
  endfacet
  facet normal -0.997861 -0.065373 0
    outer loop
      vertex 42.1804 -59.6429 3.2
      vertex 42.23 -60.4 2
      vertex 42.23 -60.4 3.2
    endloop
  endfacet
  facet normal -0.831462 0.555582 0
    outer loop
      vertex 41.0314 -63.9308 2
      vertex 41.4529 -63.3 3.2
      vertex 41.4529 -63.3 2
    endloop
  endfacet
  facet normal -0.831462 0.555582 0
    outer loop
      vertex 41.4529 -63.3 3.2
      vertex 41.0314 -63.9308 2
      vertex 41.0314 -63.9308 3.2
    endloop
  endfacet
  facet normal 0.065373 -0.997861 0
    outer loop
      vertex 35.6729 -54.6496 2
      vertex 36.43 -54.6 3.2
      vertex 35.6729 -54.6496 3.2
    endloop
  endfacet
  facet normal 0.065373 -0.997861 0
    outer loop
      vertex 36.43 -54.6 3.2
      vertex 35.6729 -54.6496 2
      vertex 36.43 -54.6 2
    endloop
  endfacet
  facet normal 0.442356 -0.896839 0
    outer loop
      vertex 33.53 -55.3771 2
      vertex 34.2104 -55.0415 3.2
      vertex 33.53 -55.3771 3.2
    endloop
  endfacet
  facet normal 0.442356 -0.896839 0
    outer loop
      vertex 34.2104 -55.0415 3.2
      vertex 33.53 -55.3771 2
      vertex 34.2104 -55.0415 2
    endloop
  endfacet
  facet normal 0.946929 0.321442 0
    outer loop
      vertex 31.0715 -62.6196 3.2
      vertex 30.8276 -61.9011 2
      vertex 30.8276 -61.9011 3.2
    endloop
  endfacet
  facet normal 0.946929 0.321442 0
    outer loop
      vertex 30.8276 -61.9011 2
      vertex 31.0715 -62.6196 3.2
      vertex 31.0715 -62.6196 2
    endloop
  endfacet
  facet normal -0.751858 -0.659325 0
    outer loop
      vertex 41.0314 -56.8692 2
      vertex 40.5312 -56.2988 3.2
      vertex 40.5312 -56.2988 2
    endloop
  endfacet
  facet normal -0.751858 -0.659325 0
    outer loop
      vertex 40.5312 -56.2988 3.2
      vertex 41.0314 -56.8692 2
      vertex 41.0314 -56.8692 3.2
    endloop
  endfacet
  facet normal -0.442356 -0.896839 0
    outer loop
      vertex 38.6496 -55.0415 2
      vertex 39.33 -55.3771 3.2
      vertex 38.6496 -55.0415 3.2
    endloop
  endfacet
  facet normal -0.442356 -0.896839 -0
    outer loop
      vertex 39.33 -55.3771 3.2
      vertex 38.6496 -55.0415 2
      vertex 39.33 -55.3771 2
    endloop
  endfacet
  facet normal -0.980788 -0.195077 0
    outer loop
      vertex 42.1804 -59.6429 2
      vertex 42.0324 -58.8988 3.2
      vertex 42.0324 -58.8988 2
    endloop
  endfacet
  facet normal -0.980788 -0.195077 0
    outer loop
      vertex 42.0324 -58.8988 3.2
      vertex 42.1804 -59.6429 2
      vertex 42.1804 -59.6429 3.2
    endloop
  endfacet
  facet normal -0.0653816 0.99786 0
    outer loop
      vertex 37.187 -66.1504 2
      vertex 36.43 -66.2 3.2
      vertex 37.187 -66.1504 3.2
    endloop
  endfacet
  facet normal -0.0653816 0.99786 0
    outer loop
      vertex 36.43 -66.2 3.2
      vertex 37.187 -66.1504 2
      vertex 36.43 -66.2 2
    endloop
  endfacet
  facet normal 0.896839 -0.442356 0
    outer loop
      vertex 31.0715 -58.1804 3.2
      vertex 31.4071 -57.5 2
      vertex 31.4071 -57.5 3.2
    endloop
  endfacet
  facet normal 0.896839 -0.442356 0
    outer loop
      vertex 31.4071 -57.5 2
      vertex 31.0715 -58.1804 3.2
      vertex 31.0715 -58.1804 2
    endloop
  endfacet
  facet normal 0.659325 0.751858 -0
    outer loop
      vertex 32.8992 -65.0014 2
      vertex 32.3288 -64.5012 3.2
      vertex 32.8992 -65.0014 3.2
    endloop
  endfacet
  facet normal 0.659325 0.751858 0
    outer loop
      vertex 32.3288 -64.5012 3.2
      vertex 32.8992 -65.0014 2
      vertex 32.3288 -64.5012 2
    endloop
  endfacet
  facet normal 0.555673 0.831401 -0
    outer loop
      vertex 33.53 -65.423 2
      vertex 32.8992 -65.0014 3.2
      vertex 33.53 -65.423 3.2
    endloop
  endfacet
  facet normal 0.555673 0.831401 0
    outer loop
      vertex 32.8992 -65.0014 3.2
      vertex 33.53 -65.423 2
      vertex 32.8992 -65.0014 2
    endloop
  endfacet
  facet normal 0.321482 0.946916 -0
    outer loop
      vertex 34.9288 -66.0024 2
      vertex 34.2104 -65.7585 3.2
      vertex 34.9288 -66.0024 3.2
    endloop
  endfacet
  facet normal 0.321482 0.946916 0
    outer loop
      vertex 34.2104 -65.7585 3.2
      vertex 34.9288 -66.0024 2
      vertex 34.2104 -65.7585 2
    endloop
  endfacet
  facet normal 0.065373 0.997861 -0
    outer loop
      vertex 36.43 -66.2 2
      vertex 35.6729 -66.1504 3.2
      vertex 36.43 -66.2 3.2
    endloop
  endfacet
  facet normal 0.065373 0.997861 0
    outer loop
      vertex 35.6729 -66.1504 3.2
      vertex 36.43 -66.2 2
      vertex 35.6729 -66.1504 2
    endloop
  endfacet
  facet normal 0.751858 -0.659325 0
    outer loop
      vertex 31.8286 -56.8692 3.2
      vertex 32.3288 -56.2988 2
      vertex 32.3288 -56.2988 3.2
    endloop
  endfacet
  facet normal 0.751858 -0.659325 0
    outer loop
      vertex 32.3288 -56.2988 2
      vertex 31.8286 -56.8692 3.2
      vertex 31.8286 -56.8692 2
    endloop
  endfacet
  facet normal -0.896839 0.442356 0
    outer loop
      vertex 41.4529 -63.3 2
      vertex 41.7885 -62.6196 3.2
      vertex 41.7885 -62.6196 2
    endloop
  endfacet
  facet normal -0.896839 0.442356 0
    outer loop
      vertex 41.7885 -62.6196 3.2
      vertex 41.4529 -63.3 2
      vertex 41.4529 -63.3 3.2
    endloop
  endfacet
  facet normal -0.6594 -0.751792 0
    outer loop
      vertex 39.9608 -55.7985 2
      vertex 40.5312 -56.2988 3.2
      vertex 39.9608 -55.7985 3.2
    endloop
  endfacet
  facet normal -0.6594 -0.751792 -0
    outer loop
      vertex 40.5312 -56.2988 3.2
      vertex 39.9608 -55.7985 2
      vertex 40.5312 -56.2988 2
    endloop
  endfacet
  facet normal -0.555673 0.831401 0
    outer loop
      vertex 39.9608 -65.0014 2
      vertex 39.33 -65.423 3.2
      vertex 39.9608 -65.0014 3.2
    endloop
  endfacet
  facet normal -0.555673 0.831401 0
    outer loop
      vertex 39.33 -65.423 3.2
      vertex 39.9608 -65.0014 2
      vertex 39.33 -65.423 2
    endloop
  endfacet
  facet normal 0.195077 -0.980788 0
    outer loop
      vertex 34.9288 -54.7976 2
      vertex 35.6729 -54.6496 3.2
      vertex 34.9288 -54.7976 3.2
    endloop
  endfacet
  facet normal 0.195077 -0.980788 0
    outer loop
      vertex 35.6729 -54.6496 3.2
      vertex 34.9288 -54.7976 2
      vertex 35.6729 -54.6496 2
    endloop
  endfacet
  facet normal -0.555491 -0.831523 0
    outer loop
      vertex 39.33 -55.3771 2
      vertex 39.9608 -55.7985 3.2
      vertex 39.33 -55.3771 3.2
    endloop
  endfacet
  facet normal -0.555491 -0.831523 -0
    outer loop
      vertex 39.9608 -55.7985 3.2
      vertex 39.33 -55.3771 2
      vertex 39.9608 -55.7985 2
    endloop
  endfacet
  facet normal 0.997861 -0.065373 0
    outer loop
      vertex 30.63 -60.4 3.2
      vertex 30.6796 -59.6429 2
      vertex 30.6796 -59.6429 3.2
    endloop
  endfacet
  facet normal 0.997861 -0.065373 0
    outer loop
      vertex 30.6796 -59.6429 2
      vertex 30.63 -60.4 3.2
      vertex 30.63 -60.4 2
    endloop
  endfacet
  facet normal -0.321442 -0.946929 0
    outer loop
      vertex 37.9311 -54.7976 2
      vertex 38.6496 -55.0415 3.2
      vertex 37.9311 -54.7976 3.2
    endloop
  endfacet
  facet normal -0.321442 -0.946929 -0
    outer loop
      vertex 38.6496 -55.0415 3.2
      vertex 37.9311 -54.7976 2
      vertex 38.6496 -55.0415 2
    endloop
  endfacet
  facet normal 0.195077 0.980788 -0
    outer loop
      vertex 35.6729 -66.1504 2
      vertex 34.9288 -66.0024 3.2
      vertex 35.6729 -66.1504 3.2
    endloop
  endfacet
  facet normal 0.195077 0.980788 0
    outer loop
      vertex 34.9288 -66.0024 3.2
      vertex 35.6729 -66.1504 2
      vertex 34.9288 -66.0024 2
    endloop
  endfacet
  facet normal -0.44225 0.896892 0
    outer loop
      vertex 39.33 -65.423 2
      vertex 38.6496 -65.7585 3.2
      vertex 39.33 -65.423 3.2
    endloop
  endfacet
  facet normal -0.44225 0.896892 0
    outer loop
      vertex 38.6496 -65.7585 3.2
      vertex 39.33 -65.423 2
      vertex 38.6496 -65.7585 2
    endloop
  endfacet
  facet normal -0.321442 0.946929 0
    outer loop
      vertex 38.6496 -65.7585 2
      vertex 37.9311 -66.0024 3.2
      vertex 38.6496 -65.7585 3.2
    endloop
  endfacet
  facet normal -0.321442 0.946929 0
    outer loop
      vertex 37.9311 -66.0024 3.2
      vertex 38.6496 -65.7585 2
      vertex 37.9311 -66.0024 2
    endloop
  endfacet
  facet normal -0.831462 -0.555582 0
    outer loop
      vertex 41.4529 -57.5 2
      vertex 41.0314 -56.8692 3.2
      vertex 41.0314 -56.8692 2
    endloop
  endfacet
  facet normal -0.831462 -0.555582 0
    outer loop
      vertex 41.0314 -56.8692 3.2
      vertex 41.4529 -57.5 2
      vertex 41.4529 -57.5 3.2
    endloop
  endfacet
  facet normal 0.946916 -0.321482 0
    outer loop
      vertex 30.8276 -58.8988 3.2
      vertex 31.0715 -58.1804 2
      vertex 31.0715 -58.1804 3.2
    endloop
  endfacet
  facet normal 0.946916 -0.321482 0
    outer loop
      vertex 31.0715 -58.1804 2
      vertex 30.8276 -58.8988 3.2
      vertex 30.8276 -58.8988 2
    endloop
  endfacet
  facet normal -0.946916 -0.321482 0
    outer loop
      vertex 42.0324 -58.8988 2
      vertex 41.7885 -58.1804 3.2
      vertex 41.7885 -58.1804 2
    endloop
  endfacet
  facet normal -0.946916 -0.321482 0
    outer loop
      vertex 41.7885 -58.1804 3.2
      vertex 42.0324 -58.8988 2
      vertex 42.0324 -58.8988 3.2
    endloop
  endfacet
  facet normal 0.555491 -0.831523 0
    outer loop
      vertex 32.8992 -55.7985 2
      vertex 33.53 -55.3771 3.2
      vertex 32.8992 -55.7985 3.2
    endloop
  endfacet
  facet normal 0.555491 -0.831523 0
    outer loop
      vertex 33.53 -55.3771 3.2
      vertex 32.8992 -55.7985 2
      vertex 33.53 -55.3771 2
    endloop
  endfacet
  facet normal -0.195077 0.980788 0
    outer loop
      vertex 37.9311 -66.0024 2
      vertex 37.187 -66.1504 3.2
      vertex 37.9311 -66.0024 3.2
    endloop
  endfacet
  facet normal -0.195077 0.980788 0
    outer loop
      vertex 37.187 -66.1504 3.2
      vertex 37.9311 -66.0024 2
      vertex 37.187 -66.1504 2
    endloop
  endfacet
  facet normal 0.44225 0.896892 -0
    outer loop
      vertex 34.2104 -65.7585 2
      vertex 33.53 -65.423 3.2
      vertex 34.2104 -65.7585 3.2
    endloop
  endfacet
  facet normal 0.44225 0.896892 0
    outer loop
      vertex 33.53 -65.423 3.2
      vertex 34.2104 -65.7585 2
      vertex 33.53 -65.423 2
    endloop
  endfacet
  facet normal -0.751858 0.659325 0
    outer loop
      vertex 40.5312 -64.5012 2
      vertex 41.0314 -63.9308 3.2
      vertex 41.0314 -63.9308 2
    endloop
  endfacet
  facet normal -0.751858 0.659325 0
    outer loop
      vertex 41.0314 -63.9308 3.2
      vertex 40.5312 -64.5012 2
      vertex 40.5312 -64.5012 3.2
    endloop
  endfacet
  facet normal -0.946929 0.321442 0
    outer loop
      vertex 41.7885 -62.6196 2
      vertex 42.0324 -61.9011 3.2
      vertex 42.0324 -61.9011 2
    endloop
  endfacet
  facet normal -0.946929 0.321442 0
    outer loop
      vertex 42.0324 -61.9011 3.2
      vertex 41.7885 -62.6196 2
      vertex 41.7885 -62.6196 3.2
    endloop
  endfacet
  facet normal 0.831462 -0.555582 0
    outer loop
      vertex 31.4071 -57.5 3.2
      vertex 31.8286 -56.8692 2
      vertex 31.8286 -56.8692 3.2
    endloop
  endfacet
  facet normal 0.831462 -0.555582 0
    outer loop
      vertex 31.8286 -56.8692 2
      vertex 31.4071 -57.5 3.2
      vertex 31.4071 -57.5 2
    endloop
  endfacet
  facet normal 0.896839 0.442356 0
    outer loop
      vertex 31.4071 -63.3 3.2
      vertex 31.0715 -62.6196 2
      vertex 31.0715 -62.6196 3.2
    endloop
  endfacet
  facet normal 0.896839 0.442356 0
    outer loop
      vertex 31.0715 -62.6196 2
      vertex 31.4071 -63.3 3.2
      vertex 31.4071 -63.3 2
    endloop
  endfacet
  facet normal 0.980788 -0.195077 0
    outer loop
      vertex 30.6796 -59.6429 3.2
      vertex 30.8276 -58.8988 2
      vertex 30.8276 -58.8988 3.2
    endloop
  endfacet
  facet normal 0.980788 -0.195077 0
    outer loop
      vertex 30.8276 -58.8988 2
      vertex 30.6796 -59.6429 3.2
      vertex 30.6796 -59.6429 2
    endloop
  endfacet
  facet normal 0.980783 0.195102 0
    outer loop
      vertex 30.8276 -61.9011 3.2
      vertex 30.6796 -61.1571 2
      vertex 30.6796 -61.1571 3.2
    endloop
  endfacet
  facet normal 0.980783 0.195102 0
    outer loop
      vertex 30.6796 -61.1571 2
      vertex 30.8276 -61.9011 3.2
      vertex 30.8276 -61.9011 2
    endloop
  endfacet
  facet normal -0.0653816 -0.99786 0
    outer loop
      vertex 36.43 -54.6 2
      vertex 37.187 -54.6496 3.2
      vertex 36.43 -54.6 3.2
    endloop
  endfacet
  facet normal -0.0653816 -0.99786 -0
    outer loop
      vertex 37.187 -54.6496 3.2
      vertex 36.43 -54.6 2
      vertex 37.187 -54.6496 2
    endloop
  endfacet
  facet normal -0.896839 -0.442356 0
    outer loop
      vertex 41.7885 -58.1804 2
      vertex 41.4529 -57.5 3.2
      vertex 41.4529 -57.5 2
    endloop
  endfacet
  facet normal -0.896839 -0.442356 0
    outer loop
      vertex 41.4529 -57.5 3.2
      vertex 41.7885 -58.1804 2
      vertex 41.7885 -58.1804 3.2
    endloop
  endfacet
  facet normal 0.6594 -0.751792 0
    outer loop
      vertex 32.3288 -56.2988 2
      vertex 32.8992 -55.7985 3.2
      vertex 32.3288 -56.2988 3.2
    endloop
  endfacet
  facet normal 0.6594 -0.751792 0
    outer loop
      vertex 32.8992 -55.7985 3.2
      vertex 32.3288 -56.2988 2
      vertex 32.8992 -55.7985 2
    endloop
  endfacet
  facet normal 0.751858 0.659325 0
    outer loop
      vertex 32.3288 -64.5012 3.2
      vertex 31.8286 -63.9308 2
      vertex 31.8286 -63.9308 3.2
    endloop
  endfacet
  facet normal 0.751858 0.659325 0
    outer loop
      vertex 31.8286 -63.9308 2
      vertex 32.3288 -64.5012 3.2
      vertex 32.3288 -64.5012 2
    endloop
  endfacet
  facet normal 1 0 0
    outer loop
      vertex 41.75 -44 5.5
      vertex 41.75 -45.5 3.4
      vertex 41.75 -44 2
    endloop
  endfacet
  facet normal 1 0 0
    outer loop
      vertex 41.75 -44 5.5
      vertex 41.75 -48.5 3.4
      vertex 41.75 -45.5 3.4
    endloop
  endfacet
  facet normal 1 -0 0
    outer loop
      vertex 41.75 -50 5.5
      vertex 41.75 -48.5 3.4
      vertex 41.75 -44 5.5
    endloop
  endfacet
  facet normal 1 0 0
    outer loop
      vertex 41.75 -50 2
      vertex 41.75 -48.5 3.4
      vertex 41.75 -50 5.5
    endloop
  endfacet
  facet normal 1 0 0
    outer loop
      vertex 41.75 -48.5 3.4
      vertex 41.75 -50 2
      vertex 41.75 -48.5 2
    endloop
  endfacet
  facet normal 1 0 0
    outer loop
      vertex 41.75 -44 2
      vertex 41.75 -45.5 3.4
      vertex 41.75 -45.5 2
    endloop
  endfacet
  facet normal -0 0 1
    outer loop
      vertex 40.75 -44 5.5
      vertex 41.75 -50 5.5
      vertex 41.75 -44 5.5
    endloop
  endfacet
  facet normal 0 0 1
    outer loop
      vertex 41.75 -50 5.5
      vertex 40.75 -44 5.5
      vertex 40.75 -50 5.5
    endloop
  endfacet
  facet normal -1 0 0
    outer loop
      vertex 40.75 -48.5 2
      vertex 40.75 -50 2
      vertex 40.75 -48.5 3.4
    endloop
  endfacet
  facet normal -1 0 0
    outer loop
      vertex 40.75 -45.5 3.4
      vertex 40.75 -44 2
      vertex 40.75 -45.5 2
    endloop
  endfacet
  facet normal -1 0 0
    outer loop
      vertex 40.75 -44 2
      vertex 40.75 -45.5 3.4
      vertex 40.75 -44 5.5
    endloop
  endfacet
  facet normal -1 0 0
    outer loop
      vertex 40.75 -48.5 3.4
      vertex 40.75 -44 5.5
      vertex 40.75 -45.5 3.4
    endloop
  endfacet
  facet normal -1 0 0
    outer loop
      vertex 40.75 -48.5 3.4
      vertex 40.75 -50 5.5
      vertex 40.75 -44 5.5
    endloop
  endfacet
  facet normal -1 0 0
    outer loop
      vertex 40.75 -50 5.5
      vertex 40.75 -48.5 3.4
      vertex 40.75 -50 2
    endloop
  endfacet
  facet normal 0 -1 0
    outer loop
      vertex 40.75 -50 2
      vertex 41.75 -50 5.5
      vertex 40.75 -50 5.5
    endloop
  endfacet
  facet normal 0 -1 -0
    outer loop
      vertex 41.75 -50 5.5
      vertex 40.75 -50 2
      vertex 41.75 -50 2
    endloop
  endfacet
  facet normal 0 1 -0
    outer loop
      vertex 41.75 -44 2
      vertex 40.75 -44 5.5
      vertex 41.75 -44 5.5
    endloop
  endfacet
  facet normal 0 1 0
    outer loop
      vertex 40.75 -44 5.5
      vertex 41.75 -44 2
      vertex 40.75 -44 2
    endloop
  endfacet
  facet normal 1 0 0
    outer loop
      vertex 47.25 -44 5.5
      vertex 47.25 -45.5 3.4
      vertex 47.25 -44 2
    endloop
  endfacet
  facet normal 1 0 0
    outer loop
      vertex 47.25 -44 5.5
      vertex 47.25 -48.5 3.4
      vertex 47.25 -45.5 3.4
    endloop
  endfacet
  facet normal 1 -0 0
    outer loop
      vertex 47.25 -50 5.5
      vertex 47.25 -48.5 3.4
      vertex 47.25 -44 5.5
    endloop
  endfacet
  facet normal 1 0 0
    outer loop
      vertex 47.25 -50 2
      vertex 47.25 -48.5 3.4
      vertex 47.25 -50 5.5
    endloop
  endfacet
  facet normal 1 0 0
    outer loop
      vertex 47.25 -48.5 3.4
      vertex 47.25 -50 2
      vertex 47.25 -48.5 2
    endloop
  endfacet
  facet normal 1 0 0
    outer loop
      vertex 47.25 -44 2
      vertex 47.25 -45.5 3.4
      vertex 47.25 -45.5 2
    endloop
  endfacet
  facet normal -0 0 1
    outer loop
      vertex 46.25 -44 5.5
      vertex 47.25 -50 5.5
      vertex 47.25 -44 5.5
    endloop
  endfacet
  facet normal 0 0 1
    outer loop
      vertex 47.25 -50 5.5
      vertex 46.25 -44 5.5
      vertex 46.25 -50 5.5
    endloop
  endfacet
  facet normal -1 0 0
    outer loop
      vertex 46.25 -48.5 2
      vertex 46.25 -50 2
      vertex 46.25 -48.5 3.4
    endloop
  endfacet
  facet normal -1 0 0
    outer loop
      vertex 46.25 -45.5 3.4
      vertex 46.25 -44 2
      vertex 46.25 -45.5 2
    endloop
  endfacet
  facet normal -1 0 0
    outer loop
      vertex 46.25 -44 2
      vertex 46.25 -45.5 3.4
      vertex 46.25 -44 5.5
    endloop
  endfacet
  facet normal -1 0 0
    outer loop
      vertex 46.25 -48.5 3.4
      vertex 46.25 -44 5.5
      vertex 46.25 -45.5 3.4
    endloop
  endfacet
  facet normal -1 0 0
    outer loop
      vertex 46.25 -48.5 3.4
      vertex 46.25 -50 5.5
      vertex 46.25 -44 5.5
    endloop
  endfacet
  facet normal -1 0 0
    outer loop
      vertex 46.25 -50 5.5
      vertex 46.25 -48.5 3.4
      vertex 46.25 -50 2
    endloop
  endfacet
  facet normal 0 -1 0
    outer loop
      vertex 46.25 -50 2
      vertex 47.25 -50 5.5
      vertex 46.25 -50 5.5
    endloop
  endfacet
  facet normal 0 -1 -0
    outer loop
      vertex 47.25 -50 5.5
      vertex 46.25 -50 2
      vertex 47.25 -50 2
    endloop
  endfacet
  facet normal 0 1 -0
    outer loop
      vertex 47.25 -44 2
      vertex 46.25 -44 5.5
      vertex 47.25 -44 5.5
    endloop
  endfacet
  facet normal 0 1 0
    outer loop
      vertex 46.25 -44 5.5
      vertex 47.25 -44 2
      vertex 46.25 -44 2
    endloop
  endfacet
  facet normal 0 0 -1
    outer loop
      vertex 40.75 -48.5 3.4
      vertex 41.75 -45.5 3.4
      vertex 41.75 -48.5 3.4
    endloop
  endfacet
  facet normal -0 0 -1
    outer loop
      vertex 41.75 -45.5 3.4
      vertex 40.75 -48.5 3.4
      vertex 40.75 -45.5 3.4
    endloop
  endfacet
  facet normal 0 0 -1
    outer loop
      vertex 46.25 -48.5 3.4
      vertex 47.25 -45.5 3.4
      vertex 47.25 -48.5 3.4
    endloop
  endfacet
  facet normal -0 0 -1
    outer loop
      vertex 47.25 -45.5 3.4
      vertex 46.25 -48.5 3.4
      vertex 46.25 -45.5 3.4
    endloop
  endfacet
  facet normal 0 1 -0
    outer loop
      vertex 41.75 -48.5 2
      vertex 40.75 -48.5 3.4
      vertex 41.75 -48.5 3.4
    endloop
  endfacet
  facet normal 0 1 0
    outer loop
      vertex 40.75 -48.5 3.4
      vertex 41.75 -48.5 2
      vertex 40.75 -48.5 2
    endloop
  endfacet
  facet normal 0 1 -0
    outer loop
      vertex 47.25 -48.5 2
      vertex 46.25 -48.5 3.4
      vertex 47.25 -48.5 3.4
    endloop
  endfacet
  facet normal 0 1 0
    outer loop
      vertex 46.25 -48.5 3.4
      vertex 47.25 -48.5 2
      vertex 46.25 -48.5 2
    endloop
  endfacet
  facet normal 0 -1 0
    outer loop
      vertex 40.75 -45.5 2
      vertex 41.75 -45.5 3.4
      vertex 40.75 -45.5 3.4
    endloop
  endfacet
  facet normal 0 -1 -0
    outer loop
      vertex 41.75 -45.5 3.4
      vertex 40.75 -45.5 2
      vertex 41.75 -45.5 2
    endloop
  endfacet
  facet normal 0 -1 0
    outer loop
      vertex 46.25 -45.5 2
      vertex 47.25 -45.5 3.4
      vertex 46.25 -45.5 3.4
    endloop
  endfacet
  facet normal 0 -1 -0
    outer loop
      vertex 47.25 -45.5 3.4
      vertex 46.25 -45.5 2
      vertex 47.25 -45.5 2
    endloop
  endfacet
  facet normal -0.997858 0.0654205 0
    outer loop
      vertex -2.5 -1.5 5.72205e-07
      vertex -2.46577 -0.97789 2
      vertex -2.46577 -0.97789 5.72205e-07
    endloop
  endfacet
  facet normal -0.997858 0.0654205 0
    outer loop
      vertex -2.46577 -0.97789 2
      vertex -2.5 -1.5 5.72205e-07
      vertex -2.5 -1.5 2
    endloop
  endfacet
  facet normal 0.321498 0.94691 -0
    outer loop
      vertex 50.0307 2.19551 5.72205e-07
      vertex 49.5353 2.36371 2
      vertex 50.0307 2.19551 2
    endloop
  endfacet
  facet normal 0.321498 0.94691 0
    outer loop
      vertex 49.5353 2.36371 2
      vertex 50.0307 2.19551 5.72205e-07
      vertex 49.5353 2.36371 5.72205e-07
    endloop
  endfacet
  facet normal 0 1 -0
    outer loop
      vertex 48.5 2.5 5.72205e-07
      vertex 18.3 2.5 2
      vertex 48.5 2.5 2
    endloop
  endfacet
  facet normal 0 1 0
    outer loop
      vertex 18.3 2.5 2
      vertex 48.5 2.5 5.72205e-07
      vertex 18.3 2.5 5.72205e-07
    endloop
  endfacet
  facet normal 0 1 -0
    outer loop
      vertex 6.3 2.5 5.72205e-07
      vertex 1.5 2.5 2
      vertex 6.3 2.5 2
    endloop
  endfacet
  facet normal 0 1 0
    outer loop
      vertex 1.5 2.5 2
      vertex 6.3 2.5 5.72205e-07
      vertex 1.5 2.5 5.72205e-07
    endloop
  endfacet
  facet normal 0.19505 0.980793 -0
    outer loop
      vertex 49.5353 2.36371 5.72205e-07
      vertex 49.0221 2.46577 2
      vertex 49.5353 2.36371 2
    endloop
  endfacet
  facet normal 0.19505 0.980793 0
    outer loop
      vertex 49.0221 2.46577 2
      vertex 49.5353 2.36371 5.72205e-07
      vertex 49.0221 2.46577 5.72205e-07
    endloop
  endfacet
  facet normal 0.0654217 0.997858 -0
    outer loop
      vertex 49.0221 2.46577 5.72205e-07
      vertex 48.5 2.5 2
      vertex 49.0221 2.46577 2
    endloop
  endfacet
  facet normal 0.0654217 0.997858 0
    outer loop
      vertex 48.5 2.5 2
      vertex 49.0221 2.46577 5.72205e-07
      vertex 48.5 2.5 5.72205e-07
    endloop
  endfacet
  facet normal -0.94691 -0.321498 0
    outer loop
      vertex -2.19551 -70.0307 5.72205e-07
      vertex -2.36371 -69.5353 2
      vertex -2.36371 -69.5353 5.72205e-07
    endloop
  endfacet
  facet normal -0.94691 -0.321498 0
    outer loop
      vertex -2.36371 -69.5353 2
      vertex -2.19551 -70.0307 5.72205e-07
      vertex -2.19551 -70.0307 2
    endloop
  endfacet
  facet normal -0.831475 0.555562 0
    outer loop
      vertex -1.9641 0.5 5.72205e-07
      vertex -1.67342 0.935043 2
      vertex -1.67342 0.935043 5.72205e-07
    endloop
  endfacet
  facet normal -0.831475 0.555562 0
    outer loop
      vertex -1.67342 0.935043 2
      vertex -1.9641 0.5 5.72205e-07
      vertex -1.9641 0.5 2
    endloop
  endfacet
  facet normal 0.442238 -0.896898 0
    outer loop
      vertex 50.0307 -72.1955 5.72205e-07
      vertex 50.5 -71.9641 2
      vertex 50.0307 -72.1955 2
    endloop
  endfacet
  facet normal 0.442238 -0.896898 0
    outer loop
      vertex 50.5 -71.9641 2
      vertex 50.0307 -72.1955 5.72205e-07
      vertex 50.5 -71.9641 5.72205e-07
    endloop
  endfacet
  facet normal -0.751841 0.659345 0
    outer loop
      vertex -1.67342 0.935043 5.72205e-07
      vertex -1.32843 1.32843 2
      vertex -1.32843 1.32843 5.72205e-07
    endloop
  endfacet
  facet normal -0.751841 0.659345 0
    outer loop
      vertex -1.32843 1.32843 2
      vertex -1.67342 0.935043 5.72205e-07
      vertex -1.67342 0.935043 2
    endloop
  endfacet
  facet normal -0.751852 -0.659332 0
    outer loop
      vertex -1.32843 -71.3284 5.72205e-07
      vertex -1.67342 -70.935 2
      vertex -1.67342 -70.935 5.72205e-07
    endloop
  endfacet
  facet normal -0.751852 -0.659332 0
    outer loop
      vertex -1.67342 -70.935 2
      vertex -1.32843 -71.3284 5.72205e-07
      vertex -1.32843 -71.3284 2
    endloop
  endfacet
  facet normal -0.442277 0.896879 0
    outer loop
      vertex -0.0307312 2.19551 5.72205e-07
      vertex -0.5 1.9641 2
      vertex -0.0307312 2.19551 2
    endloop
  endfacet
  facet normal -0.442277 0.896879 0
    outer loop
      vertex -0.5 1.9641 2
      vertex -0.0307312 2.19551 5.72205e-07
      vertex -0.5 1.9641 5.72205e-07
    endloop
  endfacet
  facet normal -0.0653634 -0.997862 0
    outer loop
      vertex 0.97789 -72.4658 5.72205e-07
      vertex 1.5 -72.5 2
      vertex 0.97789 -72.4658 2
    endloop
  endfacet
  facet normal -0.0653634 -0.997862 -0
    outer loop
      vertex 1.5 -72.5 2
      vertex 0.97789 -72.4658 5.72205e-07
      vertex 1.5 -72.5 5.72205e-07
    endloop
  endfacet
  facet normal 0.831458 0.555588 0
    outer loop
      vertex 51.9641 0.5 2
      vertex 51.6734 0.935043 5.72205e-07
      vertex 51.6734 0.935043 2
    endloop
  endfacet
  facet normal 0.831458 0.555588 0
    outer loop
      vertex 51.6734 0.935043 5.72205e-07
      vertex 51.9641 0.5 2
      vertex 51.9641 0.5 5.72205e-07
    endloop
  endfacet
  facet normal 1 -0 0
    outer loop
      vertex 52.5 -68.5 2
      vertex 52.5 -54 5.72205e-07
      vertex 52.5 -54 2
    endloop
  endfacet
  facet normal 1 0 0
    outer loop
      vertex 52.5 -54 5.72205e-07
      vertex 52.5 -68.5 2
      vertex 52.5 -68.5 5.72205e-07
    endloop
  endfacet
  facet normal 1 -0 0
    outer loop
      vertex 52.5 -10 2
      vertex 52.5 -1.5 5.72205e-07
      vertex 52.5 -1.5 2
    endloop
  endfacet
  facet normal 1 0 0
    outer loop
      vertex 52.5 -1.5 5.72205e-07
      vertex 52.5 -10 2
      vertex 52.5 -10 5.72205e-07
    endloop
  endfacet
  facet normal 1 -0 0
    outer loop
      vertex 52.5 -50 2
      vertex 52.5 -14 5.72205e-07
      vertex 52.5 -14 2
    endloop
  endfacet
  facet normal 1 0 0
    outer loop
      vertex 52.5 -14 5.72205e-07
      vertex 52.5 -50 2
      vertex 52.5 -50 5.72205e-07
    endloop
  endfacet
  facet normal -1 0 0
    outer loop
      vertex -2.5 -10 5.72205e-07
      vertex -2.5 -1.5 2
      vertex -2.5 -1.5 5.72205e-07
    endloop
  endfacet
  facet normal -1 -0 0
    outer loop
      vertex -2.5 -1.5 2
      vertex -2.5 -10 5.72205e-07
      vertex -2.5 -10 2
    endloop
  endfacet
  facet normal -1 0 0
    outer loop
      vertex -2.5 -68.5 5.72205e-07
      vertex -2.5 -54 2
      vertex -2.5 -54 5.72205e-07
    endloop
  endfacet
  facet normal -1 -0 0
    outer loop
      vertex -2.5 -54 2
      vertex -2.5 -68.5 5.72205e-07
      vertex -2.5 -68.5 2
    endloop
  endfacet
  facet normal -1 0 0
    outer loop
      vertex -2.5 -50 5.72205e-07
      vertex -2.5 -14 2
      vertex -2.5 -14 5.72205e-07
    endloop
  endfacet
  facet normal -1 -0 0
    outer loop
      vertex -2.5 -14 2
      vertex -2.5 -50 5.72205e-07
      vertex -2.5 -50 2
    endloop
  endfacet
  facet normal -0.555588 -0.831458 0
    outer loop
      vertex -0.935043 -71.6734 5.72205e-07
      vertex -0.5 -71.9641 2
      vertex -0.935043 -71.6734 2
    endloop
  endfacet
  facet normal -0.555588 -0.831458 -0
    outer loop
      vertex -0.5 -71.9641 2
      vertex -0.935043 -71.6734 5.72205e-07
      vertex -0.5 -71.9641 5.72205e-07
    endloop
  endfacet
  facet normal -0.83145 -0.5556 0
    outer loop
      vertex -1.67342 -70.935 5.72205e-07
      vertex -1.9641 -70.5 2
      vertex -1.9641 -70.5 5.72205e-07
    endloop
  endfacet
  facet normal -0.83145 -0.5556 0
    outer loop
      vertex -1.9641 -70.5 2
      vertex -1.67342 -70.935 5.72205e-07
      vertex -1.67342 -70.935 2
    endloop
  endfacet
  facet normal 0.946921 0.321467 0
    outer loop
      vertex 52.3637 -0.464722 2
      vertex 52.1955 0.0307312 5.72205e-07
      vertex 52.1955 0.0307312 2
    endloop
  endfacet
  facet normal 0.946921 0.321467 0
    outer loop
      vertex 52.1955 0.0307312 5.72205e-07
      vertex 52.3637 -0.464722 2
      vertex 52.3637 -0.464722 5.72205e-07
    endloop
  endfacet
  facet normal 0.751831 0.659355 0
    outer loop
      vertex 51.6734 0.935043 2
      vertex 51.3284 1.32843 5.72205e-07
      vertex 51.3284 1.32843 2
    endloop
  endfacet
  facet normal 0.751831 0.659355 0
    outer loop
      vertex 51.3284 1.32843 5.72205e-07
      vertex 51.6734 0.935043 2
      vertex 51.6734 0.935043 5.72205e-07
    endloop
  endfacet
  facet normal -0.980793 -0.19505 0
    outer loop
      vertex -2.36371 -69.5353 5.72205e-07
      vertex -2.46577 -69.0221 2
      vertex -2.46577 -69.0221 5.72205e-07
    endloop
  endfacet
  facet normal -0.980793 -0.19505 0
    outer loop
      vertex -2.46577 -69.0221 2
      vertex -2.36371 -69.5353 5.72205e-07
      vertex -2.36371 -69.5353 2
    endloop
  endfacet
  facet normal -0.659355 -0.751831 0
    outer loop
      vertex -1.32843 -71.3284 5.72205e-07
      vertex -0.935043 -71.6734 2
      vertex -1.32843 -71.3284 2
    endloop
  endfacet
  facet normal -0.659355 -0.751831 -0
    outer loop
      vertex -0.935043 -71.6734 2
      vertex -1.32843 -71.3284 5.72205e-07
      vertex -0.935043 -71.6734 5.72205e-07
    endloop
  endfacet
  facet normal 0 -1 0
    outer loop
      vertex 1.5 -72.5 5.72205e-07
      vertex 48.5 -72.5 2
      vertex 1.5 -72.5 2
    endloop
  endfacet
  facet normal 0 -1 -0
    outer loop
      vertex 48.5 -72.5 2
      vertex 1.5 -72.5 5.72205e-07
      vertex 48.5 -72.5 5.72205e-07
    endloop
  endfacet
  facet normal -0.442261 -0.896886 0
    outer loop
      vertex -0.5 -71.9641 5.72205e-07
      vertex -0.0307312 -72.1955 2
      vertex -0.5 -71.9641 2
    endloop
  endfacet
  facet normal -0.442261 -0.896886 -0
    outer loop
      vertex -0.0307312 -72.1955 2
      vertex -0.5 -71.9641 5.72205e-07
      vertex -0.0307312 -72.1955 5.72205e-07
    endloop
  endfacet
  facet normal -0.980791 0.195062 0
    outer loop
      vertex -2.46577 -0.97789 5.72205e-07
      vertex -2.36371 -0.464722 2
      vertex -2.36371 -0.464722 5.72205e-07
    endloop
  endfacet
  facet normal -0.980791 0.195062 0
    outer loop
      vertex -2.36371 -0.464722 2
      vertex -2.46577 -0.97789 5.72205e-07
      vertex -2.46577 -0.97789 2
    endloop
  endfacet
  facet normal 0.751842 -0.659343 0
    outer loop
      vertex 51.3284 -71.3284 2
      vertex 51.6734 -70.935 5.72205e-07
      vertex 51.6734 -70.935 2
    endloop
  endfacet
  facet normal 0.751842 -0.659343 0
    outer loop
      vertex 51.6734 -70.935 5.72205e-07
      vertex 51.3284 -71.3284 2
      vertex 51.3284 -71.3284 5.72205e-07
    endloop
  endfacet
  facet normal 0.997861 -0.0653646 0
    outer loop
      vertex 52.4658 -69.0221 2
      vertex 52.5 -68.5 5.72205e-07
      vertex 52.5 -68.5 2
    endloop
  endfacet
  facet normal 0.997861 -0.0653646 0
    outer loop
      vertex 52.5 -68.5 5.72205e-07
      vertex 52.4658 -69.0221 2
      vertex 52.4658 -69.0221 5.72205e-07
    endloop
  endfacet
  facet normal -0.195062 0.980791 0
    outer loop
      vertex 0.97789 2.46577 5.72205e-07
      vertex 0.464722 2.36371 2
      vertex 0.97789 2.46577 2
    endloop
  endfacet
  facet normal -0.195062 0.980791 0
    outer loop
      vertex 0.464722 2.36371 2
      vertex 0.97789 2.46577 5.72205e-07
      vertex 0.464722 2.36371 5.72205e-07
    endloop
  endfacet
  facet normal -0.195135 -0.980776 0
    outer loop
      vertex 0.464722 -72.3637 5.72205e-07
      vertex 0.97789 -72.4658 2
      vertex 0.464722 -72.3637 2
    endloop
  endfacet
  facet normal -0.195135 -0.980776 -0
    outer loop
      vertex 0.97789 -72.4658 2
      vertex 0.464722 -72.3637 5.72205e-07
      vertex 0.97789 -72.4658 5.72205e-07
    endloop
  endfacet
  facet normal 0.980776 0.195135 0
    outer loop
      vertex 52.4658 -0.97789 2
      vertex 52.3637 -0.464722 5.72205e-07
      vertex 52.3637 -0.464722 2
    endloop
  endfacet
  facet normal 0.980776 0.195135 0
    outer loop
      vertex 52.3637 -0.464722 5.72205e-07
      vertex 52.4658 -0.97789 2
      vertex 52.4658 -0.97789 5.72205e-07
    endloop
  endfacet
  facet normal -0.321467 -0.946921 0
    outer loop
      vertex -0.0307312 -72.1955 5.72205e-07
      vertex 0.464722 -72.3637 2
      vertex -0.0307312 -72.1955 2
    endloop
  endfacet
  facet normal -0.321467 -0.946921 -0
    outer loop
      vertex 0.464722 -72.3637 2
      vertex -0.0307312 -72.1955 5.72205e-07
      vertex 0.464722 -72.3637 5.72205e-07
    endloop
  endfacet
  facet normal 0.980779 -0.195124 0
    outer loop
      vertex 52.3637 -69.5353 2
      vertex 52.4658 -69.0221 5.72205e-07
      vertex 52.4658 -69.0221 2
    endloop
  endfacet
  facet normal 0.980779 -0.195124 0
    outer loop
      vertex 52.4658 -69.0221 5.72205e-07
      vertex 52.3637 -69.5353 2
      vertex 52.3637 -69.5353 5.72205e-07
    endloop
  endfacet
  facet normal 0.5556 0.83145 -0
    outer loop
      vertex 50.935 1.67342 5.72205e-07
      vertex 50.5 1.9641 2
      vertex 50.935 1.67342 2
    endloop
  endfacet
  facet normal 0.5556 0.83145 0
    outer loop
      vertex 50.5 1.9641 2
      vertex 50.935 1.67342 5.72205e-07
      vertex 50.5 1.9641 5.72205e-07
    endloop
  endfacet
  facet normal -0.659345 0.751841 0
    outer loop
      vertex -0.935043 1.67342 5.72205e-07
      vertex -1.32843 1.32843 2
      vertex -0.935043 1.67342 2
    endloop
  endfacet
  facet normal -0.659345 0.751841 0
    outer loop
      vertex -1.32843 1.32843 2
      vertex -0.935043 1.67342 5.72205e-07
      vertex -1.32843 1.32843 5.72205e-07
    endloop
  endfacet
  facet normal 0 0 1
    outer loop
      vertex 6.3 2.5 2
      vertex 3.5 1.1 2
      vertex 6.3 0.149994 2
    endloop
  endfacet
  facet normal -0 0 1
    outer loop
      vertex 1.5 2.5 2
      vertex 3.5 1.1 2
      vertex 6.3 2.5 2
    endloop
  endfacet
  facet normal -0 0 1
    outer loop
      vertex 0.97789 2.46577 2
      vertex 3.5 1.1 2
      vertex 1.5 2.5 2
    endloop
  endfacet
  facet normal -0 0 1
    outer loop
      vertex 0.464722 2.36371 2
      vertex 3.5 1.1 2
      vertex 0.97789 2.46577 2
    endloop
  endfacet
  facet normal 0 0 1
    outer loop
      vertex -1.1 1.1 2
      vertex 0.464722 2.36371 2
      vertex -0.0307312 2.19551 2
    endloop
  endfacet
  facet normal 0 0 1
    outer loop
      vertex -1.1 1.1 2
      vertex -0.0307312 2.19551 2
      vertex -0.5 1.9641 2
    endloop
  endfacet
  facet normal 0 0 1
    outer loop
      vertex -1.1 1.1 2
      vertex -0.5 1.9641 2
      vertex -0.935043 1.67342 2
    endloop
  endfacet
  facet normal 0 0 1
    outer loop
      vertex 0.464722 2.36371 2
      vertex -1.1 1.1 2
      vertex 3.5 1.1 2
    endloop
  endfacet
  facet normal -0 0 1
    outer loop
      vertex -2.36371 -0.464722 2
      vertex -1.1 -3.5 2
      vertex -1.1 1.1 2
    endloop
  endfacet
  facet normal 0 0 1
    outer loop
      vertex -1.1 -3.5 2
      vertex -1.7 -50 2
      vertex -1.1 -66.5 2
    endloop
  endfacet
  facet normal 0 0 1
    outer loop
      vertex -1.67342 0.935043 2
      vertex -1.1 1.1 2
      vertex -1.32843 1.32843 2
    endloop
  endfacet
  facet normal -0 0 1
    outer loop
      vertex -1.32843 1.32843 2
      vertex -1.1 1.1 2
      vertex -0.935043 1.67342 2
    endloop
  endfacet
  facet normal 0 0 1
    outer loop
      vertex 6.3 0.149994 2
      vertex 3.5 1.1 2
      vertex 3.5 0.149994 2
    endloop
  endfacet
  facet normal -0 0 1
    outer loop
      vertex -1.1 -3.5 2
      vertex -0.149994 -66.5 2
      vertex -0.149994 -3.5 2
    endloop
  endfacet
  facet normal 0 0 1
    outer loop
      vertex -0.149994 -66.5 2
      vertex -1.1 -3.5 2
      vertex -1.1 -66.5 2
    endloop
  endfacet
  facet normal 0 0 1
    outer loop
      vertex 51.1 -3.5 2
      vertex 52.5 -1.5 2
      vertex 52.4658 -0.97789 2
    endloop
  endfacet
  facet normal 0 0 1
    outer loop
      vertex 51.1 -3.5 2
      vertex 52.4658 -0.97789 2
      vertex 52.3637 -0.464722 2
    endloop
  endfacet
  facet normal 0 0 1
    outer loop
      vertex 51.1 -3.5 2
      vertex 52.3637 -0.464722 2
      vertex 52.1955 0.0307312 2
    endloop
  endfacet
  facet normal 0 0 1
    outer loop
      vertex 51.1 -3.5 2
      vertex 52.1955 0.0307312 2
      vertex 51.9641 0.5 2
    endloop
  endfacet
  facet normal 0 0 1
    outer loop
      vertex 52.5 -1.5 2
      vertex 51.1 -3.5 2
      vertex 52.5 -10 2
    endloop
  endfacet
  facet normal 0 0 1
    outer loop
      vertex 50.15 -3.5 2
      vertex 51.7 -14 2
      vertex 51.7 -10 2
    endloop
  endfacet
  facet normal 0 0 1
    outer loop
      vertex 51.7 -14 2
      vertex 50.15 -3.5 2
      vertex 51.7 -50 2
    endloop
  endfacet
  facet normal 0 0 1
    outer loop
      vertex 52.5 -10 2
      vertex 51.1 -3.5 2
      vertex 51.7 -10 2
    endloop
  endfacet
  facet normal 0 0 1
    outer loop
      vertex 51.1 -3.5 2
      vertex 51.9641 0.5 2
      vertex 51.6734 0.935043 2
    endloop
  endfacet
  facet normal -0 0 1
    outer loop
      vertex 51.7 -14 2
      vertex 52.5 -50 2
      vertex 52.5 -14 2
    endloop
  endfacet
  facet normal 0 0 1
    outer loop
      vertex 52.5 -50 2
      vertex 51.7 -14 2
      vertex 51.7 -50 2
    endloop
  endfacet
  facet normal -0 0 1
    outer loop
      vertex 51.1 -66.5 2
      vertex 52.5 -68.5 2
      vertex 52.5 -54 2
    endloop
  endfacet
  facet normal 0 0 1
    outer loop
      vertex 52.5 -68.5 2
      vertex 51.1 -66.5 2
      vertex 52.4658 -69.0221 2
    endloop
  endfacet
  facet normal 0 0 1
    outer loop
      vertex 52.4658 -69.0221 2
      vertex 51.1 -66.5 2
      vertex 52.3637 -69.5353 2
    endloop
  endfacet
  facet normal 0 0 1
    outer loop
      vertex 51.1 -71.1 2
      vertex 52.3637 -69.5353 2
      vertex 51.1 -66.5 2
    endloop
  endfacet
  facet normal 0 0 1
    outer loop
      vertex 51.1 -66.5 2
      vertex 52.5 -54 2
      vertex 51.7 -54 2
    endloop
  endfacet
  facet normal 0 0 1
    outer loop
      vertex 52.3637 -69.5353 2
      vertex 51.1 -71.1 2
      vertex 52.1955 -70.0307 2
    endloop
  endfacet
  facet normal -0 0 1
    outer loop
      vertex 50.15 -3.5 2
      vertex 51.7 -10 2
      vertex 51.1 -3.5 2
    endloop
  endfacet
  facet normal -0 0 1
    outer loop
      vertex 51.1 1.1 2
      vertex 51.6734 0.935043 2
      vertex 51.3284 1.32843 2
    endloop
  endfacet
  facet normal 0 0 1
    outer loop
      vertex 50.15 -66.5 2
      vertex 51.7 -50 2
      vertex 50.15 -3.5 2
    endloop
  endfacet
  facet normal 0 0 1
    outer loop
      vertex 51.6734 0.935043 2
      vertex 51.1 1.1 2
      vertex 51.1 -3.5 2
    endloop
  endfacet
  facet normal 0 0 1
    outer loop
      vertex 50.935 1.67342 2
      vertex 51.1 1.1 2
      vertex 51.3284 1.32843 2
    endloop
  endfacet
  facet normal 0 0 1
    outer loop
      vertex 50.5 1.9641 2
      vertex 51.1 1.1 2
      vertex 50.935 1.67342 2
    endloop
  endfacet
  facet normal 0 0 1
    outer loop
      vertex 50.0307 2.19551 2
      vertex 51.1 1.1 2
      vertex 50.5 1.9641 2
    endloop
  endfacet
  facet normal 0 0 1
    outer loop
      vertex 49.5353 2.36371 2
      vertex 51.1 1.1 2
      vertex 50.0307 2.19551 2
    endloop
  endfacet
  facet normal 0 0 1
    outer loop
      vertex 46.5 1.1 2
      vertex 49.5353 2.36371 2
      vertex 49.0221 2.46577 2
    endloop
  endfacet
  facet normal 0 0 1
    outer loop
      vertex 46.5 1.1 2
      vertex 49.0221 2.46577 2
      vertex 48.5 2.5 2
    endloop
  endfacet
  facet normal 0 0 1
    outer loop
      vertex 49.5353 2.36371 2
      vertex 46.5 1.1 2
      vertex 51.1 1.1 2
    endloop
  endfacet
  facet normal -0 0 1
    outer loop
      vertex 18.3 2.5 2
      vertex 46.5 1.1 2
      vertex 48.5 2.5 2
    endloop
  endfacet
  facet normal 0 0 1
    outer loop
      vertex 18.3 0.149994 2
      vertex 46.5 1.1 2
      vertex 18.3 2.5 2
    endloop
  endfacet
  facet normal 0 0 1
    outer loop
      vertex 46.5 1.1 2
      vertex 18.3 0.149994 2
      vertex 46.5 0.149994 2
    endloop
  endfacet
  facet normal 0 0 1
    outer loop
      vertex 46.5 -70.15 2
      vertex 3.5 -70.15 2
      vertex 46.5 -71.1 2
    endloop
  endfacet
  facet normal 0 0 1
    outer loop
      vertex 51.7 -50 2
      vertex 50.15 -66.5 2
      vertex 51.7 -54 2
    endloop
  endfacet
  facet normal 0 0 1
    outer loop
      vertex 51.7 -54 2
      vertex 50.15 -66.5 2
      vertex 51.1 -66.5 2
    endloop
  endfacet
  facet normal 0 0 1
    outer loop
      vertex 52.1955 -70.0307 2
      vertex 51.1 -71.1 2
      vertex 51.9641 -70.5 2
    endloop
  endfacet
  facet normal 0 0 1
    outer loop
      vertex 51.9641 -70.5 2
      vertex 51.1 -71.1 2
      vertex 51.6734 -70.935 2
    endloop
  endfacet
  facet normal 0 0 1
    outer loop
      vertex 51.6734 -70.935 2
      vertex 51.1 -71.1 2
      vertex 51.3284 -71.3284 2
    endloop
  endfacet
  facet normal 0 0 1
    outer loop
      vertex 51.1 -71.1 2
      vertex 50.935 -71.6734 2
      vertex 51.3284 -71.3284 2
    endloop
  endfacet
  facet normal 0 0 1
    outer loop
      vertex 51.1 -71.1 2
      vertex 50.5 -71.9641 2
      vertex 50.935 -71.6734 2
    endloop
  endfacet
  facet normal 0 0 1
    outer loop
      vertex 51.1 -71.1 2
      vertex 50.0307 -72.1955 2
      vertex 50.5 -71.9641 2
    endloop
  endfacet
  facet normal 0 0 1
    outer loop
      vertex 51.1 -71.1 2
      vertex 49.5353 -72.3637 2
      vertex 50.0307 -72.1955 2
    endloop
  endfacet
  facet normal -0 0 1
    outer loop
      vertex 46.5 -71.1 2
      vertex 49.5353 -72.3637 2
      vertex 51.1 -71.1 2
    endloop
  endfacet
  facet normal 0 0 1
    outer loop
      vertex 49.5353 -72.3637 2
      vertex 46.5 -71.1 2
      vertex 49.0221 -72.4658 2
    endloop
  endfacet
  facet normal 0 0 1
    outer loop
      vertex 49.0221 -72.4658 2
      vertex 46.5 -71.1 2
      vertex 48.5 -72.5 2
    endloop
  endfacet
  facet normal 0 0 1
    outer loop
      vertex 3.5 -71.1 2
      vertex 46.5 -71.1 2
      vertex 3.5 -70.15 2
    endloop
  endfacet
  facet normal 0 0 1
    outer loop
      vertex 46.5 -71.1 2
      vertex 3.5 -71.1 2
      vertex 48.5 -72.5 2
    endloop
  endfacet
  facet normal 0 0 1
    outer loop
      vertex 3.5 -71.1 2
      vertex 1.5 -72.5 2
      vertex 48.5 -72.5 2
    endloop
  endfacet
  facet normal 0 0 1
    outer loop
      vertex 3.5 -71.1 2
      vertex 0.97789 -72.4658 2
      vertex 1.5 -72.5 2
    endloop
  endfacet
  facet normal 0 0 1
    outer loop
      vertex 3.5 -71.1 2
      vertex 0.464722 -72.3637 2
      vertex 0.97789 -72.4658 2
    endloop
  endfacet
  facet normal -0 0 1
    outer loop
      vertex -1.1 -71.1 2
      vertex 0.464722 -72.3637 2
      vertex 3.5 -71.1 2
    endloop
  endfacet
  facet normal 0 0 1
    outer loop
      vertex 0.464722 -72.3637 2
      vertex -1.1 -71.1 2
      vertex -0.0307312 -72.1955 2
    endloop
  endfacet
  facet normal 0 0 1
    outer loop
      vertex -0.0307312 -72.1955 2
      vertex -1.1 -71.1 2
      vertex -0.5 -71.9641 2
    endloop
  endfacet
  facet normal 0 0 1
    outer loop
      vertex -0.5 -71.9641 2
      vertex -1.1 -71.1 2
      vertex -0.935043 -71.6734 2
    endloop
  endfacet
  facet normal 0 0 1
    outer loop
      vertex -1.1 -71.1 2
      vertex -1.32843 -71.3284 2
      vertex -0.935043 -71.6734 2
    endloop
  endfacet
  facet normal 0 0 1
    outer loop
      vertex -1.1 -3.5 2
      vertex -1.7 -14 2
      vertex -1.7 -50 2
    endloop
  endfacet
  facet normal 0 0 1
    outer loop
      vertex -1.9641 0.5 2
      vertex -1.1 1.1 2
      vertex -1.67342 0.935043 2
    endloop
  endfacet
  facet normal 0 0 1
    outer loop
      vertex -1.1 -3.5 2
      vertex -1.7 -10 2
      vertex -1.7 -14 2
    endloop
  endfacet
  facet normal -0 0 1
    outer loop
      vertex -1.7 -54 2
      vertex -1.1 -66.5 2
      vertex -1.7 -50 2
    endloop
  endfacet
  facet normal 0 0 1
    outer loop
      vertex -2.19551 0.0307312 2
      vertex -1.1 1.1 2
      vertex -1.9641 0.5 2
    endloop
  endfacet
  facet normal 0 0 1
    outer loop
      vertex -2.36371 -0.464722 2
      vertex -1.1 1.1 2
      vertex -2.19551 0.0307312 2
    endloop
  endfacet
  facet normal 0 0 1
    outer loop
      vertex -1.1 -3.5 2
      vertex -2.36371 -0.464722 2
      vertex -2.46577 -0.97789 2
    endloop
  endfacet
  facet normal 0 0 1
    outer loop
      vertex -1.1 -3.5 2
      vertex -2.46577 -0.97789 2
      vertex -2.5 -1.5 2
    endloop
  endfacet
  facet normal 0 0 1
    outer loop
      vertex -2.5 -10 2
      vertex -1.1 -3.5 2
      vertex -2.5 -1.5 2
    endloop
  endfacet
  facet normal 0 0 1
    outer loop
      vertex -1.1 -3.5 2
      vertex -2.5 -10 2
      vertex -1.7 -10 2
    endloop
  endfacet
  facet normal -0 0 1
    outer loop
      vertex -2.5 -14 2
      vertex -1.7 -50 2
      vertex -1.7 -14 2
    endloop
  endfacet
  facet normal 0 0 1
    outer loop
      vertex -1.7 -50 2
      vertex -2.5 -14 2
      vertex -2.5 -50 2
    endloop
  endfacet
  facet normal -0 0 1
    outer loop
      vertex -2.5 -54 2
      vertex -1.1 -66.5 2
      vertex -1.7 -54 2
    endloop
  endfacet
  facet normal 0 -0 1
    outer loop
      vertex -2.46577 -69.0221 2
      vertex -1.1 -66.5 2
      vertex -2.5 -68.5 2
    endloop
  endfacet
  facet normal 0 -0 1
    outer loop
      vertex -2.36371 -69.5353 2
      vertex -1.1 -66.5 2
      vertex -2.46577 -69.0221 2
    endloop
  endfacet
  facet normal 0 0 1
    outer loop
      vertex -1.1 -71.1 2
      vertex -1.67342 -70.935 2
      vertex -1.32843 -71.3284 2
    endloop
  endfacet
  facet normal 0 0 1
    outer loop
      vertex -1.1 -71.1 2
      vertex -1.9641 -70.5 2
      vertex -1.67342 -70.935 2
    endloop
  endfacet
  facet normal 0 0 1
    outer loop
      vertex -1.1 -71.1 2
      vertex -2.19551 -70.0307 2
      vertex -1.9641 -70.5 2
    endloop
  endfacet
  facet normal 0 0 1
    outer loop
      vertex -1.1 -71.1 2
      vertex -2.36371 -69.5353 2
      vertex -2.19551 -70.0307 2
    endloop
  endfacet
  facet normal 0 0 1
    outer loop
      vertex -1.1 -66.5 2
      vertex -2.5 -54 2
      vertex -2.5 -68.5 2
    endloop
  endfacet
  facet normal 0 0 1
    outer loop
      vertex -1.1 -66.5 2
      vertex -2.36371 -69.5353 2
      vertex -1.1 -71.1 2
    endloop
  endfacet
  facet normal -0 0 1
    outer loop
      vertex 40.75 -45.5 2
      vertex 41.75 -48.5 2
      vertex 41.75 -45.5 2
    endloop
  endfacet
  facet normal 0 0 1
    outer loop
      vertex 41.75 -48.5 2
      vertex 40.75 -45.5 2
      vertex 40.75 -48.5 2
    endloop
  endfacet
  facet normal 0 0 1
    outer loop
      vertex 3.5 -3.5 2
      vertex 46.5 -3.5 2
      vertex 46.5 -1.04999 2
    endloop
  endfacet
  facet normal 0 0 1
    outer loop
      vertex 41.75 -45.5 2
      vertex 46.25 -45.5 2
      vertex 46.25 -44 2
    endloop
  endfacet
  facet normal 0 0 1
    outer loop
      vertex 46.25 -45.5 2
      vertex 41.75 -45.5 2
      vertex 46.25 -48.5 2
    endloop
  endfacet
  facet normal 0 0 1
    outer loop
      vertex 46.25 -48.5 2
      vertex 41.75 -48.5 2
      vertex 46.25 -50 2
    endloop
  endfacet
  facet normal 0 0 1
    outer loop
      vertex 46.5 -3.5 2
      vertex 38.6033 -31.8777 2
      vertex 46.25 -44 2
    endloop
  endfacet
  facet normal 0 0 1
    outer loop
      vertex 46.25 -50 2
      vertex 45.1547 -59.2514 2
      vertex 45.23 -60.4 2
    endloop
  endfacet
  facet normal 0 0 1
    outer loop
      vertex 46.25 -50 2
      vertex 44.9301 -58.1224 2
      vertex 45.1547 -59.2514 2
    endloop
  endfacet
  facet normal 0 0 1
    outer loop
      vertex 41.75 -45.5 2
      vertex 46.25 -44 2
      vertex 41.75 -44 2
    endloop
  endfacet
  facet normal 0 0 1
    outer loop
      vertex 46.25 -50 2
      vertex 44.5601 -57.0324 2
      vertex 44.9301 -58.1224 2
    endloop
  endfacet
  facet normal 0 0 1
    outer loop
      vertex 46.25 -48.5 2
      vertex 41.75 -45.5 2
      vertex 41.75 -48.5 2
    endloop
  endfacet
  facet normal 0 0 1
    outer loop
      vertex 46.25 -50 2
      vertex 44.051 -56 2
      vertex 44.5601 -57.0324 2
    endloop
  endfacet
  facet normal 0 0 1
    outer loop
      vertex 46.25 -50 2
      vertex 41.75 -48.5 2
      vertex 41.75 -50 2
    endloop
  endfacet
  facet normal 0 0 1
    outer loop
      vertex 46.25 -50 2
      vertex 43.4115 -55.0429 2
      vertex 44.051 -56 2
    endloop
  endfacet
  facet normal -0 -0 1
    outer loop
      vertex 38.68 -32.46 2
      vertex 46.25 -44 2
      vertex 38.6608 -32.1663 2
    endloop
  endfacet
  facet normal -0 0 1
    outer loop
      vertex 38.8783 -45.4159 2
      vertex 40.75 -45.5 2
      vertex 40.75 -44 2
    endloop
  endfacet
  facet normal 0 0 1
    outer loop
      vertex 39.0573 -46.7759 2
      vertex 40.75 -45.5 2
      vertex 39.08 -46.43 2
    endloop
  endfacet
  facet normal -0 0 1
    outer loop
      vertex 38.9897 -47.1159 2
      vertex 40.75 -48.5 2
      vertex 39.0573 -46.7759 2
    endloop
  endfacet
  facet normal 0 0 1
    outer loop
      vertex 40.75 -45.5 2
      vertex 39.0573 -46.7759 2
      vertex 40.75 -48.5 2
    endloop
  endfacet
  facet normal -0 0 1
    outer loop
      vertex 38.6033 -33.0423 2
      vertex 46.25 -44 2
      vertex 38.6608 -32.7537 2
    endloop
  endfacet
  facet normal 0 0 1
    outer loop
      vertex 40.75 -45.5 2
      vertex 39.0573 -46.0841 2
      vertex 39.08 -46.43 2
    endloop
  endfacet
  facet normal -0 0 1
    outer loop
      vertex 38.5087 -33.321 2
      vertex 46.25 -44 2
      vertex 38.6033 -33.0423 2
    endloop
  endfacet
  facet normal -0 0 1
    outer loop
      vertex 38.3786 -33.585 2
      vertex 46.25 -44 2
      vertex 38.5087 -33.321 2
    endloop
  endfacet
  facet normal 0 0 1
    outer loop
      vertex 40.75 -45.5 2
      vertex 38.9897 -45.7441 2
      vertex 39.0573 -46.0841 2
    endloop
  endfacet
  facet normal 0 0 1
    outer loop
      vertex 46.25 -44 2
      vertex 38.3786 -33.585 2
      vertex 41.75 -44 2
    endloop
  endfacet
  facet normal -0 0 1
    outer loop
      vertex 38.6608 -32.7537 2
      vertex 46.25 -44 2
      vertex 38.68 -32.46 2
    endloop
  endfacet
  facet normal 0 0 1
    outer loop
      vertex 46.25 -44 2
      vertex 38.6033 -31.8777 2
      vertex 38.6608 -32.1663 2
    endloop
  endfacet
  facet normal 0 0 1
    outer loop
      vertex 46.5 -3.5 2
      vertex 38.5087 -31.599 2
      vertex 38.6033 -31.8777 2
    endloop
  endfacet
  facet normal 0 0 1
    outer loop
      vertex 46.5 -3.5 2
      vertex 38.3786 -31.335 2
      vertex 38.5087 -31.599 2
    endloop
  endfacet
  facet normal 0 0 1
    outer loop
      vertex 46.5 -3.5 2
      vertex 38.215 -31.0903 2
      vertex 38.3786 -31.335 2
    endloop
  endfacet
  facet normal 0 0 1
    outer loop
      vertex 46.5 -3.5 2
      vertex 38.021 -30.869 2
      vertex 38.215 -31.0903 2
    endloop
  endfacet
  facet normal 0 0 1
    outer loop
      vertex 46.5 -3.5 2
      vertex 37.7997 -30.675 2
      vertex 38.021 -30.869 2
    endloop
  endfacet
  facet normal 0 0 1
    outer loop
      vertex 46.5 -3.5 2
      vertex 37.555 -30.5114 2
      vertex 37.7997 -30.675 2
    endloop
  endfacet
  facet normal 0 0 1
    outer loop
      vertex 46.5 -3.5 2
      vertex 37.291 -30.3813 2
      vertex 37.555 -30.5114 2
    endloop
  endfacet
  facet normal 0 0 1
    outer loop
      vertex 46.5 -3.5 2
      vertex 37.0123 -30.2867 2
      vertex 37.291 -30.3813 2
    endloop
  endfacet
  facet normal 0 0 1
    outer loop
      vertex 46.5 -3.5 2
      vertex 36.7237 -30.2292 2
      vertex 37.0123 -30.2867 2
    endloop
  endfacet
  facet normal 0 0 1
    outer loop
      vertex 46.5 -3.5 2
      vertex 36.43 -30.21 2
      vertex 36.7237 -30.2292 2
    endloop
  endfacet
  facet normal 0 0 1
    outer loop
      vertex 46.5 -3.5 2
      vertex 36.1363 -30.2292 2
      vertex 36.43 -30.21 2
    endloop
  endfacet
  facet normal 0 0 1
    outer loop
      vertex 46.5 -3.5 2
      vertex 35.8477 -30.2867 2
      vertex 36.1363 -30.2292 2
    endloop
  endfacet
  facet normal 0 0 1
    outer loop
      vertex 46.5 -3.5 2
      vertex 35.569 -30.3813 2
      vertex 35.8477 -30.2867 2
    endloop
  endfacet
  facet normal 0 0 1
    outer loop
      vertex 46.5 -3.5 2
      vertex 35.305 -30.5114 2
      vertex 35.569 -30.3813 2
    endloop
  endfacet
  facet normal 0 0 1
    outer loop
      vertex 46.5 -3.5 2
      vertex 3.5 -3.5 2
      vertex 35.305 -30.5114 2
    endloop
  endfacet
  facet normal 0 0 1
    outer loop
      vertex 35.305 -30.5114 2
      vertex 3.5 -3.5 2
      vertex 35.0603 -30.675 2
    endloop
  endfacet
  facet normal 0 0 1
    outer loop
      vertex 35.0603 -30.675 2
      vertex 3.5 -3.5 2
      vertex 34.839 -30.869 2
    endloop
  endfacet
  facet normal 0 0 1
    outer loop
      vertex 34.839 -30.869 2
      vertex 3.5 -3.5 2
      vertex 34.645 -31.0903 2
    endloop
  endfacet
  facet normal 0 0 1
    outer loop
      vertex 34.645 -31.0903 2
      vertex 3.5 -3.5 2
      vertex 34.4814 -31.335 2
    endloop
  endfacet
  facet normal 0 0 1
    outer loop
      vertex 34.3513 -33.321 2
      vertex 33.9817 -45.4159 2
      vertex 34.135 -45.105 2
    endloop
  endfacet
  facet normal 0 0 1
    outer loop
      vertex 34.1992 -32.7537 2
      vertex 33.8703 -45.7441 2
      vertex 33.9817 -45.4159 2
    endloop
  endfacet
  facet normal 0 0 1
    outer loop
      vertex 34.1992 -32.7537 2
      vertex 29.4485 -55.0429 2
      vertex 33.8703 -45.7441 2
    endloop
  endfacet
  facet normal 0 0 1
    outer loop
      vertex 33.8703 -45.7441 2
      vertex 29.4485 -55.0429 2
      vertex 33.8027 -46.0841 2
    endloop
  endfacet
  facet normal 0 -0 1
    outer loop
      vertex 30.2075 -54.1775 2
      vertex 33.8027 -46.0841 2
      vertex 29.4485 -55.0429 2
    endloop
  endfacet
  facet normal 0 0 1
    outer loop
      vertex 33.78 -46.43 2
      vertex 32.03 -52.779 2
      vertex 33.0624 -52.2699 2
    endloop
  endfacet
  facet normal 0 0 1
    outer loop
      vertex 3.5 -3.5 2
      vertex 34.18 -32.46 2
      vertex 34.1992 -32.1663 2
    endloop
  endfacet
  facet normal 0 0 1
    outer loop
      vertex 33.78 -46.43 2
      vertex 31.0729 -53.4185 2
      vertex 32.03 -52.779 2
    endloop
  endfacet
  facet normal 0 0 1
    outer loop
      vertex 33.78 -46.43 2
      vertex 30.2075 -54.1775 2
      vertex 31.0729 -53.4185 2
    endloop
  endfacet
  facet normal 0 0 1
    outer loop
      vertex 33.8027 -46.0841 2
      vertex 30.2075 -54.1775 2
      vertex 33.78 -46.43 2
    endloop
  endfacet
  facet normal 0 0 1
    outer loop
      vertex 3.5 -3.5 2
      vertex 34.1992 -32.1663 2
      vertex 34.2567 -31.8777 2
    endloop
  endfacet
  facet normal 0 0 1
    outer loop
      vertex 34.1992 -32.7537 2
      vertex 3.5 -66.5 2
      vertex 29.4485 -55.0429 2
    endloop
  endfacet
  facet normal 0 0 1
    outer loop
      vertex 29.4485 -55.0429 2
      vertex 3.5 -66.5 2
      vertex 28.809 -56 2
    endloop
  endfacet
  facet normal 0 0 1
    outer loop
      vertex 28.809 -56 2
      vertex 3.5 -66.5 2
      vertex 28.2999 -57.0324 2
    endloop
  endfacet
  facet normal 0 0 1
    outer loop
      vertex 28.2999 -57.0324 2
      vertex 3.5 -66.5 2
      vertex 27.9299 -58.1224 2
    endloop
  endfacet
  facet normal 0 0 1
    outer loop
      vertex 34.1992 -32.7537 2
      vertex 3.5 -3.5 2
      vertex 3.5 -66.5 2
    endloop
  endfacet
  facet normal 0 0 1
    outer loop
      vertex 34.3513 -31.599 2
      vertex 3.5 -3.5 2
      vertex 34.2567 -31.8777 2
    endloop
  endfacet
  facet normal 0 0 1
    outer loop
      vertex 34.4814 -31.335 2
      vertex 3.5 -3.5 2
      vertex 34.3513 -31.599 2
    endloop
  endfacet
  facet normal 0 0 1
    outer loop
      vertex 3.5 -3.5 2
      vertex 46.5 -1.04999 2
      vertex 3.5 -1.04999 2
    endloop
  endfacet
  facet normal -0 0 1
    outer loop
      vertex 46.25 -45.5 2
      vertex 47.25 -48.5 2
      vertex 47.25 -45.5 2
    endloop
  endfacet
  facet normal 0 0 1
    outer loop
      vertex 47.25 -48.5 2
      vertex 46.25 -45.5 2
      vertex 46.25 -48.5 2
    endloop
  endfacet
  facet normal 0 0 1
    outer loop
      vertex 48.95 -3.5 2
      vertex 47.25 -44 2
      vertex 48.95 -66.5 2
    endloop
  endfacet
  facet normal -0 0 1
    outer loop
      vertex 46.5 -3.5 2
      vertex 47.25 -44 2
      vertex 48.95 -3.5 2
    endloop
  endfacet
  facet normal 0 0 1
    outer loop
      vertex 47.25 -44 2
      vertex 46.5 -3.5 2
      vertex 46.25 -44 2
    endloop
  endfacet
  facet normal -0 0 1
    outer loop
      vertex 47.25 -45.5 2
      vertex 48.95 -66.5 2
      vertex 47.25 -44 2
    endloop
  endfacet
  facet normal -0 0 1
    outer loop
      vertex 47.25 -48.5 2
      vertex 48.95 -66.5 2
      vertex 47.25 -45.5 2
    endloop
  endfacet
  facet normal -0 0 1
    outer loop
      vertex 47.25 -50 2
      vertex 48.95 -66.5 2
      vertex 47.25 -48.5 2
    endloop
  endfacet
  facet normal -0 0 1
    outer loop
      vertex 45.23 -60.4 2
      vertex 48.95 -66.5 2
      vertex 47.25 -50 2
    endloop
  endfacet
  facet normal 0 0 1
    outer loop
      vertex 45.23 -60.4 2
      vertex 47.25 -50 2
      vertex 46.25 -50 2
    endloop
  endfacet
  facet normal -0 0 1
    outer loop
      vertex 45.1547 -61.5486 2
      vertex 48.95 -66.5 2
      vertex 45.23 -60.4 2
    endloop
  endfacet
  facet normal -0 0 1
    outer loop
      vertex 44.9301 -62.6776 2
      vertex 48.95 -66.5 2
      vertex 45.1547 -61.5486 2
    endloop
  endfacet
  facet normal 0 0 1
    outer loop
      vertex 48.95 -66.5 2
      vertex 44.9301 -62.6776 2
      vertex 46.5 -66.5 2
    endloop
  endfacet
  facet normal -0 0 1
    outer loop
      vertex 44.5601 -63.7676 2
      vertex 46.5 -66.5 2
      vertex 44.9301 -62.6776 2
    endloop
  endfacet
  facet normal -0 0 1
    outer loop
      vertex 44.051 -64.8 2
      vertex 46.5 -66.5 2
      vertex 44.5601 -63.7676 2
    endloop
  endfacet
  facet normal -0 0 1
    outer loop
      vertex 43.4115 -65.7571 2
      vertex 46.5 -66.5 2
      vertex 44.051 -64.8 2
    endloop
  endfacet
  facet normal 0 0 1
    outer loop
      vertex 42.6525 -66.6225 2
      vertex 46.5 -66.5 2
      vertex 43.4115 -65.7571 2
    endloop
  endfacet
  facet normal 0 0 1
    outer loop
      vertex 46.5 -66.5 2
      vertex 42.6525 -66.6225 2
      vertex 46.5 -68.95 2
    endloop
  endfacet
  facet normal -0 0 1
    outer loop
      vertex 41.7871 -67.3815 2
      vertex 46.5 -68.95 2
      vertex 42.6525 -66.6225 2
    endloop
  endfacet
  facet normal -0 0 1
    outer loop
      vertex 40.83 -68.021 2
      vertex 46.5 -68.95 2
      vertex 41.7871 -67.3815 2
    endloop
  endfacet
  facet normal -0 0 1
    outer loop
      vertex 39.7976 -68.5301 2
      vertex 46.5 -68.95 2
      vertex 40.83 -68.021 2
    endloop
  endfacet
  facet normal -0 0 1
    outer loop
      vertex 38.7076 -68.9001 2
      vertex 46.5 -68.95 2
      vertex 39.7976 -68.5301 2
    endloop
  endfacet
  facet normal 0 0 1
    outer loop
      vertex 46.5 -68.95 2
      vertex 38.7076 -68.9001 2
      vertex 38.4571 -68.95 2
    endloop
  endfacet
  facet normal 0 -0 1
    outer loop
      vertex 41.7871 -53.4185 2
      vertex 46.25 -50 2
      vertex 41.75 -50 2
    endloop
  endfacet
  facet normal 0 0 1
    outer loop
      vertex 46.25 -50 2
      vertex 42.6525 -54.1775 2
      vertex 43.4115 -55.0429 2
    endloop
  endfacet
  facet normal 0 0 1
    outer loop
      vertex 46.25 -50 2
      vertex 41.7871 -53.4185 2
      vertex 42.6525 -54.1775 2
    endloop
  endfacet
  facet normal 0 0 1
    outer loop
      vertex 41.75 -50 2
      vertex 40.83 -52.779 2
      vertex 41.7871 -53.4185 2
    endloop
  endfacet
  facet normal -0 0 1
    outer loop
      vertex 40.75 -50 2
      vertex 40.83 -52.779 2
      vertex 41.75 -50 2
    endloop
  endfacet
  facet normal 0 0 1
    outer loop
      vertex 40.83 -52.779 2
      vertex 40.75 -50 2
      vertex 39.7976 -52.2699 2
    endloop
  endfacet
  facet normal -0 0 1
    outer loop
      vertex 38.8783 -47.4441 2
      vertex 40.75 -48.5 2
      vertex 38.9897 -47.1159 2
    endloop
  endfacet
  facet normal -0 0 1
    outer loop
      vertex 38.725 -47.755 2
      vertex 40.75 -48.5 2
      vertex 38.8783 -47.4441 2
    endloop
  endfacet
  facet normal -0 0 1
    outer loop
      vertex 38.5324 -48.0432 2
      vertex 40.75 -48.5 2
      vertex 38.725 -47.755 2
    endloop
  endfacet
  facet normal -0 0 1
    outer loop
      vertex 38.3038 -48.3038 2
      vertex 40.75 -48.5 2
      vertex 38.5324 -48.0432 2
    endloop
  endfacet
  facet normal 0 0 1
    outer loop
      vertex 40.75 -48.5 2
      vertex 38.3038 -48.3038 2
      vertex 40.75 -50 2
    endloop
  endfacet
  facet normal -0 0 1
    outer loop
      vertex 38.0432 -48.5324 2
      vertex 40.75 -50 2
      vertex 38.3038 -48.3038 2
    endloop
  endfacet
  facet normal 0 0 1
    outer loop
      vertex 40.75 -50 2
      vertex 38.7076 -51.8999 2
      vertex 39.7976 -52.2699 2
    endloop
  endfacet
  facet normal 0 0 1
    outer loop
      vertex 40.75 -50 2
      vertex 38.0432 -48.5324 2
      vertex 38.7076 -51.8999 2
    endloop
  endfacet
  facet normal -0 0 1
    outer loop
      vertex 37.755 -48.725 2
      vertex 38.7076 -51.8999 2
      vertex 38.0432 -48.5324 2
    endloop
  endfacet
  facet normal 0 0 1
    outer loop
      vertex 37.755 -48.725 2
      vertex 37.5786 -51.6753 2
      vertex 38.7076 -51.8999 2
    endloop
  endfacet
  facet normal -0 0 1
    outer loop
      vertex 37.4441 -48.8783 2
      vertex 37.5786 -51.6753 2
      vertex 37.755 -48.725 2
    endloop
  endfacet
  facet normal -0 0 1
    outer loop
      vertex 37.1159 -48.9897 2
      vertex 37.5786 -51.6753 2
      vertex 37.4441 -48.8783 2
    endloop
  endfacet
  facet normal -0 0 1
    outer loop
      vertex 36.7759 -49.0573 2
      vertex 37.5786 -51.6753 2
      vertex 37.1159 -48.9897 2
    endloop
  endfacet
  facet normal 0 0 1
    outer loop
      vertex 36.43 -51.6 2
      vertex 36.7759 -49.0573 2
      vertex 36.43 -49.08 2
    endloop
  endfacet
  facet normal 0 0 1
    outer loop
      vertex 36.7759 -49.0573 2
      vertex 36.43 -51.6 2
      vertex 37.5786 -51.6753 2
    endloop
  endfacet
  facet normal 0 0 1
    outer loop
      vertex 36.0841 -49.0573 2
      vertex 36.43 -51.6 2
      vertex 36.43 -49.08 2
    endloop
  endfacet
  facet normal 0 0 1
    outer loop
      vertex 35.2814 -51.6753 2
      vertex 36.0841 -49.0573 2
      vertex 35.7441 -48.9897 2
    endloop
  endfacet
  facet normal 0 0 1
    outer loop
      vertex 35.2814 -51.6753 2
      vertex 35.7441 -48.9897 2
      vertex 35.4159 -48.8783 2
    endloop
  endfacet
  facet normal 0 0 1
    outer loop
      vertex 36.0841 -49.0573 2
      vertex 35.2814 -51.6753 2
      vertex 36.43 -51.6 2
    endloop
  endfacet
  facet normal 0 0 1
    outer loop
      vertex 35.105 -48.725 2
      vertex 35.2814 -51.6753 2
      vertex 35.4159 -48.8783 2
    endloop
  endfacet
  facet normal 0 0 1
    outer loop
      vertex 34.1524 -51.8999 2
      vertex 35.105 -48.725 2
      vertex 34.8168 -48.5324 2
    endloop
  endfacet
  facet normal 0 0 1
    outer loop
      vertex 34.1524 -51.8999 2
      vertex 34.8168 -48.5324 2
      vertex 34.5562 -48.3038 2
    endloop
  endfacet
  facet normal 0 0 1
    outer loop
      vertex 33.0624 -52.2699 2
      vertex 34.5562 -48.3038 2
      vertex 34.3276 -48.0432 2
    endloop
  endfacet
  facet normal 0 0 1
    outer loop
      vertex 35.105 -48.725 2
      vertex 34.1524 -51.8999 2
      vertex 35.2814 -51.6753 2
    endloop
  endfacet
  facet normal 0 0 1
    outer loop
      vertex 33.0624 -52.2699 2
      vertex 34.3276 -48.0432 2
      vertex 34.135 -47.755 2
    endloop
  endfacet
  facet normal 0 0 1
    outer loop
      vertex 33.0624 -52.2699 2
      vertex 34.135 -47.755 2
      vertex 33.9817 -47.4441 2
    endloop
  endfacet
  facet normal 0 0 1
    outer loop
      vertex 33.0624 -52.2699 2
      vertex 33.9817 -47.4441 2
      vertex 33.8703 -47.1159 2
    endloop
  endfacet
  facet normal 0 0 1
    outer loop
      vertex 33.0624 -52.2699 2
      vertex 33.8703 -47.1159 2
      vertex 33.8027 -46.7759 2
    endloop
  endfacet
  facet normal 0 0 1
    outer loop
      vertex 34.5562 -48.3038 2
      vertex 33.0624 -52.2699 2
      vertex 34.1524 -51.8999 2
    endloop
  endfacet
  facet normal 0 0 1
    outer loop
      vertex 33.0624 -52.2699 2
      vertex 33.8027 -46.7759 2
      vertex 33.78 -46.43 2
    endloop
  endfacet
  facet normal 0 0 1
    outer loop
      vertex 40.75 -45.5 2
      vertex 38.8783 -45.4159 2
      vertex 38.9897 -45.7441 2
    endloop
  endfacet
  facet normal -0 0 1
    outer loop
      vertex 38.215 -33.8297 2
      vertex 41.75 -44 2
      vertex 38.3786 -33.585 2
    endloop
  endfacet
  facet normal 0 0 1
    outer loop
      vertex 40.75 -44 2
      vertex 38.725 -45.105 2
      vertex 38.8783 -45.4159 2
    endloop
  endfacet
  facet normal -0 0 1
    outer loop
      vertex 38.021 -34.051 2
      vertex 41.75 -44 2
      vertex 38.215 -33.8297 2
    endloop
  endfacet
  facet normal 0 0 1
    outer loop
      vertex 40.75 -44 2
      vertex 38.5324 -44.8168 2
      vertex 38.725 -45.105 2
    endloop
  endfacet
  facet normal -0 0 1
    outer loop
      vertex 37.7997 -34.245 2
      vertex 41.75 -44 2
      vertex 38.021 -34.051 2
    endloop
  endfacet
  facet normal 0 0 1
    outer loop
      vertex 40.75 -44 2
      vertex 38.3038 -44.5562 2
      vertex 38.5324 -44.8168 2
    endloop
  endfacet
  facet normal 0 0 1
    outer loop
      vertex 41.75 -44 2
      vertex 37.7997 -34.245 2
      vertex 40.75 -44 2
    endloop
  endfacet
  facet normal 0 0 1
    outer loop
      vertex 40.75 -44 2
      vertex 38.0432 -44.3276 2
      vertex 38.3038 -44.5562 2
    endloop
  endfacet
  facet normal -0 0 1
    outer loop
      vertex 37.555 -34.4086 2
      vertex 40.75 -44 2
      vertex 37.7997 -34.245 2
    endloop
  endfacet
  facet normal 0 0 1
    outer loop
      vertex 40.75 -44 2
      vertex 37.755 -44.135 2
      vertex 38.0432 -44.3276 2
    endloop
  endfacet
  facet normal -0 0 1
    outer loop
      vertex 37.291 -34.5387 2
      vertex 40.75 -44 2
      vertex 37.555 -34.4086 2
    endloop
  endfacet
  facet normal 0 0 1
    outer loop
      vertex 40.75 -44 2
      vertex 37.4441 -43.9817 2
      vertex 37.755 -44.135 2
    endloop
  endfacet
  facet normal 0 0 1
    outer loop
      vertex 40.75 -44 2
      vertex 37.291 -34.5387 2
      vertex 37.4441 -43.9817 2
    endloop
  endfacet
  facet normal 0 0 1
    outer loop
      vertex 37.291 -34.5387 2
      vertex 37.1159 -43.8703 2
      vertex 37.4441 -43.9817 2
    endloop
  endfacet
  facet normal -0 0 1
    outer loop
      vertex 37.0123 -34.6333 2
      vertex 37.1159 -43.8703 2
      vertex 37.291 -34.5387 2
    endloop
  endfacet
  facet normal 0 0 1
    outer loop
      vertex 37.0123 -34.6333 2
      vertex 36.7759 -43.8027 2
      vertex 37.1159 -43.8703 2
    endloop
  endfacet
  facet normal -0 0 1
    outer loop
      vertex 36.7237 -34.6908 2
      vertex 36.7759 -43.8027 2
      vertex 37.0123 -34.6333 2
    endloop
  endfacet
  facet normal -0 0 1
    outer loop
      vertex 36.43 -34.71 2
      vertex 36.7759 -43.8027 2
      vertex 36.7237 -34.6908 2
    endloop
  endfacet
  facet normal 0 0 1
    outer loop
      vertex 36.43 -34.71 2
      vertex 36.43 -43.78 2
      vertex 36.7759 -43.8027 2
    endloop
  endfacet
  facet normal 0 0 1
    outer loop
      vertex 36.1363 -34.6908 2
      vertex 36.43 -43.78 2
      vertex 36.43 -34.71 2
    endloop
  endfacet
  facet normal 0 0 1
    outer loop
      vertex 36.1363 -34.6908 2
      vertex 36.0841 -43.8027 2
      vertex 36.43 -43.78 2
    endloop
  endfacet
  facet normal 0 0 1
    outer loop
      vertex 35.8477 -34.6333 2
      vertex 36.0841 -43.8027 2
      vertex 36.1363 -34.6908 2
    endloop
  endfacet
  facet normal 0 0 1
    outer loop
      vertex 35.8477 -34.6333 2
      vertex 35.7441 -43.8703 2
      vertex 36.0841 -43.8027 2
    endloop
  endfacet
  facet normal 0 0 1
    outer loop
      vertex 35.569 -34.5387 2
      vertex 35.7441 -43.8703 2
      vertex 35.8477 -34.6333 2
    endloop
  endfacet
  facet normal 0 0 1
    outer loop
      vertex 35.569 -34.5387 2
      vertex 35.4159 -43.9817 2
      vertex 35.7441 -43.8703 2
    endloop
  endfacet
  facet normal 0 0 1
    outer loop
      vertex 35.305 -34.4086 2
      vertex 35.4159 -43.9817 2
      vertex 35.569 -34.5387 2
    endloop
  endfacet
  facet normal 0 0 1
    outer loop
      vertex 35.305 -34.4086 2
      vertex 35.105 -44.135 2
      vertex 35.4159 -43.9817 2
    endloop
  endfacet
  facet normal 0 0 1
    outer loop
      vertex 35.0603 -34.245 2
      vertex 35.105 -44.135 2
      vertex 35.305 -34.4086 2
    endloop
  endfacet
  facet normal 0 0 1
    outer loop
      vertex 34.8168 -44.3276 2
      vertex 35.0603 -34.245 2
      vertex 34.839 -34.051 2
    endloop
  endfacet
  facet normal 0 0 1
    outer loop
      vertex 35.0603 -34.245 2
      vertex 34.8168 -44.3276 2
      vertex 35.105 -44.135 2
    endloop
  endfacet
  facet normal 0 0 1
    outer loop
      vertex 34.5562 -44.5562 2
      vertex 34.839 -34.051 2
      vertex 34.645 -33.8297 2
    endloop
  endfacet
  facet normal 0 0 1
    outer loop
      vertex 34.839 -34.051 2
      vertex 34.5562 -44.5562 2
      vertex 34.8168 -44.3276 2
    endloop
  endfacet
  facet normal 0 0 1
    outer loop
      vertex 34.3276 -44.8168 2
      vertex 34.645 -33.8297 2
      vertex 34.4814 -33.585 2
    endloop
  endfacet
  facet normal 0 0 1
    outer loop
      vertex 34.135 -45.105 2
      vertex 34.4814 -33.585 2
      vertex 34.3513 -33.321 2
    endloop
  endfacet
  facet normal 0 0 1
    outer loop
      vertex 34.645 -33.8297 2
      vertex 34.3276 -44.8168 2
      vertex 34.5562 -44.5562 2
    endloop
  endfacet
  facet normal 0 0 1
    outer loop
      vertex 33.9817 -45.4159 2
      vertex 34.3513 -33.321 2
      vertex 34.2567 -33.0423 2
    endloop
  endfacet
  facet normal 0 0 1
    outer loop
      vertex 33.9817 -45.4159 2
      vertex 34.2567 -33.0423 2
      vertex 34.1992 -32.7537 2
    endloop
  endfacet
  facet normal 0 0 1
    outer loop
      vertex 3.5 -3.5 2
      vertex 34.1992 -32.7537 2
      vertex 34.18 -32.46 2
    endloop
  endfacet
  facet normal 0 0 1
    outer loop
      vertex 34.4814 -33.585 2
      vertex 34.135 -45.105 2
      vertex 34.3276 -44.8168 2
    endloop
  endfacet
  facet normal 0 0 1
    outer loop
      vertex 27.9299 -58.1224 2
      vertex 3.5 -66.5 2
      vertex 27.7053 -59.2514 2
    endloop
  endfacet
  facet normal 0 0 1
    outer loop
      vertex 27.7053 -59.2514 2
      vertex 3.5 -66.5 2
      vertex 27.63 -60.4 2
    endloop
  endfacet
  facet normal 0 0 1
    outer loop
      vertex 27.63 -60.4 2
      vertex 3.5 -66.5 2
      vertex 27.7053 -61.5486 2
    endloop
  endfacet
  facet normal 0 0 1
    outer loop
      vertex 27.7053 -61.5486 2
      vertex 3.5 -66.5 2
      vertex 27.9299 -62.6776 2
    endloop
  endfacet
  facet normal 0 0 1
    outer loop
      vertex 27.9299 -62.6776 2
      vertex 3.5 -66.5 2
      vertex 28.2999 -63.7676 2
    endloop
  endfacet
  facet normal 0 0 1
    outer loop
      vertex 3.5 -68.95 2
      vertex 28.2999 -63.7676 2
      vertex 3.5 -66.5 2
    endloop
  endfacet
  facet normal 0 0 1
    outer loop
      vertex 28.2999 -63.7676 2
      vertex 3.5 -68.95 2
      vertex 28.809 -64.8 2
    endloop
  endfacet
  facet normal 0 0 1
    outer loop
      vertex 28.809 -64.8 2
      vertex 3.5 -68.95 2
      vertex 29.4485 -65.7571 2
    endloop
  endfacet
  facet normal 0 0 1
    outer loop
      vertex 29.4485 -65.7571 2
      vertex 3.5 -68.95 2
      vertex 30.2075 -66.6225 2
    endloop
  endfacet
  facet normal 0 0 1
    outer loop
      vertex 30.2075 -66.6225 2
      vertex 3.5 -68.95 2
      vertex 31.0729 -67.3815 2
    endloop
  endfacet
  facet normal 0 0 1
    outer loop
      vertex 31.0729 -67.3815 2
      vertex 3.5 -68.95 2
      vertex 32.03 -68.021 2
    endloop
  endfacet
  facet normal 0 0 1
    outer loop
      vertex 32.03 -68.021 2
      vertex 3.5 -68.95 2
      vertex 33.0624 -68.5301 2
    endloop
  endfacet
  facet normal 0 0 1
    outer loop
      vertex 33.0624 -68.5301 2
      vertex 3.5 -68.95 2
      vertex 34.1524 -68.9001 2
    endloop
  endfacet
  facet normal 0 0 1
    outer loop
      vertex 34.1524 -68.9001 2
      vertex 3.5 -68.95 2
      vertex 34.4029 -68.95 2
    endloop
  endfacet
  facet normal -0 0 1
    outer loop
      vertex 1.04999 -3.5 2
      vertex 3.5 -66.5 2
      vertex 3.5 -3.5 2
    endloop
  endfacet
  facet normal 0 0 1
    outer loop
      vertex 3.5 -66.5 2
      vertex 1.04999 -3.5 2
      vertex 1.04999 -66.5 2
    endloop
  endfacet
  facet normal 0 0 1
    outer loop
      vertex 37.43 -60.4 2
      vertex 42.23 -60.4 2
      vertex 42.1804 -59.6429 2
    endloop
  endfacet
  facet normal 0 0 1
    outer loop
      vertex 37.3959 -60.1412 2
      vertex 42.1804 -59.6429 2
      vertex 42.0324 -58.8988 2
    endloop
  endfacet
  facet normal 0 0 1
    outer loop
      vertex 42.23 -60.4 2
      vertex 37.43 -60.4 2
      vertex 42.1804 -61.1571 2
    endloop
  endfacet
  facet normal 0 0 1
    outer loop
      vertex 37.3959 -60.1412 2
      vertex 42.0324 -58.8988 2
      vertex 41.7885 -58.1804 2
    endloop
  endfacet
  facet normal -0 0 1
    outer loop
      vertex 37.3959 -60.6588 2
      vertex 42.1804 -61.1571 2
      vertex 37.43 -60.4 2
    endloop
  endfacet
  facet normal 0 0 1
    outer loop
      vertex 37.296 -59.9 2
      vertex 41.7885 -58.1804 2
      vertex 41.4529 -57.5 2
    endloop
  endfacet
  facet normal 0 0 1
    outer loop
      vertex 42.1804 -61.1571 2
      vertex 37.3959 -60.6588 2
      vertex 42.0324 -61.9011 2
    endloop
  endfacet
  facet normal 0 0 1
    outer loop
      vertex 37.296 -59.9 2
      vertex 41.4529 -57.5 2
      vertex 41.0314 -56.8692 2
    endloop
  endfacet
  facet normal 0 0 1
    outer loop
      vertex 42.0324 -61.9011 2
      vertex 37.3959 -60.6588 2
      vertex 41.7885 -62.6196 2
    endloop
  endfacet
  facet normal 0 0 1
    outer loop
      vertex 37.1371 -59.6929 2
      vertex 41.0314 -56.8692 2
      vertex 40.5312 -56.2988 2
    endloop
  endfacet
  facet normal -0 0 1
    outer loop
      vertex 37.296 -60.9 2
      vertex 41.7885 -62.6196 2
      vertex 37.3959 -60.6588 2
    endloop
  endfacet
  facet normal 0 0 1
    outer loop
      vertex 37.1371 -59.6929 2
      vertex 40.5312 -56.2988 2
      vertex 39.9608 -55.7985 2
    endloop
  endfacet
  facet normal 0 0 1
    outer loop
      vertex 41.7885 -62.6196 2
      vertex 37.296 -60.9 2
      vertex 41.4529 -63.3 2
    endloop
  endfacet
  facet normal 0 0 1
    outer loop
      vertex 36.93 -59.534 2
      vertex 39.9608 -55.7985 2
      vertex 39.33 -55.3771 2
    endloop
  endfacet
  facet normal 0 0 1
    outer loop
      vertex 41.4529 -63.3 2
      vertex 37.296 -60.9 2
      vertex 41.0314 -63.9308 2
    endloop
  endfacet
  facet normal 0 0 1
    outer loop
      vertex 36.93 -59.534 2
      vertex 39.33 -55.3771 2
      vertex 38.6496 -55.0415 2
    endloop
  endfacet
  facet normal -0 0 1
    outer loop
      vertex 37.1371 -61.1071 2
      vertex 41.0314 -63.9308 2
      vertex 37.296 -60.9 2
    endloop
  endfacet
  facet normal 0 0 1
    outer loop
      vertex 36.6888 -59.4341 2
      vertex 38.6496 -55.0415 2
      vertex 37.9311 -54.7976 2
    endloop
  endfacet
  facet normal 0 0 1
    outer loop
      vertex 41.0314 -63.9308 2
      vertex 37.1371 -61.1071 2
      vertex 40.5312 -64.5012 2
    endloop
  endfacet
  facet normal 0 0 1
    outer loop
      vertex 40.5312 -64.5012 2
      vertex 37.1371 -61.1071 2
      vertex 39.9608 -65.0014 2
    endloop
  endfacet
  facet normal 0 0 1
    outer loop
      vertex 42.1804 -59.6429 2
      vertex 37.3959 -60.1412 2
      vertex 37.43 -60.4 2
    endloop
  endfacet
  facet normal 0 0 1
    outer loop
      vertex 41.7885 -58.1804 2
      vertex 37.296 -59.9 2
      vertex 37.3959 -60.1412 2
    endloop
  endfacet
  facet normal 0 0 1
    outer loop
      vertex 36.6888 -59.4341 2
      vertex 37.9311 -54.7976 2
      vertex 37.187 -54.6496 2
    endloop
  endfacet
  facet normal 0 0 1
    outer loop
      vertex 41.0314 -56.8692 2
      vertex 37.1371 -59.6929 2
      vertex 37.296 -59.9 2
    endloop
  endfacet
  facet normal 0 0 1
    outer loop
      vertex 39.9608 -55.7985 2
      vertex 36.93 -59.534 2
      vertex 37.1371 -59.6929 2
    endloop
  endfacet
  facet normal 0 0 1
    outer loop
      vertex 38.6496 -55.0415 2
      vertex 36.6888 -59.4341 2
      vertex 36.93 -59.534 2
    endloop
  endfacet
  facet normal 0 0 1
    outer loop
      vertex 36.43 -59.4 2
      vertex 37.187 -54.6496 2
      vertex 36.43 -54.6 2
    endloop
  endfacet
  facet normal 0 0 1
    outer loop
      vertex 37.187 -54.6496 2
      vertex 36.43 -59.4 2
      vertex 36.6888 -59.4341 2
    endloop
  endfacet
  facet normal -0 0 1
    outer loop
      vertex 35.6729 -54.6496 2
      vertex 36.43 -59.4 2
      vertex 36.43 -54.6 2
    endloop
  endfacet
  facet normal 0 0 1
    outer loop
      vertex 36.43 -59.4 2
      vertex 35.6729 -54.6496 2
      vertex 36.1712 -59.4341 2
    endloop
  endfacet
  facet normal -0 0 1
    outer loop
      vertex 34.9288 -54.7976 2
      vertex 36.1712 -59.4341 2
      vertex 35.6729 -54.6496 2
    endloop
  endfacet
  facet normal -0 0 1
    outer loop
      vertex 34.2104 -55.0415 2
      vertex 36.1712 -59.4341 2
      vertex 34.9288 -54.7976 2
    endloop
  endfacet
  facet normal 0 0 1
    outer loop
      vertex 36.1712 -59.4341 2
      vertex 34.2104 -55.0415 2
      vertex 35.93 -59.534 2
    endloop
  endfacet
  facet normal -0 0 1
    outer loop
      vertex 33.53 -55.3771 2
      vertex 35.93 -59.534 2
      vertex 34.2104 -55.0415 2
    endloop
  endfacet
  facet normal -0 0 1
    outer loop
      vertex 32.8992 -55.7985 2
      vertex 35.93 -59.534 2
      vertex 33.53 -55.3771 2
    endloop
  endfacet
  facet normal 0 0 1
    outer loop
      vertex 35.93 -59.534 2
      vertex 32.8992 -55.7985 2
      vertex 35.7229 -59.6929 2
    endloop
  endfacet
  facet normal -0 0 1
    outer loop
      vertex 36.93 -61.266 2
      vertex 39.9608 -65.0014 2
      vertex 37.1371 -61.1071 2
    endloop
  endfacet
  facet normal 0 0 1
    outer loop
      vertex 39.9608 -65.0014 2
      vertex 36.93 -61.266 2
      vertex 39.33 -65.423 2
    endloop
  endfacet
  facet normal 0 0 1
    outer loop
      vertex 39.33 -65.423 2
      vertex 36.93 -61.266 2
      vertex 38.6496 -65.7585 2
    endloop
  endfacet
  facet normal -0 0 1
    outer loop
      vertex 36.6888 -61.3659 2
      vertex 38.6496 -65.7585 2
      vertex 36.93 -61.266 2
    endloop
  endfacet
  facet normal 0 0 1
    outer loop
      vertex 38.6496 -65.7585 2
      vertex 36.6888 -61.3659 2
      vertex 37.9311 -66.0024 2
    endloop
  endfacet
  facet normal 0 0 1
    outer loop
      vertex 37.9311 -66.0024 2
      vertex 36.6888 -61.3659 2
      vertex 37.187 -66.1504 2
    endloop
  endfacet
  facet normal -0 0 1
    outer loop
      vertex 36.43 -61.4 2
      vertex 37.187 -66.1504 2
      vertex 36.6888 -61.3659 2
    endloop
  endfacet
  facet normal 0 0 1
    outer loop
      vertex 36.43 -61.4 2
      vertex 36.43 -66.2 2
      vertex 37.187 -66.1504 2
    endloop
  endfacet
  facet normal 0 0 1
    outer loop
      vertex 35.6729 -66.1504 2
      vertex 36.43 -61.4 2
      vertex 36.1712 -61.3659 2
    endloop
  endfacet
  facet normal 0 0 1
    outer loop
      vertex 34.2104 -65.7585 2
      vertex 36.1712 -61.3659 2
      vertex 35.93 -61.266 2
    endloop
  endfacet
  facet normal 0 0 1
    outer loop
      vertex 32.8992 -65.0014 2
      vertex 35.93 -61.266 2
      vertex 35.7229 -61.1071 2
    endloop
  endfacet
  facet normal 0 0 1
    outer loop
      vertex 36.43 -61.4 2
      vertex 35.6729 -66.1504 2
      vertex 36.43 -66.2 2
    endloop
  endfacet
  facet normal 0 0 1
    outer loop
      vertex 31.8286 -63.9308 2
      vertex 35.7229 -61.1071 2
      vertex 35.564 -60.9 2
    endloop
  endfacet
  facet normal 0 0 1
    outer loop
      vertex 31.0715 -62.6196 2
      vertex 35.564 -60.9 2
      vertex 35.4641 -60.6588 2
    endloop
  endfacet
  facet normal 0 0 1
    outer loop
      vertex 30.6796 -61.1571 2
      vertex 35.4641 -60.6588 2
      vertex 35.43 -60.4 2
    endloop
  endfacet
  facet normal -0 0 1
    outer loop
      vertex 32.3288 -56.2988 2
      vertex 35.7229 -59.6929 2
      vertex 32.8992 -55.7985 2
    endloop
  endfacet
  facet normal 0 0 1
    outer loop
      vertex 36.1712 -61.3659 2
      vertex 34.9288 -66.0024 2
      vertex 35.6729 -66.1504 2
    endloop
  endfacet
  facet normal -0 0 1
    outer loop
      vertex 31.8286 -56.8692 2
      vertex 35.7229 -59.6929 2
      vertex 32.3288 -56.2988 2
    endloop
  endfacet
  facet normal 0 0 1
    outer loop
      vertex 36.1712 -61.3659 2
      vertex 34.2104 -65.7585 2
      vertex 34.9288 -66.0024 2
    endloop
  endfacet
  facet normal 0 0 1
    outer loop
      vertex 35.7229 -59.6929 2
      vertex 31.8286 -56.8692 2
      vertex 35.564 -59.9 2
    endloop
  endfacet
  facet normal 0 0 1
    outer loop
      vertex 35.93 -61.266 2
      vertex 33.53 -65.423 2
      vertex 34.2104 -65.7585 2
    endloop
  endfacet
  facet normal -0 0 1
    outer loop
      vertex 31.4071 -57.5 2
      vertex 35.564 -59.9 2
      vertex 31.8286 -56.8692 2
    endloop
  endfacet
  facet normal 0 0 1
    outer loop
      vertex 35.93 -61.266 2
      vertex 32.8992 -65.0014 2
      vertex 33.53 -65.423 2
    endloop
  endfacet
  facet normal -0 0 1
    outer loop
      vertex 31.0715 -58.1804 2
      vertex 35.564 -59.9 2
      vertex 31.4071 -57.5 2
    endloop
  endfacet
  facet normal 0 0 1
    outer loop
      vertex 35.7229 -61.1071 2
      vertex 32.3288 -64.5012 2
      vertex 32.8992 -65.0014 2
    endloop
  endfacet
  facet normal 0 0 1
    outer loop
      vertex 35.564 -59.9 2
      vertex 31.0715 -58.1804 2
      vertex 35.4641 -60.1412 2
    endloop
  endfacet
  facet normal 0 0 1
    outer loop
      vertex 35.7229 -61.1071 2
      vertex 31.8286 -63.9308 2
      vertex 32.3288 -64.5012 2
    endloop
  endfacet
  facet normal -0 0 1
    outer loop
      vertex 30.8276 -58.8988 2
      vertex 35.4641 -60.1412 2
      vertex 31.0715 -58.1804 2
    endloop
  endfacet
  facet normal 0 0 1
    outer loop
      vertex 35.564 -60.9 2
      vertex 31.4071 -63.3 2
      vertex 31.8286 -63.9308 2
    endloop
  endfacet
  facet normal -0 0 1
    outer loop
      vertex 30.6796 -59.6429 2
      vertex 35.4641 -60.1412 2
      vertex 30.8276 -58.8988 2
    endloop
  endfacet
  facet normal 0 0 1
    outer loop
      vertex 35.564 -60.9 2
      vertex 31.0715 -62.6196 2
      vertex 31.4071 -63.3 2
    endloop
  endfacet
  facet normal 0 0 1
    outer loop
      vertex 35.4641 -60.1412 2
      vertex 30.6796 -59.6429 2
      vertex 35.43 -60.4 2
    endloop
  endfacet
  facet normal 0 0 1
    outer loop
      vertex 35.4641 -60.6588 2
      vertex 30.8276 -61.9011 2
      vertex 31.0715 -62.6196 2
    endloop
  endfacet
  facet normal 0 0 1
    outer loop
      vertex 30.63 -60.4 2
      vertex 35.43 -60.4 2
      vertex 30.6796 -59.6429 2
    endloop
  endfacet
  facet normal 0 0 1
    outer loop
      vertex 35.4641 -60.6588 2
      vertex 30.6796 -61.1571 2
      vertex 30.8276 -61.9011 2
    endloop
  endfacet
  facet normal 0 0 1
    outer loop
      vertex 35.43 -60.4 2
      vertex 30.63 -60.4 2
      vertex 30.6796 -61.1571 2
    endloop
  endfacet
  facet normal -0.555562 0.831475 0
    outer loop
      vertex -0.5 1.9641 5.72205e-07
      vertex -0.935043 1.67342 2
      vertex -0.5 1.9641 2
    endloop
  endfacet
  facet normal -0.555562 0.831475 0
    outer loop
      vertex -0.935043 1.67342 2
      vertex -0.5 1.9641 5.72205e-07
      vertex -0.935043 1.67342 5.72205e-07
    endloop
  endfacet
  facet normal -0.0654205 0.997858 0
    outer loop
      vertex 1.5 2.5 5.72205e-07
      vertex 0.97789 2.46577 2
      vertex 1.5 2.5 2
    endloop
  endfacet
  facet normal -0.0654205 0.997858 0
    outer loop
      vertex 0.97789 2.46577 2
      vertex 1.5 2.5 5.72205e-07
      vertex 0.97789 2.46577 5.72205e-07
    endloop
  endfacet
  facet normal 0.321498 -0.94691 0
    outer loop
      vertex 49.5353 -72.3637 5.72205e-07
      vertex 50.0307 -72.1955 2
      vertex 49.5353 -72.3637 2
    endloop
  endfacet
  facet normal 0.321498 -0.94691 0
    outer loop
      vertex 50.0307 -72.1955 2
      vertex 49.5353 -72.3637 5.72205e-07
      vertex 50.0307 -72.1955 5.72205e-07
    endloop
  endfacet
  facet normal -0.321467 0.946921 0
    outer loop
      vertex 0.464722 2.36371 5.72205e-07
      vertex -0.0307312 2.19551 2
      vertex 0.464722 2.36371 2
    endloop
  endfacet
  facet normal -0.321467 0.946921 0
    outer loop
      vertex -0.0307312 2.19551 2
      vertex 0.464722 2.36371 5.72205e-07
      vertex -0.0307312 2.19551 5.72205e-07
    endloop
  endfacet
  facet normal 0.896886 0.442261 0
    outer loop
      vertex 52.1955 0.0307312 2
      vertex 51.9641 0.5 5.72205e-07
      vertex 51.9641 0.5 2
    endloop
  endfacet
  facet normal 0.896886 0.442261 0
    outer loop
      vertex 51.9641 0.5 5.72205e-07
      vertex 52.1955 0.0307312 2
      vertex 52.1955 0.0307312 5.72205e-07
    endloop
  endfacet
  facet normal -0.997858 -0.0654217 0
    outer loop
      vertex -2.46577 -69.0221 5.72205e-07
      vertex -2.5 -68.5 2
      vertex -2.5 -68.5 5.72205e-07
    endloop
  endfacet
  facet normal -0.997858 -0.0654217 0
    outer loop
      vertex -2.5 -68.5 2
      vertex -2.46577 -69.0221 5.72205e-07
      vertex -2.46577 -69.0221 2
    endloop
  endfacet
  facet normal 0.896898 -0.442238 0
    outer loop
      vertex 51.9641 -70.5 2
      vertex 52.1955 -70.0307 5.72205e-07
      vertex 52.1955 -70.0307 2
    endloop
  endfacet
  facet normal 0.896898 -0.442238 0
    outer loop
      vertex 52.1955 -70.0307 5.72205e-07
      vertex 51.9641 -70.5 2
      vertex 51.9641 -70.5 5.72205e-07
    endloop
  endfacet
  facet normal 0.94691 -0.321498 0
    outer loop
      vertex 52.1955 -70.0307 2
      vertex 52.3637 -69.5353 5.72205e-07
      vertex 52.3637 -69.5353 2
    endloop
  endfacet
  facet normal 0.94691 -0.321498 0
    outer loop
      vertex 52.3637 -69.5353 5.72205e-07
      vertex 52.1955 -70.0307 2
      vertex 52.1955 -70.0307 5.72205e-07
    endloop
  endfacet
  facet normal 0.555626 -0.831432 0
    outer loop
      vertex 50.5 -71.9641 5.72205e-07
      vertex 50.935 -71.6734 2
      vertex 50.5 -71.9641 2
    endloop
  endfacet
  facet normal 0.555626 -0.831432 0
    outer loop
      vertex 50.935 -71.6734 2
      vertex 50.5 -71.9641 5.72205e-07
      vertex 50.935 -71.6734 5.72205e-07
    endloop
  endfacet
  facet normal -0.89689 -0.442253 0
    outer loop
      vertex -1.9641 -70.5 5.72205e-07
      vertex -2.19551 -70.0307 2
      vertex -2.19551 -70.0307 5.72205e-07
    endloop
  endfacet
  facet normal -0.89689 -0.442253 0
    outer loop
      vertex -2.19551 -70.0307 2
      vertex -1.9641 -70.5 5.72205e-07
      vertex -1.9641 -70.5 2
    endloop
  endfacet
  facet normal 0.831432 -0.555626 0
    outer loop
      vertex 51.6734 -70.935 2
      vertex 51.9641 -70.5 5.72205e-07
      vertex 51.9641 -70.5 2
    endloop
  endfacet
  facet normal 0.831432 -0.555626 0
    outer loop
      vertex 51.9641 -70.5 5.72205e-07
      vertex 51.6734 -70.935 2
      vertex 51.6734 -70.935 5.72205e-07
    endloop
  endfacet
  facet normal 0.659332 0.751852 -0
    outer loop
      vertex 51.3284 1.32843 5.72205e-07
      vertex 50.935 1.67342 2
      vertex 51.3284 1.32843 2
    endloop
  endfacet
  facet normal 0.659332 0.751852 0
    outer loop
      vertex 50.935 1.67342 2
      vertex 51.3284 1.32843 5.72205e-07
      vertex 50.935 1.67342 5.72205e-07
    endloop
  endfacet
  facet normal 0.659343 -0.751842 0
    outer loop
      vertex 50.935 -71.6734 5.72205e-07
      vertex 51.3284 -71.3284 2
      vertex 50.935 -71.6734 2
    endloop
  endfacet
  facet normal 0.659343 -0.751842 0
    outer loop
      vertex 51.3284 -71.3284 2
      vertex 50.935 -71.6734 5.72205e-07
      vertex 51.3284 -71.3284 5.72205e-07
    endloop
  endfacet
  facet normal 0.195124 -0.980779 0
    outer loop
      vertex 49.0221 -72.4658 5.72205e-07
      vertex 49.5353 -72.3637 2
      vertex 49.0221 -72.4658 2
    endloop
  endfacet
  facet normal 0.195124 -0.980779 0
    outer loop
      vertex 49.5353 -72.3637 2
      vertex 49.0221 -72.4658 5.72205e-07
      vertex 49.5353 -72.3637 5.72205e-07
    endloop
  endfacet
  facet normal -0.946921 0.321467 0
    outer loop
      vertex -2.36371 -0.464722 5.72205e-07
      vertex -2.19551 0.0307312 2
      vertex -2.19551 0.0307312 5.72205e-07
    endloop
  endfacet
  facet normal -0.946921 0.321467 0
    outer loop
      vertex -2.19551 0.0307312 2
      vertex -2.36371 -0.464722 5.72205e-07
      vertex -2.36371 -0.464722 2
    endloop
  endfacet
  facet normal -0.896879 0.442277 0
    outer loop
      vertex -2.19551 0.0307312 5.72205e-07
      vertex -1.9641 0.5 2
      vertex -1.9641 0.5 5.72205e-07
    endloop
  endfacet
  facet normal -0.896879 0.442277 0
    outer loop
      vertex -1.9641 0.5 2
      vertex -2.19551 0.0307312 5.72205e-07
      vertex -2.19551 0.0307312 2
    endloop
  endfacet
  facet normal 0.0653646 -0.997861 0
    outer loop
      vertex 48.5 -72.5 5.72205e-07
      vertex 49.0221 -72.4658 2
      vertex 48.5 -72.5 2
    endloop
  endfacet
  facet normal 0.0653646 -0.997861 0
    outer loop
      vertex 49.0221 -72.4658 2
      vertex 48.5 -72.5 5.72205e-07
      vertex 49.0221 -72.4658 5.72205e-07
    endloop
  endfacet
  facet normal 0 0 -1
    outer loop
      vertex 48.5 2.5 5.72205e-07
      vertex 52.5 -1.5 5.72205e-07
      vertex 52.5 -10 5.72205e-07
    endloop
  endfacet
  facet normal 0 0 -1
    outer loop
      vertex 52.5 -1.5 5.72205e-07
      vertex 48.5 2.5 5.72205e-07
      vertex 52.4658 -0.97789 5.72205e-07
    endloop
  endfacet
  facet normal 0 0 -1
    outer loop
      vertex 52.4658 -0.97789 5.72205e-07
      vertex 48.5 2.5 5.72205e-07
      vertex 52.3637 -0.464722 5.72205e-07
    endloop
  endfacet
  facet normal 0 0 -1
    outer loop
      vertex 52.3637 -0.464722 5.72205e-07
      vertex 48.5 2.5 5.72205e-07
      vertex 52.1955 0.0307312 5.72205e-07
    endloop
  endfacet
  facet normal 0 0 -1
    outer loop
      vertex 52.1955 0.0307312 5.72205e-07
      vertex 48.5 2.5 5.72205e-07
      vertex 51.9641 0.5 5.72205e-07
    endloop
  endfacet
  facet normal 0 0 -1
    outer loop
      vertex 51.9641 0.5 5.72205e-07
      vertex 48.5 2.5 5.72205e-07
      vertex 51.6734 0.935043 5.72205e-07
    endloop
  endfacet
  facet normal 0 0 -1
    outer loop
      vertex 51.6734 0.935043 5.72205e-07
      vertex 48.5 2.5 5.72205e-07
      vertex 51.3284 1.32843 5.72205e-07
    endloop
  endfacet
  facet normal 0 0 -1
    outer loop
      vertex 51.3284 1.32843 5.72205e-07
      vertex 48.5 2.5 5.72205e-07
      vertex 50.935 1.67342 5.72205e-07
    endloop
  endfacet
  facet normal 0 0 -1
    outer loop
      vertex 50.935 1.67342 5.72205e-07
      vertex 48.5 2.5 5.72205e-07
      vertex 50.5 1.9641 5.72205e-07
    endloop
  endfacet
  facet normal 0 0 -1
    outer loop
      vertex 50.5 1.9641 5.72205e-07
      vertex 48.5 2.5 5.72205e-07
      vertex 50.0307 2.19551 5.72205e-07
    endloop
  endfacet
  facet normal 0 0 -1
    outer loop
      vertex 50.0307 2.19551 5.72205e-07
      vertex 48.5 2.5 5.72205e-07
      vertex 49.5353 2.36371 5.72205e-07
    endloop
  endfacet
  facet normal 0 0 -1
    outer loop
      vertex 49.5353 2.36371 5.72205e-07
      vertex 48.5 2.5 5.72205e-07
      vertex 49.0221 2.46577 5.72205e-07
    endloop
  endfacet
  facet normal 0 0 -1
    outer loop
      vertex 52.5 -10 5.72205e-07
      vertex 18.3 -0.5 5.72205e-07
      vertex 48.5 2.5 5.72205e-07
    endloop
  endfacet
  facet normal 0 0 -1
    outer loop
      vertex -2.5 -10 5.72205e-07
      vertex 18.3 -0.5 5.72205e-07
      vertex 52.5 -10 5.72205e-07
    endloop
  endfacet
  facet normal 0 0 -1
    outer loop
      vertex 6.3 -0.5 5.72205e-07
      vertex 1.5 2.5 5.72205e-07
      vertex 6.3 2.5 5.72205e-07
    endloop
  endfacet
  facet normal 0 0 -1
    outer loop
      vertex -2.5 -1.5 5.72205e-07
      vertex 1.5 2.5 5.72205e-07
      vertex 6.3 -0.5 5.72205e-07
    endloop
  endfacet
  facet normal 0 0 -1
    outer loop
      vertex 1.5 2.5 5.72205e-07
      vertex -2.5 -1.5 5.72205e-07
      vertex 0.97789 2.46577 5.72205e-07
    endloop
  endfacet
  facet normal 0 0 -1
    outer loop
      vertex 0.97789 2.46577 5.72205e-07
      vertex -2.5 -1.5 5.72205e-07
      vertex 0.464722 2.36371 5.72205e-07
    endloop
  endfacet
  facet normal 0 0 -1
    outer loop
      vertex 0.464722 2.36371 5.72205e-07
      vertex -2.5 -1.5 5.72205e-07
      vertex -0.0307312 2.19551 5.72205e-07
    endloop
  endfacet
  facet normal 0 0 -1
    outer loop
      vertex -0.0307312 2.19551 5.72205e-07
      vertex -2.5 -1.5 5.72205e-07
      vertex -0.5 1.9641 5.72205e-07
    endloop
  endfacet
  facet normal 0 0 -1
    outer loop
      vertex -0.5 1.9641 5.72205e-07
      vertex -2.5 -1.5 5.72205e-07
      vertex -0.935043 1.67342 5.72205e-07
    endloop
  endfacet
  facet normal 0 0 -1
    outer loop
      vertex -0.935043 1.67342 5.72205e-07
      vertex -2.5 -1.5 5.72205e-07
      vertex -1.32843 1.32843 5.72205e-07
    endloop
  endfacet
  facet normal -0 0 -1
    outer loop
      vertex 18.3 -0.5 5.72205e-07
      vertex -2.5 -10 5.72205e-07
      vertex 6.3 -0.5 5.72205e-07
    endloop
  endfacet
  facet normal 0 0 -1
    outer loop
      vertex -2.5 -1.5 5.72205e-07
      vertex 6.3 -0.5 5.72205e-07
      vertex -2.5 -10 5.72205e-07
    endloop
  endfacet
  facet normal 0 0 -1
    outer loop
      vertex -1.32843 1.32843 5.72205e-07
      vertex -2.5 -1.5 5.72205e-07
      vertex -1.67342 0.935043 5.72205e-07
    endloop
  endfacet
  facet normal 0 0 -1
    outer loop
      vertex -1.67342 0.935043 5.72205e-07
      vertex -2.5 -1.5 5.72205e-07
      vertex -1.9641 0.5 5.72205e-07
    endloop
  endfacet
  facet normal 0 0 -1
    outer loop
      vertex -2.19551 0.0307312 5.72205e-07
      vertex -2.5 -1.5 5.72205e-07
      vertex -2.36371 -0.464722 5.72205e-07
    endloop
  endfacet
  facet normal 0 0 -1
    outer loop
      vertex -1.9641 0.5 5.72205e-07
      vertex -2.5 -1.5 5.72205e-07
      vertex -2.19551 0.0307312 5.72205e-07
    endloop
  endfacet
  facet normal 0 0 -1
    outer loop
      vertex -2.36371 -0.464722 5.72205e-07
      vertex -2.5 -1.5 5.72205e-07
      vertex -2.46577 -0.97789 5.72205e-07
    endloop
  endfacet
  facet normal -0 0 -1
    outer loop
      vertex 48.5 2.5 5.72205e-07
      vertex 18.3 -0.5 5.72205e-07
      vertex 18.3 2.5 5.72205e-07
    endloop
  endfacet
  facet normal 0 0 -1
    outer loop
      vertex 52.5 -68.5 5.72205e-07
      vertex 41.3872 -61.0526 5.72205e-07
      vertex 41.43 -60.4 5.72205e-07
    endloop
  endfacet
  facet normal 0 0 -1
    outer loop
      vertex 52.5 -68.5 5.72205e-07
      vertex 41.2596 -61.6941 5.72205e-07
      vertex 41.3872 -61.0526 5.72205e-07
    endloop
  endfacet
  facet normal 0 0 -1
    outer loop
      vertex 52.5 -68.5 5.72205e-07
      vertex 41.0494 -62.3134 5.72205e-07
      vertex 41.2596 -61.6941 5.72205e-07
    endloop
  endfacet
  facet normal 0 0 -1
    outer loop
      vertex 52.5 -68.5 5.72205e-07
      vertex 40.7601 -62.9 5.72205e-07
      vertex 41.0494 -62.3134 5.72205e-07
    endloop
  endfacet
  facet normal 0 0 -1
    outer loop
      vertex 48.5 -72.5 5.72205e-07
      vertex 40.3968 -63.4438 5.72205e-07
      vertex 40.7601 -62.9 5.72205e-07
    endloop
  endfacet
  facet normal 0 0 -1
    outer loop
      vertex 48.5 -72.5 5.72205e-07
      vertex 39.9655 -63.9355 5.72205e-07
      vertex 40.3968 -63.4438 5.72205e-07
    endloop
  endfacet
  facet normal 0 0 -1
    outer loop
      vertex 48.5 -72.5 5.72205e-07
      vertex 39.4738 -64.3668 5.72205e-07
      vertex 39.9655 -63.9355 5.72205e-07
    endloop
  endfacet
  facet normal 0 0 -1
    outer loop
      vertex 48.5 -72.5 5.72205e-07
      vertex 38.93 -64.7301 5.72205e-07
      vertex 39.4738 -64.3668 5.72205e-07
    endloop
  endfacet
  facet normal 0 0 -1
    outer loop
      vertex 48.5 -72.5 5.72205e-07
      vertex 38.3434 -65.0194 5.72205e-07
      vertex 38.93 -64.7301 5.72205e-07
    endloop
  endfacet
  facet normal 0 0 -1
    outer loop
      vertex 48.5 -72.5 5.72205e-07
      vertex 37.7241 -65.2296 5.72205e-07
      vertex 38.3434 -65.0194 5.72205e-07
    endloop
  endfacet
  facet normal 0 0 -1
    outer loop
      vertex 48.5 -72.5 5.72205e-07
      vertex 37.0826 -65.3572 5.72205e-07
      vertex 37.7241 -65.2296 5.72205e-07
    endloop
  endfacet
  facet normal 0 0 -1
    outer loop
      vertex 48.5 -72.5 5.72205e-07
      vertex 36.43 -65.4 5.72205e-07
      vertex 37.0826 -65.3572 5.72205e-07
    endloop
  endfacet
  facet normal 0 0 -1
    outer loop
      vertex 48.5 -72.5 5.72205e-07
      vertex 35.7774 -65.3572 5.72205e-07
      vertex 36.43 -65.4 5.72205e-07
    endloop
  endfacet
  facet normal 0 0 -1
    outer loop
      vertex 48.5 -72.5 5.72205e-07
      vertex 35.1359 -65.2296 5.72205e-07
      vertex 35.7774 -65.3572 5.72205e-07
    endloop
  endfacet
  facet normal 0 0 -1
    outer loop
      vertex 1.5 -72.5 5.72205e-07
      vertex 35.1359 -65.2296 5.72205e-07
      vertex 48.5 -72.5 5.72205e-07
    endloop
  endfacet
  facet normal -0 0 -1
    outer loop
      vertex 35.1359 -65.2296 5.72205e-07
      vertex 1.5 -72.5 5.72205e-07
      vertex 34.5166 -65.0194 5.72205e-07
    endloop
  endfacet
  facet normal -0 0 -1
    outer loop
      vertex 31.4728 -61.0526 5.72205e-07
      vertex 1.5 -72.5 5.72205e-07
      vertex 31.43 -60.4 5.72205e-07
    endloop
  endfacet
  facet normal -0 0 -1
    outer loop
      vertex 31.6004 -61.6941 5.72205e-07
      vertex 1.5 -72.5 5.72205e-07
      vertex 31.4728 -61.0526 5.72205e-07
    endloop
  endfacet
  facet normal -0 0 -1
    outer loop
      vertex 31.8106 -62.3134 5.72205e-07
      vertex 1.5 -72.5 5.72205e-07
      vertex 31.6004 -61.6941 5.72205e-07
    endloop
  endfacet
  facet normal -0 0 -1
    outer loop
      vertex 32.0999 -62.9 5.72205e-07
      vertex 1.5 -72.5 5.72205e-07
      vertex 31.8106 -62.3134 5.72205e-07
    endloop
  endfacet
  facet normal -0 0 -1
    outer loop
      vertex 32.4632 -63.4438 5.72205e-07
      vertex 1.5 -72.5 5.72205e-07
      vertex 32.0999 -62.9 5.72205e-07
    endloop
  endfacet
  facet normal -0 0 -1
    outer loop
      vertex 32.8945 -63.9355 5.72205e-07
      vertex 1.5 -72.5 5.72205e-07
      vertex 32.4632 -63.4438 5.72205e-07
    endloop
  endfacet
  facet normal -0 0 -1
    outer loop
      vertex 33.3862 -64.3668 5.72205e-07
      vertex 1.5 -72.5 5.72205e-07
      vertex 32.8945 -63.9355 5.72205e-07
    endloop
  endfacet
  facet normal -0 0 -1
    outer loop
      vertex 33.93 -64.7301 5.72205e-07
      vertex 1.5 -72.5 5.72205e-07
      vertex 33.3862 -64.3668 5.72205e-07
    endloop
  endfacet
  facet normal -0 0 -1
    outer loop
      vertex 34.5166 -65.0194 5.72205e-07
      vertex 1.5 -72.5 5.72205e-07
      vertex 33.93 -64.7301 5.72205e-07
    endloop
  endfacet
  facet normal 0 0 -1
    outer loop
      vertex 48.5 -72.5 5.72205e-07
      vertex 52.5 -68.5 5.72205e-07
      vertex 52.4658 -69.0221 5.72205e-07
    endloop
  endfacet
  facet normal 0 0 -1
    outer loop
      vertex 48.5 -72.5 5.72205e-07
      vertex 52.4658 -69.0221 5.72205e-07
      vertex 52.3637 -69.5353 5.72205e-07
    endloop
  endfacet
  facet normal 0 0 -1
    outer loop
      vertex 48.5 -72.5 5.72205e-07
      vertex 52.3637 -69.5353 5.72205e-07
      vertex 52.1955 -70.0307 5.72205e-07
    endloop
  endfacet
  facet normal 0 0 -1
    outer loop
      vertex 48.5 -72.5 5.72205e-07
      vertex 52.1955 -70.0307 5.72205e-07
      vertex 51.9641 -70.5 5.72205e-07
    endloop
  endfacet
  facet normal 0 0 -1
    outer loop
      vertex 48.5 -72.5 5.72205e-07
      vertex 51.9641 -70.5 5.72205e-07
      vertex 51.6734 -70.935 5.72205e-07
    endloop
  endfacet
  facet normal 0 0 -1
    outer loop
      vertex 48.5 -72.5 5.72205e-07
      vertex 51.6734 -70.935 5.72205e-07
      vertex 51.3284 -71.3284 5.72205e-07
    endloop
  endfacet
  facet normal 0 0 -1
    outer loop
      vertex 48.5 -72.5 5.72205e-07
      vertex 51.3284 -71.3284 5.72205e-07
      vertex 50.935 -71.6734 5.72205e-07
    endloop
  endfacet
  facet normal 0 0 -1
    outer loop
      vertex 48.5 -72.5 5.72205e-07
      vertex 50.935 -71.6734 5.72205e-07
      vertex 50.5 -71.9641 5.72205e-07
    endloop
  endfacet
  facet normal 0 0 -1
    outer loop
      vertex 48.5 -72.5 5.72205e-07
      vertex 50.5 -71.9641 5.72205e-07
      vertex 50.0307 -72.1955 5.72205e-07
    endloop
  endfacet
  facet normal 0 0 -1
    outer loop
      vertex 48.5 -72.5 5.72205e-07
      vertex 50.0307 -72.1955 5.72205e-07
      vertex 49.5353 -72.3637 5.72205e-07
    endloop
  endfacet
  facet normal 0 0 -1
    outer loop
      vertex 48.5 -72.5 5.72205e-07
      vertex 49.5353 -72.3637 5.72205e-07
      vertex 49.0221 -72.4658 5.72205e-07
    endloop
  endfacet
  facet normal 0 0 -1
    outer loop
      vertex 40.7601 -62.9 5.72205e-07
      vertex 52.5 -68.5 5.72205e-07
      vertex 48.5 -72.5 5.72205e-07
    endloop
  endfacet
  facet normal 0 0 -1
    outer loop
      vertex 52.5 -68.5 5.72205e-07
      vertex 41.43 -60.4 5.72205e-07
      vertex 52.5 -54 5.72205e-07
    endloop
  endfacet
  facet normal 0 0 -1
    outer loop
      vertex 41.3872 -59.7474 5.72205e-07
      vertex 52.5 -54 5.72205e-07
      vertex 41.43 -60.4 5.72205e-07
    endloop
  endfacet
  facet normal 0 0 -1
    outer loop
      vertex 41.2596 -59.1059 5.72205e-07
      vertex 52.5 -54 5.72205e-07
      vertex 41.3872 -59.7474 5.72205e-07
    endloop
  endfacet
  facet normal 0 0 -1
    outer loop
      vertex 41.0494 -58.4866 5.72205e-07
      vertex 52.5 -54 5.72205e-07
      vertex 41.2596 -59.1059 5.72205e-07
    endloop
  endfacet
  facet normal 0 0 -1
    outer loop
      vertex 40.7601 -57.9 5.72205e-07
      vertex 52.5 -54 5.72205e-07
      vertex 41.0494 -58.4866 5.72205e-07
    endloop
  endfacet
  facet normal 0 0 -1
    outer loop
      vertex 40.3968 -57.3562 5.72205e-07
      vertex 52.5 -54 5.72205e-07
      vertex 40.7601 -57.9 5.72205e-07
    endloop
  endfacet
  facet normal 0 0 -1
    outer loop
      vertex 39.9655 -56.8645 5.72205e-07
      vertex 52.5 -54 5.72205e-07
      vertex 40.3968 -57.3562 5.72205e-07
    endloop
  endfacet
  facet normal 0 0 -1
    outer loop
      vertex 39.4738 -56.4332 5.72205e-07
      vertex 52.5 -54 5.72205e-07
      vertex 39.9655 -56.8645 5.72205e-07
    endloop
  endfacet
  facet normal 0 0 -1
    outer loop
      vertex 38.93 -56.0699 5.72205e-07
      vertex 52.5 -54 5.72205e-07
      vertex 39.4738 -56.4332 5.72205e-07
    endloop
  endfacet
  facet normal 0 0 -1
    outer loop
      vertex 38.3434 -55.7806 5.72205e-07
      vertex 52.5 -54 5.72205e-07
      vertex 38.93 -56.0699 5.72205e-07
    endloop
  endfacet
  facet normal 0 0 -1
    outer loop
      vertex 37.7241 -55.5704 5.72205e-07
      vertex 52.5 -54 5.72205e-07
      vertex 38.3434 -55.7806 5.72205e-07
    endloop
  endfacet
  facet normal 0 0 -1
    outer loop
      vertex 37.0826 -55.4428 5.72205e-07
      vertex 52.5 -54 5.72205e-07
      vertex 37.7241 -55.5704 5.72205e-07
    endloop
  endfacet
  facet normal 0 0 -1
    outer loop
      vertex 36.43 -55.4 5.72205e-07
      vertex 52.5 -54 5.72205e-07
      vertex 37.0826 -55.4428 5.72205e-07
    endloop
  endfacet
  facet normal 0 0 -1
    outer loop
      vertex -2.5 -54 5.72205e-07
      vertex 36.43 -55.4 5.72205e-07
      vertex 35.7774 -55.4428 5.72205e-07
    endloop
  endfacet
  facet normal 0 0 -1
    outer loop
      vertex -2.5 -54 5.72205e-07
      vertex 31.43 -60.4 5.72205e-07
      vertex 1.5 -72.5 5.72205e-07
    endloop
  endfacet
  facet normal 0 0 -1
    outer loop
      vertex 31.43 -60.4 5.72205e-07
      vertex -2.5 -54 5.72205e-07
      vertex 31.4728 -59.7474 5.72205e-07
    endloop
  endfacet
  facet normal 0 0 -1
    outer loop
      vertex 31.4728 -59.7474 5.72205e-07
      vertex -2.5 -54 5.72205e-07
      vertex 31.6004 -59.1059 5.72205e-07
    endloop
  endfacet
  facet normal 0 0 -1
    outer loop
      vertex 31.6004 -59.1059 5.72205e-07
      vertex -2.5 -54 5.72205e-07
      vertex 31.8106 -58.4866 5.72205e-07
    endloop
  endfacet
  facet normal 0 0 -1
    outer loop
      vertex 31.8106 -58.4866 5.72205e-07
      vertex -2.5 -54 5.72205e-07
      vertex 32.0999 -57.9 5.72205e-07
    endloop
  endfacet
  facet normal 0 0 -1
    outer loop
      vertex 32.0999 -57.9 5.72205e-07
      vertex -2.5 -54 5.72205e-07
      vertex 32.4632 -57.3562 5.72205e-07
    endloop
  endfacet
  facet normal 0 0 -1
    outer loop
      vertex 32.4632 -57.3562 5.72205e-07
      vertex -2.5 -54 5.72205e-07
      vertex 32.8945 -56.8645 5.72205e-07
    endloop
  endfacet
  facet normal 0 0 -1
    outer loop
      vertex 32.8945 -56.8645 5.72205e-07
      vertex -2.5 -54 5.72205e-07
      vertex 33.3862 -56.4332 5.72205e-07
    endloop
  endfacet
  facet normal 0 0 -1
    outer loop
      vertex -2.5 -68.5 5.72205e-07
      vertex 1.5 -72.5 5.72205e-07
      vertex 0.97789 -72.4658 5.72205e-07
    endloop
  endfacet
  facet normal 0 0 -1
    outer loop
      vertex -2.5 -68.5 5.72205e-07
      vertex 0.97789 -72.4658 5.72205e-07
      vertex 0.464722 -72.3637 5.72205e-07
    endloop
  endfacet
  facet normal 0 0 -1
    outer loop
      vertex 33.3862 -56.4332 5.72205e-07
      vertex -2.5 -54 5.72205e-07
      vertex 33.93 -56.0699 5.72205e-07
    endloop
  endfacet
  facet normal 0 0 -1
    outer loop
      vertex -2.5 -68.5 5.72205e-07
      vertex 0.464722 -72.3637 5.72205e-07
      vertex -0.0307312 -72.1955 5.72205e-07
    endloop
  endfacet
  facet normal 0 0 -1
    outer loop
      vertex -2.5 -68.5 5.72205e-07
      vertex -0.0307312 -72.1955 5.72205e-07
      vertex -0.5 -71.9641 5.72205e-07
    endloop
  endfacet
  facet normal 0 0 -1
    outer loop
      vertex -2.5 -68.5 5.72205e-07
      vertex -0.5 -71.9641 5.72205e-07
      vertex -0.935043 -71.6734 5.72205e-07
    endloop
  endfacet
  facet normal 0 0 -1
    outer loop
      vertex -2.5 -68.5 5.72205e-07
      vertex -0.935043 -71.6734 5.72205e-07
      vertex -1.32843 -71.3284 5.72205e-07
    endloop
  endfacet
  facet normal 0 0 -1
    outer loop
      vertex -2.5 -68.5 5.72205e-07
      vertex -1.32843 -71.3284 5.72205e-07
      vertex -1.67342 -70.935 5.72205e-07
    endloop
  endfacet
  facet normal 0 0 -1
    outer loop
      vertex -2.5 -68.5 5.72205e-07
      vertex -1.67342 -70.935 5.72205e-07
      vertex -1.9641 -70.5 5.72205e-07
    endloop
  endfacet
  facet normal 0 0 -1
    outer loop
      vertex -2.5 -68.5 5.72205e-07
      vertex -1.9641 -70.5 5.72205e-07
      vertex -2.19551 -70.0307 5.72205e-07
    endloop
  endfacet
  facet normal 0 0 -1
    outer loop
      vertex -2.5 -68.5 5.72205e-07
      vertex -2.19551 -70.0307 5.72205e-07
      vertex -2.36371 -69.5353 5.72205e-07
    endloop
  endfacet
  facet normal 0 0 -1
    outer loop
      vertex -2.5 -68.5 5.72205e-07
      vertex -2.36371 -69.5353 5.72205e-07
      vertex -2.46577 -69.0221 5.72205e-07
    endloop
  endfacet
  facet normal 0 0 -1
    outer loop
      vertex 1.5 -72.5 5.72205e-07
      vertex -2.5 -68.5 5.72205e-07
      vertex -2.5 -54 5.72205e-07
    endloop
  endfacet
  facet normal 0 0 -1
    outer loop
      vertex 36.43 -55.4 5.72205e-07
      vertex -2.5 -54 5.72205e-07
      vertex 52.5 -54 5.72205e-07
    endloop
  endfacet
  facet normal 0 0 -1
    outer loop
      vertex 35.1359 -55.5704 5.72205e-07
      vertex -2.5 -54 5.72205e-07
      vertex 35.7774 -55.4428 5.72205e-07
    endloop
  endfacet
  facet normal 0 0 -1
    outer loop
      vertex 34.5166 -55.7806 5.72205e-07
      vertex -2.5 -54 5.72205e-07
      vertex 35.1359 -55.5704 5.72205e-07
    endloop
  endfacet
  facet normal 0 0 -1
    outer loop
      vertex 33.93 -56.0699 5.72205e-07
      vertex -2.5 -54 5.72205e-07
      vertex 34.5166 -55.7806 5.72205e-07
    endloop
  endfacet
  facet normal 0 0 -1
    outer loop
      vertex 52.5 -50 5.72205e-07
      vertex 38.6608 -32.7537 5.72205e-07
      vertex 38.68 -32.46 5.72205e-07
    endloop
  endfacet
  facet normal 0 0 -1
    outer loop
      vertex 52.5 -50 5.72205e-07
      vertex 38.6033 -33.0423 5.72205e-07
      vertex 38.6608 -32.7537 5.72205e-07
    endloop
  endfacet
  facet normal 0 0 -1
    outer loop
      vertex 38.3786 -33.585 5.72205e-07
      vertex 38.725 -45.105 5.72205e-07
      vertex 38.5324 -44.8168 5.72205e-07
    endloop
  endfacet
  facet normal 0 0 -1
    outer loop
      vertex 52.5 -50 5.72205e-07
      vertex 38.5087 -33.321 5.72205e-07
      vertex 38.6033 -33.0423 5.72205e-07
    endloop
  endfacet
  facet normal 0 0 -1
    outer loop
      vertex 52.5 -50 5.72205e-07
      vertex 38.3786 -33.585 5.72205e-07
      vertex 38.5087 -33.321 5.72205e-07
    endloop
  endfacet
  facet normal 0 0 -1
    outer loop
      vertex 38.215 -33.8297 5.72205e-07
      vertex 38.5324 -44.8168 5.72205e-07
      vertex 38.3038 -44.5562 5.72205e-07
    endloop
  endfacet
  facet normal 0 0 -1
    outer loop
      vertex 38.5324 -44.8168 5.72205e-07
      vertex 38.215 -33.8297 5.72205e-07
      vertex 38.3786 -33.585 5.72205e-07
    endloop
  endfacet
  facet normal 0 0 -1
    outer loop
      vertex 38.021 -34.051 5.72205e-07
      vertex 38.3038 -44.5562 5.72205e-07
      vertex 38.0432 -44.3276 5.72205e-07
    endloop
  endfacet
  facet normal 0 0 -1
    outer loop
      vertex 38.3038 -44.5562 5.72205e-07
      vertex 38.021 -34.051 5.72205e-07
      vertex 38.215 -33.8297 5.72205e-07
    endloop
  endfacet
  facet normal 0 0 -1
    outer loop
      vertex 38.0432 -44.3276 5.72205e-07
      vertex 37.7997 -34.245 5.72205e-07
      vertex 38.021 -34.051 5.72205e-07
    endloop
  endfacet
  facet normal 0 0 -1
    outer loop
      vertex 37.755 -44.135 5.72205e-07
      vertex 37.7997 -34.245 5.72205e-07
      vertex 38.0432 -44.3276 5.72205e-07
    endloop
  endfacet
  facet normal 0 0 -1
    outer loop
      vertex 37.755 -44.135 5.72205e-07
      vertex 37.555 -34.4086 5.72205e-07
      vertex 37.7997 -34.245 5.72205e-07
    endloop
  endfacet
  facet normal 0 0 -1
    outer loop
      vertex 37.4441 -43.9817 5.72205e-07
      vertex 37.555 -34.4086 5.72205e-07
      vertex 37.755 -44.135 5.72205e-07
    endloop
  endfacet
  facet normal 0 0 -1
    outer loop
      vertex 37.4441 -43.9817 5.72205e-07
      vertex 37.291 -34.5387 5.72205e-07
      vertex 37.555 -34.4086 5.72205e-07
    endloop
  endfacet
  facet normal 0 0 -1
    outer loop
      vertex 37.1159 -43.8703 5.72205e-07
      vertex 37.291 -34.5387 5.72205e-07
      vertex 37.4441 -43.9817 5.72205e-07
    endloop
  endfacet
  facet normal 0 0 -1
    outer loop
      vertex 37.1159 -43.8703 5.72205e-07
      vertex 37.0123 -34.6333 5.72205e-07
      vertex 37.291 -34.5387 5.72205e-07
    endloop
  endfacet
  facet normal 0 0 -1
    outer loop
      vertex 36.7759 -43.8027 5.72205e-07
      vertex 37.0123 -34.6333 5.72205e-07
      vertex 37.1159 -43.8703 5.72205e-07
    endloop
  endfacet
  facet normal 0 0 -1
    outer loop
      vertex 36.7759 -43.8027 5.72205e-07
      vertex 36.7237 -34.6908 5.72205e-07
      vertex 37.0123 -34.6333 5.72205e-07
    endloop
  endfacet
  facet normal 0 0 -1
    outer loop
      vertex 36.43 -43.78 5.72205e-07
      vertex 36.7237 -34.6908 5.72205e-07
      vertex 36.7759 -43.8027 5.72205e-07
    endloop
  endfacet
  facet normal 0 0 -1
    outer loop
      vertex 36.43 -43.78 5.72205e-07
      vertex 36.43 -34.71 5.72205e-07
      vertex 36.7237 -34.6908 5.72205e-07
    endloop
  endfacet
  facet normal 0 0 -1
    outer loop
      vertex 36.43 -43.78 5.72205e-07
      vertex 36.1363 -34.6908 5.72205e-07
      vertex 36.43 -34.71 5.72205e-07
    endloop
  endfacet
  facet normal 0 0 -1
    outer loop
      vertex 36.0841 -43.8027 5.72205e-07
      vertex 36.1363 -34.6908 5.72205e-07
      vertex 36.43 -43.78 5.72205e-07
    endloop
  endfacet
  facet normal 0 0 -1
    outer loop
      vertex 36.0841 -43.8027 5.72205e-07
      vertex 35.8477 -34.6333 5.72205e-07
      vertex 36.1363 -34.6908 5.72205e-07
    endloop
  endfacet
  facet normal 0 0 -1
    outer loop
      vertex 35.7441 -43.8703 5.72205e-07
      vertex 35.8477 -34.6333 5.72205e-07
      vertex 36.0841 -43.8027 5.72205e-07
    endloop
  endfacet
  facet normal 0 0 -1
    outer loop
      vertex 35.7441 -43.8703 5.72205e-07
      vertex 35.569 -34.5387 5.72205e-07
      vertex 35.8477 -34.6333 5.72205e-07
    endloop
  endfacet
  facet normal 0 0 -1
    outer loop
      vertex 35.4159 -43.9817 5.72205e-07
      vertex 35.569 -34.5387 5.72205e-07
      vertex 35.7441 -43.8703 5.72205e-07
    endloop
  endfacet
  facet normal 0 0 -1
    outer loop
      vertex 35.4159 -43.9817 5.72205e-07
      vertex 35.305 -34.4086 5.72205e-07
      vertex 35.569 -34.5387 5.72205e-07
    endloop
  endfacet
  facet normal 0 0 -1
    outer loop
      vertex 35.105 -44.135 5.72205e-07
      vertex 35.305 -34.4086 5.72205e-07
      vertex 35.4159 -43.9817 5.72205e-07
    endloop
  endfacet
  facet normal 0 0 -1
    outer loop
      vertex 35.105 -44.135 5.72205e-07
      vertex 35.0603 -34.245 5.72205e-07
      vertex 35.305 -34.4086 5.72205e-07
    endloop
  endfacet
  facet normal 0 0 -1
    outer loop
      vertex 34.8168 -44.3276 5.72205e-07
      vertex 35.0603 -34.245 5.72205e-07
      vertex 35.105 -44.135 5.72205e-07
    endloop
  endfacet
  facet normal -0 0 -1
    outer loop
      vertex 35.0603 -34.245 5.72205e-07
      vertex 34.8168 -44.3276 5.72205e-07
      vertex 34.839 -34.051 5.72205e-07
    endloop
  endfacet
  facet normal 0 0 -1
    outer loop
      vertex 34.5562 -44.5562 5.72205e-07
      vertex 34.839 -34.051 5.72205e-07
      vertex 34.8168 -44.3276 5.72205e-07
    endloop
  endfacet
  facet normal -0 0 -1
    outer loop
      vertex 34.839 -34.051 5.72205e-07
      vertex 34.5562 -44.5562 5.72205e-07
      vertex 34.645 -33.8297 5.72205e-07
    endloop
  endfacet
  facet normal 0 0 -1
    outer loop
      vertex 34.3276 -44.8168 5.72205e-07
      vertex 34.645 -33.8297 5.72205e-07
      vertex 34.5562 -44.5562 5.72205e-07
    endloop
  endfacet
  facet normal -0 0 -1
    outer loop
      vertex 34.645 -33.8297 5.72205e-07
      vertex 34.3276 -44.8168 5.72205e-07
      vertex 34.4814 -33.585 5.72205e-07
    endloop
  endfacet
  facet normal 0 0 -1
    outer loop
      vertex 34.135 -45.105 5.72205e-07
      vertex 34.4814 -33.585 5.72205e-07
      vertex 34.3276 -44.8168 5.72205e-07
    endloop
  endfacet
  facet normal -0 0 -1
    outer loop
      vertex 34.4814 -33.585 5.72205e-07
      vertex 34.135 -45.105 5.72205e-07
      vertex 34.3513 -33.321 5.72205e-07
    endloop
  endfacet
  facet normal 0 0 -1
    outer loop
      vertex 33.9817 -45.4159 5.72205e-07
      vertex 34.3513 -33.321 5.72205e-07
      vertex 34.135 -45.105 5.72205e-07
    endloop
  endfacet
  facet normal -0 0 -1
    outer loop
      vertex 34.3513 -33.321 5.72205e-07
      vertex 33.9817 -45.4159 5.72205e-07
      vertex 34.2567 -33.0423 5.72205e-07
    endloop
  endfacet
  facet normal 0 0 -1
    outer loop
      vertex -2.5 -50 5.72205e-07
      vertex 34.2567 -33.0423 5.72205e-07
      vertex 33.9817 -45.4159 5.72205e-07
    endloop
  endfacet
  facet normal 0 0 -1
    outer loop
      vertex 39.0573 -46.0841 5.72205e-07
      vertex 52.5 -50 5.72205e-07
      vertex 39.08 -46.43 5.72205e-07
    endloop
  endfacet
  facet normal 0 0 -1
    outer loop
      vertex 52.5 -50 5.72205e-07
      vertex 39.0573 -46.7759 5.72205e-07
      vertex 39.08 -46.43 5.72205e-07
    endloop
  endfacet
  facet normal 0 0 -1
    outer loop
      vertex 52.5 -50 5.72205e-07
      vertex 38.9897 -47.1159 5.72205e-07
      vertex 39.0573 -46.7759 5.72205e-07
    endloop
  endfacet
  facet normal 0 0 -1
    outer loop
      vertex 52.5 -50 5.72205e-07
      vertex 38.8783 -47.4441 5.72205e-07
      vertex 38.9897 -47.1159 5.72205e-07
    endloop
  endfacet
  facet normal 0 0 -1
    outer loop
      vertex 52.5 -50 5.72205e-07
      vertex 38.725 -47.755 5.72205e-07
      vertex 38.8783 -47.4441 5.72205e-07
    endloop
  endfacet
  facet normal 0 0 -1
    outer loop
      vertex 52.5 -50 5.72205e-07
      vertex 38.5324 -48.0432 5.72205e-07
      vertex 38.725 -47.755 5.72205e-07
    endloop
  endfacet
  facet normal 0 0 -1
    outer loop
      vertex 52.5 -50 5.72205e-07
      vertex 38.3038 -48.3038 5.72205e-07
      vertex 38.5324 -48.0432 5.72205e-07
    endloop
  endfacet
  facet normal 0 0 -1
    outer loop
      vertex 52.5 -50 5.72205e-07
      vertex 38.0432 -48.5324 5.72205e-07
      vertex 38.3038 -48.3038 5.72205e-07
    endloop
  endfacet
  facet normal 0 0 -1
    outer loop
      vertex 52.5 -50 5.72205e-07
      vertex 37.755 -48.725 5.72205e-07
      vertex 38.0432 -48.5324 5.72205e-07
    endloop
  endfacet
  facet normal 0 0 -1
    outer loop
      vertex 52.5 -50 5.72205e-07
      vertex 37.4441 -48.8783 5.72205e-07
      vertex 37.755 -48.725 5.72205e-07
    endloop
  endfacet
  facet normal 0 0 -1
    outer loop
      vertex 52.5 -50 5.72205e-07
      vertex 37.1159 -48.9897 5.72205e-07
      vertex 37.4441 -48.8783 5.72205e-07
    endloop
  endfacet
  facet normal 0 0 -1
    outer loop
      vertex 52.5 -50 5.72205e-07
      vertex 36.7759 -49.0573 5.72205e-07
      vertex 37.1159 -48.9897 5.72205e-07
    endloop
  endfacet
  facet normal 0 0 -1
    outer loop
      vertex 52.5 -50 5.72205e-07
      vertex 36.43 -49.08 5.72205e-07
      vertex 36.7759 -49.0573 5.72205e-07
    endloop
  endfacet
  facet normal -0 0 -1
    outer loop
      vertex 33.8027 -46.7759 5.72205e-07
      vertex -2.5 -50 5.72205e-07
      vertex 33.78 -46.43 5.72205e-07
    endloop
  endfacet
  facet normal -0 0 -1
    outer loop
      vertex 33.8703 -47.1159 5.72205e-07
      vertex -2.5 -50 5.72205e-07
      vertex 33.8027 -46.7759 5.72205e-07
    endloop
  endfacet
  facet normal -0 0 -1
    outer loop
      vertex 33.9817 -47.4441 5.72205e-07
      vertex -2.5 -50 5.72205e-07
      vertex 33.8703 -47.1159 5.72205e-07
    endloop
  endfacet
  facet normal -0 0 -1
    outer loop
      vertex 34.135 -47.755 5.72205e-07
      vertex -2.5 -50 5.72205e-07
      vertex 33.9817 -47.4441 5.72205e-07
    endloop
  endfacet
  facet normal -0 0 -1
    outer loop
      vertex 34.3276 -48.0432 5.72205e-07
      vertex -2.5 -50 5.72205e-07
      vertex 34.135 -47.755 5.72205e-07
    endloop
  endfacet
  facet normal -0 0 -1
    outer loop
      vertex 34.5562 -48.3038 5.72205e-07
      vertex -2.5 -50 5.72205e-07
      vertex 34.3276 -48.0432 5.72205e-07
    endloop
  endfacet
  facet normal -0 0 -1
    outer loop
      vertex 34.8168 -48.5324 5.72205e-07
      vertex -2.5 -50 5.72205e-07
      vertex 34.5562 -48.3038 5.72205e-07
    endloop
  endfacet
  facet normal -0 0 -1
    outer loop
      vertex 35.105 -48.725 5.72205e-07
      vertex -2.5 -50 5.72205e-07
      vertex 34.8168 -48.5324 5.72205e-07
    endloop
  endfacet
  facet normal -0 0 -1
    outer loop
      vertex 35.4159 -48.8783 5.72205e-07
      vertex -2.5 -50 5.72205e-07
      vertex 35.105 -48.725 5.72205e-07
    endloop
  endfacet
  facet normal -0 0 -1
    outer loop
      vertex 35.7441 -48.9897 5.72205e-07
      vertex -2.5 -50 5.72205e-07
      vertex 35.4159 -48.8783 5.72205e-07
    endloop
  endfacet
  facet normal -0 0 -1
    outer loop
      vertex 36.0841 -49.0573 5.72205e-07
      vertex -2.5 -50 5.72205e-07
      vertex 35.7441 -48.9897 5.72205e-07
    endloop
  endfacet
  facet normal -0 0 -1
    outer loop
      vertex 36.43 -49.08 5.72205e-07
      vertex -2.5 -50 5.72205e-07
      vertex 36.0841 -49.0573 5.72205e-07
    endloop
  endfacet
  facet normal 0 0 -1
    outer loop
      vertex -2.5 -50 5.72205e-07
      vertex 36.43 -49.08 5.72205e-07
      vertex 52.5 -50 5.72205e-07
    endloop
  endfacet
  facet normal 0 0 -1
    outer loop
      vertex 38.9897 -45.7441 5.72205e-07
      vertex 52.5 -50 5.72205e-07
      vertex 39.0573 -46.0841 5.72205e-07
    endloop
  endfacet
  facet normal 0 0 -1
    outer loop
      vertex 38.8783 -45.4159 5.72205e-07
      vertex 52.5 -50 5.72205e-07
      vertex 38.9897 -45.7441 5.72205e-07
    endloop
  endfacet
  facet normal 0 0 -1
    outer loop
      vertex 38.725 -45.105 5.72205e-07
      vertex 52.5 -50 5.72205e-07
      vertex 38.8783 -45.4159 5.72205e-07
    endloop
  endfacet
  facet normal 0 0 -1
    outer loop
      vertex 38.3786 -33.585 5.72205e-07
      vertex 52.5 -50 5.72205e-07
      vertex 38.725 -45.105 5.72205e-07
    endloop
  endfacet
  facet normal 0 0 -1
    outer loop
      vertex 52.5 -50 5.72205e-07
      vertex 38.68 -32.46 5.72205e-07
      vertex 52.5 -14 5.72205e-07
    endloop
  endfacet
  facet normal 0 0 -1
    outer loop
      vertex 38.6608 -32.1663 5.72205e-07
      vertex 52.5 -14 5.72205e-07
      vertex 38.68 -32.46 5.72205e-07
    endloop
  endfacet
  facet normal 0 0 -1
    outer loop
      vertex 38.6033 -31.8777 5.72205e-07
      vertex 52.5 -14 5.72205e-07
      vertex 38.6608 -32.1663 5.72205e-07
    endloop
  endfacet
  facet normal 0 0 -1
    outer loop
      vertex 38.5087 -31.599 5.72205e-07
      vertex 52.5 -14 5.72205e-07
      vertex 38.6033 -31.8777 5.72205e-07
    endloop
  endfacet
  facet normal 0 0 -1
    outer loop
      vertex 38.3786 -31.335 5.72205e-07
      vertex 52.5 -14 5.72205e-07
      vertex 38.5087 -31.599 5.72205e-07
    endloop
  endfacet
  facet normal 0 0 -1
    outer loop
      vertex 38.215 -31.0903 5.72205e-07
      vertex 52.5 -14 5.72205e-07
      vertex 38.3786 -31.335 5.72205e-07
    endloop
  endfacet
  facet normal 0 0 -1
    outer loop
      vertex 38.021 -30.869 5.72205e-07
      vertex 52.5 -14 5.72205e-07
      vertex 38.215 -31.0903 5.72205e-07
    endloop
  endfacet
  facet normal 0 0 -1
    outer loop
      vertex 37.7997 -30.675 5.72205e-07
      vertex 52.5 -14 5.72205e-07
      vertex 38.021 -30.869 5.72205e-07
    endloop
  endfacet
  facet normal 0 0 -1
    outer loop
      vertex 37.555 -30.5114 5.72205e-07
      vertex 52.5 -14 5.72205e-07
      vertex 37.7997 -30.675 5.72205e-07
    endloop
  endfacet
  facet normal 0 0 -1
    outer loop
      vertex 37.291 -30.3813 5.72205e-07
      vertex 52.5 -14 5.72205e-07
      vertex 37.555 -30.5114 5.72205e-07
    endloop
  endfacet
  facet normal 0 0 -1
    outer loop
      vertex 37.0123 -30.2867 5.72205e-07
      vertex 52.5 -14 5.72205e-07
      vertex 37.291 -30.3813 5.72205e-07
    endloop
  endfacet
  facet normal 0 0 -1
    outer loop
      vertex 36.7237 -30.2292 5.72205e-07
      vertex 52.5 -14 5.72205e-07
      vertex 37.0123 -30.2867 5.72205e-07
    endloop
  endfacet
  facet normal 0 0 -1
    outer loop
      vertex 36.43 -30.21 5.72205e-07
      vertex 52.5 -14 5.72205e-07
      vertex 36.7237 -30.2292 5.72205e-07
    endloop
  endfacet
  facet normal 0 0 -1
    outer loop
      vertex 36.1363 -30.2292 5.72205e-07
      vertex 52.5 -14 5.72205e-07
      vertex 36.43 -30.21 5.72205e-07
    endloop
  endfacet
  facet normal 0 0 -1
    outer loop
      vertex 35.8477 -30.2867 5.72205e-07
      vertex 52.5 -14 5.72205e-07
      vertex 36.1363 -30.2292 5.72205e-07
    endloop
  endfacet
  facet normal 0 0 -1
    outer loop
      vertex 35.569 -30.3813 5.72205e-07
      vertex 52.5 -14 5.72205e-07
      vertex 35.8477 -30.2867 5.72205e-07
    endloop
  endfacet
  facet normal 0 0 -1
    outer loop
      vertex -2.5 -14 5.72205e-07
      vertex 35.569 -30.3813 5.72205e-07
      vertex 35.305 -30.5114 5.72205e-07
    endloop
  endfacet
  facet normal 0 0 -1
    outer loop
      vertex -2.5 -14 5.72205e-07
      vertex 35.305 -30.5114 5.72205e-07
      vertex 35.0603 -30.675 5.72205e-07
    endloop
  endfacet
  facet normal 0 0 -1
    outer loop
      vertex -2.5 -14 5.72205e-07
      vertex 35.0603 -30.675 5.72205e-07
      vertex 34.839 -30.869 5.72205e-07
    endloop
  endfacet
  facet normal -0 0 -1
    outer loop
      vertex 34.2567 -33.0423 5.72205e-07
      vertex -2.5 -50 5.72205e-07
      vertex 34.1992 -32.7537 5.72205e-07
    endloop
  endfacet
  facet normal 0 0 -1
    outer loop
      vertex -2.5 -50 5.72205e-07
      vertex 33.9817 -45.4159 5.72205e-07
      vertex 33.8703 -45.7441 5.72205e-07
    endloop
  endfacet
  facet normal 0 0 -1
    outer loop
      vertex -2.5 -50 5.72205e-07
      vertex 33.8703 -45.7441 5.72205e-07
      vertex 33.8027 -46.0841 5.72205e-07
    endloop
  endfacet
  facet normal 0 0 -1
    outer loop
      vertex -2.5 -50 5.72205e-07
      vertex 33.8027 -46.0841 5.72205e-07
      vertex 33.78 -46.43 5.72205e-07
    endloop
  endfacet
  facet normal -0 0 -1
    outer loop
      vertex 34.1992 -32.7537 5.72205e-07
      vertex -2.5 -50 5.72205e-07
      vertex 34.18 -32.46 5.72205e-07
    endloop
  endfacet
  facet normal 0 0 -1
    outer loop
      vertex -2.5 -14 5.72205e-07
      vertex 34.18 -32.46 5.72205e-07
      vertex -2.5 -50 5.72205e-07
    endloop
  endfacet
  facet normal 0 0 -1
    outer loop
      vertex 34.18 -32.46 5.72205e-07
      vertex -2.5 -14 5.72205e-07
      vertex 34.1992 -32.1663 5.72205e-07
    endloop
  endfacet
  facet normal 0 0 -1
    outer loop
      vertex 34.1992 -32.1663 5.72205e-07
      vertex -2.5 -14 5.72205e-07
      vertex 34.2567 -31.8777 5.72205e-07
    endloop
  endfacet
  facet normal 0 0 -1
    outer loop
      vertex 34.2567 -31.8777 5.72205e-07
      vertex -2.5 -14 5.72205e-07
      vertex 34.3513 -31.599 5.72205e-07
    endloop
  endfacet
  facet normal 0 0 -1
    outer loop
      vertex 34.3513 -31.599 5.72205e-07
      vertex -2.5 -14 5.72205e-07
      vertex 34.4814 -31.335 5.72205e-07
    endloop
  endfacet
  facet normal 0 0 -1
    outer loop
      vertex 34.4814 -31.335 5.72205e-07
      vertex -2.5 -14 5.72205e-07
      vertex 34.645 -31.0903 5.72205e-07
    endloop
  endfacet
  facet normal 0 0 -1
    outer loop
      vertex 34.645 -31.0903 5.72205e-07
      vertex -2.5 -14 5.72205e-07
      vertex 34.839 -30.869 5.72205e-07
    endloop
  endfacet
  facet normal 0 0 -1
    outer loop
      vertex 35.569 -30.3813 5.72205e-07
      vertex -2.5 -14 5.72205e-07
      vertex 52.5 -14 5.72205e-07
    endloop
  endfacet
  facet normal 0.997862 0.0653634 0
    outer loop
      vertex 52.5 -1.5 2
      vertex 52.4658 -0.97789 5.72205e-07
      vertex 52.4658 -0.97789 2
    endloop
  endfacet
  facet normal 0.997862 0.0653634 0
    outer loop
      vertex 52.4658 -0.97789 5.72205e-07
      vertex 52.5 -1.5 2
      vertex 52.5 -1.5 5.72205e-07
    endloop
  endfacet
  facet normal 0.442253 0.89689 -0
    outer loop
      vertex 50.5 1.9641 5.72205e-07
      vertex 50.0307 2.19551 2
      vertex 50.5 1.9641 2
    endloop
  endfacet
  facet normal 0.442253 0.89689 0
    outer loop
      vertex 50.0307 2.19551 2
      vertex 50.5 1.9641 5.72205e-07
      vertex 50.0307 2.19551 5.72205e-07
    endloop
  endfacet
  facet normal -0 0 1
    outer loop
      vertex -0.149994 -3.5 5
      vertex 1.04999 -66.5 5
      vertex 1.04999 -3.5 5
    endloop
  endfacet
  facet normal 0 0 1
    outer loop
      vertex 1.04999 -66.5 5
      vertex -0.149994 -3.5 5
      vertex -0.149994 -66.5 5
    endloop
  endfacet
  facet normal -0 0 1
    outer loop
      vertex 38.4571 -68.95 5
      vertex 46.5 -70.15 5
      vertex 46.5 -68.95 5
    endloop
  endfacet
  facet normal -0 0 1
    outer loop
      vertex 37.5786 -69.1247 5
      vertex 46.5 -70.15 5
      vertex 38.4571 -68.95 5
    endloop
  endfacet
  facet normal -0 0 1
    outer loop
      vertex 36.43 -69.2 5
      vertex 46.5 -70.15 5
      vertex 37.5786 -69.1247 5
    endloop
  endfacet
  facet normal 0 0 1
    outer loop
      vertex 35.2814 -69.1247 5
      vertex 46.5 -70.15 5
      vertex 36.43 -69.2 5
    endloop
  endfacet
  facet normal 0 0 1
    outer loop
      vertex 3.5 -70.15 5
      vertex 34.4029 -68.95 5
      vertex 3.5 -68.95 5
    endloop
  endfacet
  facet normal 0 0 1
    outer loop
      vertex 34.4029 -68.95 5
      vertex 3.5 -70.15 5
      vertex 35.2814 -69.1247 5
    endloop
  endfacet
  facet normal 0 0 1
    outer loop
      vertex 35.2814 -69.1247 5
      vertex 3.5 -70.15 5
      vertex 46.5 -70.15 5
    endloop
  endfacet
  facet normal 0 0 1
    outer loop
      vertex 6.3 0.149994 5
      vertex 3.5 0.149994 5
      vertex 6.3 -0.5 5
    endloop
  endfacet
  facet normal 0 0 1
    outer loop
      vertex 18.3 -0.5 5
      vertex 46.5 0.149994 5
      vertex 18.3 0.149994 5
    endloop
  endfacet
  facet normal 0 0 1
    outer loop
      vertex 46.5 0.149994 5
      vertex 18.3 -0.5 5
      vertex 46.5 -1.04999 5
    endloop
  endfacet
  facet normal 0 0 1
    outer loop
      vertex 3.5 -1.04999 5
      vertex 18.3 -0.5 5
      vertex 6.3 -0.5 5
    endloop
  endfacet
  facet normal 0 0 1
    outer loop
      vertex 18.3 -0.5 5
      vertex 3.5 -1.04999 5
      vertex 46.5 -1.04999 5
    endloop
  endfacet
  facet normal 0 0 1
    outer loop
      vertex 3.5 -1.04999 5
      vertex 6.3 -0.5 5
      vertex 3.5 0.149994 5
    endloop
  endfacet
  facet normal -0 0 1
    outer loop
      vertex 48.95 -3.5 5
      vertex 50.15 -66.5 5
      vertex 50.15 -3.5 5
    endloop
  endfacet
  facet normal 0 0 1
    outer loop
      vertex 50.15 -66.5 5
      vertex 48.95 -3.5 5
      vertex 48.95 -66.5 5
    endloop
  endfacet
  facet normal 1 -0 0
    outer loop
      vertex 50.15 -66.5 5
      vertex 50.15 -3.5 2
      vertex 50.15 -3.5 5
    endloop
  endfacet
  facet normal 1 0 0
    outer loop
      vertex 50.15 -3.5 2
      vertex 50.15 -66.5 5
      vertex 50.15 -66.5 2
    endloop
  endfacet
  facet normal 0 -1 0
    outer loop
      vertex 3.5 -70.15 2
      vertex 46.5 -70.15 5
      vertex 3.5 -70.15 5
    endloop
  endfacet
  facet normal 0 -1 -0
    outer loop
      vertex 46.5 -70.15 5
      vertex 3.5 -70.15 2
      vertex 46.5 -70.15 2
    endloop
  endfacet
  facet normal -1 0 0
    outer loop
      vertex -0.149994 -66.5 2
      vertex -0.149994 -3.5 5
      vertex -0.149994 -3.5 2
    endloop
  endfacet
  facet normal -1 -0 0
    outer loop
      vertex -0.149994 -3.5 5
      vertex -0.149994 -66.5 2
      vertex -0.149994 -66.5 5
    endloop
  endfacet
  facet normal 0 1 -0
    outer loop
      vertex 6.3 0.149994 2
      vertex 3.5 0.149994 5
      vertex 6.3 0.149994 5
    endloop
  endfacet
  facet normal 0 1 0
    outer loop
      vertex 3.5 0.149994 5
      vertex 6.3 0.149994 2
      vertex 3.5 0.149994 2
    endloop
  endfacet
  facet normal 0 1 -0
    outer loop
      vertex 46.5 0.149994 2
      vertex 18.3 0.149994 5
      vertex 46.5 0.149994 5
    endloop
  endfacet
  facet normal 0 1 0
    outer loop
      vertex 18.3 0.149994 5
      vertex 46.5 0.149994 2
      vertex 18.3 0.149994 2
    endloop
  endfacet
  facet normal 1 -0 0
    outer loop
      vertex 1.04999 -66.5 5
      vertex 1.04999 -3.5 2
      vertex 1.04999 -3.5 5
    endloop
  endfacet
  facet normal 1 0 0
    outer loop
      vertex 1.04999 -3.5 2
      vertex 1.04999 -66.5 5
      vertex 1.04999 -66.5 2
    endloop
  endfacet
  facet normal 0 1 -0
    outer loop
      vertex 34.4029 -68.95 2
      vertex 3.5 -68.95 5
      vertex 34.4029 -68.95 5
    endloop
  endfacet
  facet normal 0 1 0
    outer loop
      vertex 3.5 -68.95 5
      vertex 34.4029 -68.95 2
      vertex 3.5 -68.95 2
    endloop
  endfacet
  facet normal 0 1 -0
    outer loop
      vertex 46.5 -68.95 2
      vertex 38.4571 -68.95 5
      vertex 46.5 -68.95 5
    endloop
  endfacet
  facet normal 0 1 0
    outer loop
      vertex 38.4571 -68.95 5
      vertex 46.5 -68.95 2
      vertex 38.4571 -68.95 2
    endloop
  endfacet
  facet normal -1 0 0
    outer loop
      vertex 48.95 -66.5 2
      vertex 48.95 -3.5 5
      vertex 48.95 -3.5 2
    endloop
  endfacet
  facet normal -1 -0 0
    outer loop
      vertex 48.95 -3.5 5
      vertex 48.95 -66.5 2
      vertex 48.95 -66.5 5
    endloop
  endfacet
  facet normal 0 -1 0
    outer loop
      vertex 3.5 -1.04999 2
      vertex 46.5 -1.04999 5
      vertex 3.5 -1.04999 5
    endloop
  endfacet
  facet normal 0 -1 -0
    outer loop
      vertex 46.5 -1.04999 5
      vertex 3.5 -1.04999 2
      vertex 46.5 -1.04999 2
    endloop
  endfacet
  facet normal 0 1 0
    outer loop
      vertex 52.5 -14 2
      vertex 51.7 -14 0.800001
      vertex 51.7 -14 2
    endloop
  endfacet
  facet normal 0 1 0
    outer loop
      vertex 51.7 -14 0.800001
      vertex 52.5 -14 5.72205e-07
      vertex -1.7 -14 0.800001
    endloop
  endfacet
  facet normal 0 1 -0
    outer loop
      vertex 52.5 -14 5.72205e-07
      vertex 51.7 -14 0.800001
      vertex 52.5 -14 2
    endloop
  endfacet
  facet normal 0 1 -0
    outer loop
      vertex -1.7 -14 0.800001
      vertex -2.5 -14 2
      vertex -1.7 -14 2
    endloop
  endfacet
  facet normal 0 1 0
    outer loop
      vertex -1.7 -14 0.800001
      vertex -2.5 -14 5.72205e-07
      vertex -2.5 -14 2
    endloop
  endfacet
  facet normal 0 1 0
    outer loop
      vertex -2.5 -14 5.72205e-07
      vertex -1.7 -14 0.800001
      vertex 52.5 -14 5.72205e-07
    endloop
  endfacet
  facet normal 0 -1 0
    outer loop
      vertex -2.5 -10 2
      vertex -1.7 -10 0.800001
      vertex -1.7 -10 2
    endloop
  endfacet
  facet normal 0 -1 -0
    outer loop
      vertex -1.7 -10 0.800001
      vertex -2.5 -10 5.72205e-07
      vertex 51.7 -10 0.800001
    endloop
  endfacet
  facet normal 0 -1 0
    outer loop
      vertex -2.5 -10 5.72205e-07
      vertex -1.7 -10 0.800001
      vertex -2.5 -10 2
    endloop
  endfacet
  facet normal 0 -1 0
    outer loop
      vertex 51.7 -10 0.800001
      vertex 52.5 -10 2
      vertex 51.7 -10 2
    endloop
  endfacet
  facet normal 0 -1 0
    outer loop
      vertex 51.7 -10 0.800001
      vertex 52.5 -10 5.72205e-07
      vertex 52.5 -10 2
    endloop
  endfacet
  facet normal 0 -1 0
    outer loop
      vertex 52.5 -10 5.72205e-07
      vertex 51.7 -10 0.800001
      vertex -2.5 -10 5.72205e-07
    endloop
  endfacet
  facet normal 1 -0 0
    outer loop
      vertex 51.7 -14 2
      vertex 51.7 -10 0.800001
      vertex 51.7 -10 2
    endloop
  endfacet
  facet normal 1 0 0
    outer loop
      vertex 51.7 -10 0.800001
      vertex 51.7 -14 2
      vertex 51.7 -14 0.800001
    endloop
  endfacet
  facet normal 0 0 -1
    outer loop
      vertex -1.7 -14 0.800001
      vertex 51.7 -10 0.800001
      vertex 51.7 -14 0.800001
    endloop
  endfacet
  facet normal -0 0 -1
    outer loop
      vertex 51.7 -10 0.800001
      vertex -1.7 -14 0.800001
      vertex -1.7 -10 0.800001
    endloop
  endfacet
  facet normal -1 0 0
    outer loop
      vertex -1.7 -14 0.800001
      vertex -1.7 -10 2
      vertex -1.7 -10 0.800001
    endloop
  endfacet
  facet normal -1 -0 0
    outer loop
      vertex -1.7 -10 2
      vertex -1.7 -14 0.800001
      vertex -1.7 -14 2
    endloop
  endfacet
  facet normal 0 1 0
    outer loop
      vertex 52.5 -54 2
      vertex 51.7 -54 0.800001
      vertex 51.7 -54 2
    endloop
  endfacet
  facet normal 0 1 0
    outer loop
      vertex 51.7 -54 0.800001
      vertex 52.5 -54 5.72205e-07
      vertex -1.7 -54 0.800001
    endloop
  endfacet
  facet normal 0 1 -0
    outer loop
      vertex 52.5 -54 5.72205e-07
      vertex 51.7 -54 0.800001
      vertex 52.5 -54 2
    endloop
  endfacet
  facet normal 0 1 -0
    outer loop
      vertex -1.7 -54 0.800001
      vertex -2.5 -54 2
      vertex -1.7 -54 2
    endloop
  endfacet
  facet normal 0 1 0
    outer loop
      vertex -1.7 -54 0.800001
      vertex -2.5 -54 5.72205e-07
      vertex -2.5 -54 2
    endloop
  endfacet
  facet normal 0 1 0
    outer loop
      vertex -2.5 -54 5.72205e-07
      vertex -1.7 -54 0.800001
      vertex 52.5 -54 5.72205e-07
    endloop
  endfacet
  facet normal 0 -1 0
    outer loop
      vertex -2.5 -50 2
      vertex -1.7 -50 0.800001
      vertex -1.7 -50 2
    endloop
  endfacet
  facet normal 0 -1 -0
    outer loop
      vertex -1.7 -50 0.800001
      vertex -2.5 -50 5.72205e-07
      vertex 51.7 -50 0.800001
    endloop
  endfacet
  facet normal 0 -1 0
    outer loop
      vertex -2.5 -50 5.72205e-07
      vertex -1.7 -50 0.800001
      vertex -2.5 -50 2
    endloop
  endfacet
  facet normal 0 -1 0
    outer loop
      vertex 51.7 -50 0.800001
      vertex 52.5 -50 2
      vertex 51.7 -50 2
    endloop
  endfacet
  facet normal 0 -1 0
    outer loop
      vertex 51.7 -50 0.800001
      vertex 52.5 -50 5.72205e-07
      vertex 52.5 -50 2
    endloop
  endfacet
  facet normal 0 -1 0
    outer loop
      vertex 52.5 -50 5.72205e-07
      vertex 51.7 -50 0.800001
      vertex -2.5 -50 5.72205e-07
    endloop
  endfacet
  facet normal 1 -0 0
    outer loop
      vertex 51.7 -54 2
      vertex 51.7 -50 0.800001
      vertex 51.7 -50 2
    endloop
  endfacet
  facet normal 1 0 0
    outer loop
      vertex 51.7 -50 0.800001
      vertex 51.7 -54 2
      vertex 51.7 -54 0.800001
    endloop
  endfacet
  facet normal 0 0 -1
    outer loop
      vertex -1.7 -54 0.800001
      vertex 51.7 -50 0.800001
      vertex 51.7 -54 0.800001
    endloop
  endfacet
  facet normal -0 0 -1
    outer loop
      vertex 51.7 -50 0.800001
      vertex -1.7 -54 0.800001
      vertex -1.7 -50 0.800001
    endloop
  endfacet
  facet normal -1 0 0
    outer loop
      vertex -1.7 -54 0.800001
      vertex -1.7 -50 2
      vertex -1.7 -50 0.800001
    endloop
  endfacet
  facet normal -1 -0 0
    outer loop
      vertex -1.7 -50 2
      vertex -1.7 -54 0.800001
      vertex -1.7 -54 2
    endloop
  endfacet
  facet normal -0.923891 -0.382656 0
    outer loop
      vertex 37.3959 -60.1412 0.6
      vertex 37.296 -59.9 2
      vertex 37.296 -59.9 0.6
    endloop
  endfacet
  facet normal -0.923891 -0.382656 0
    outer loop
      vertex 37.296 -59.9 2
      vertex 37.3959 -60.1412 0.6
      vertex 37.3959 -60.1412 2
    endloop
  endfacet
  facet normal -0.923891 0.382656 0
    outer loop
      vertex 37.296 -60.9 0.6
      vertex 37.3959 -60.6588 2
      vertex 37.3959 -60.6588 0.6
    endloop
  endfacet
  facet normal -0.923891 0.382656 0
    outer loop
      vertex 37.3959 -60.6588 2
      vertex 37.296 -60.9 0.6
      vertex 37.296 -60.9 2
    endloop
  endfacet
  facet normal -0.991431 0.130633 0
    outer loop
      vertex 37.3959 -60.6588 0.6
      vertex 37.43 -60.4 2
      vertex 37.43 -60.4 0.6
    endloop
  endfacet
  facet normal -0.991431 0.130633 0
    outer loop
      vertex 37.43 -60.4 2
      vertex 37.3959 -60.6588 0.6
      vertex 37.3959 -60.6588 2
    endloop
  endfacet
  facet normal -0.793378 -0.608729 0
    outer loop
      vertex 37.296 -59.9 0.6
      vertex 37.1371 -59.6929 2
      vertex 37.1371 -59.6929 0.6
    endloop
  endfacet
  facet normal -0.793378 -0.608729 0
    outer loop
      vertex 37.1371 -59.6929 2
      vertex 37.296 -59.9 0.6
      vertex 37.296 -59.9 2
    endloop
  endfacet
  facet normal -0.991431 -0.130633 0
    outer loop
      vertex 37.43 -60.4 0.6
      vertex 37.3959 -60.1412 2
      vertex 37.3959 -60.1412 0.6
    endloop
  endfacet
  facet normal -0.991431 -0.130633 0
    outer loop
      vertex 37.3959 -60.1412 2
      vertex 37.43 -60.4 0.6
      vertex 37.43 -60.4 2
    endloop
  endfacet
  facet normal -0.382656 -0.923891 0
    outer loop
      vertex 36.6888 -59.4341 0.6
      vertex 36.93 -59.534 2
      vertex 36.6888 -59.4341 2
    endloop
  endfacet
  facet normal -0.382656 -0.923891 -0
    outer loop
      vertex 36.93 -59.534 2
      vertex 36.6888 -59.4341 0.6
      vertex 36.93 -59.534 0.6
    endloop
  endfacet
  facet normal 0.923891 -0.382656 0
    outer loop
      vertex 35.4641 -60.1412 2
      vertex 35.564 -59.9 0.6
      vertex 35.564 -59.9 2
    endloop
  endfacet
  facet normal 0.923891 -0.382656 0
    outer loop
      vertex 35.564 -59.9 0.6
      vertex 35.4641 -60.1412 2
      vertex 35.4641 -60.1412 0.6
    endloop
  endfacet
  facet normal 0.608729 0.793378 -0
    outer loop
      vertex 35.93 -61.266 0.6
      vertex 35.7229 -61.1071 2
      vertex 35.93 -61.266 2
    endloop
  endfacet
  facet normal 0.608729 0.793378 0
    outer loop
      vertex 35.7229 -61.1071 2
      vertex 35.93 -61.266 0.6
      vertex 35.7229 -61.1071 0.6
    endloop
  endfacet
  facet normal 0.991431 -0.130633 0
    outer loop
      vertex 35.43 -60.4 2
      vertex 35.4641 -60.1412 0.6
      vertex 35.4641 -60.1412 2
    endloop
  endfacet
  facet normal 0.991431 -0.130633 0
    outer loop
      vertex 35.4641 -60.1412 0.6
      vertex 35.43 -60.4 2
      vertex 35.43 -60.4 0.6
    endloop
  endfacet
  facet normal -0.382656 0.923891 0
    outer loop
      vertex 36.93 -61.266 0.6
      vertex 36.6888 -61.3659 2
      vertex 36.93 -61.266 2
    endloop
  endfacet
  facet normal -0.382656 0.923891 0
    outer loop
      vertex 36.6888 -61.3659 2
      vertex 36.93 -61.266 0.6
      vertex 36.6888 -61.3659 0.6
    endloop
  endfacet
  facet normal 0.793378 0.608729 0
    outer loop
      vertex 35.7229 -61.1071 2
      vertex 35.564 -60.9 0.6
      vertex 35.564 -60.9 2
    endloop
  endfacet
  facet normal 0.793378 0.608729 0
    outer loop
      vertex 35.564 -60.9 0.6
      vertex 35.7229 -61.1071 2
      vertex 35.7229 -61.1071 0.6
    endloop
  endfacet
  facet normal 0.130633 -0.991431 0
    outer loop
      vertex 36.1712 -59.4341 0.6
      vertex 36.43 -59.4 2
      vertex 36.1712 -59.4341 2
    endloop
  endfacet
  facet normal 0.130633 -0.991431 0
    outer loop
      vertex 36.43 -59.4 2
      vertex 36.1712 -59.4341 0.6
      vertex 36.43 -59.4 0.6
    endloop
  endfacet
  facet normal 0.608729 -0.793378 0
    outer loop
      vertex 35.7229 -59.6929 0.6
      vertex 35.93 -59.534 2
      vertex 35.7229 -59.6929 2
    endloop
  endfacet
  facet normal 0.608729 -0.793378 0
    outer loop
      vertex 35.93 -59.534 2
      vertex 35.7229 -59.6929 0.6
      vertex 35.93 -59.534 0.6
    endloop
  endfacet
  facet normal 0.382656 0.923891 -0
    outer loop
      vertex 36.1712 -61.3659 0.6
      vertex 35.93 -61.266 2
      vertex 36.1712 -61.3659 2
    endloop
  endfacet
  facet normal 0.382656 0.923891 0
    outer loop
      vertex 35.93 -61.266 2
      vertex 36.1712 -61.3659 0.6
      vertex 35.93 -61.266 0.6
    endloop
  endfacet
  facet normal -0.130633 -0.991431 0
    outer loop
      vertex 36.43 -59.4 0.6
      vertex 36.6888 -59.4341 2
      vertex 36.43 -59.4 2
    endloop
  endfacet
  facet normal -0.130633 -0.991431 -0
    outer loop
      vertex 36.6888 -59.4341 2
      vertex 36.43 -59.4 0.6
      vertex 36.6888 -59.4341 0.6
    endloop
  endfacet
  facet normal 0.130633 0.991431 -0
    outer loop
      vertex 36.43 -61.4 0.6
      vertex 36.1712 -61.3659 2
      vertex 36.43 -61.4 2
    endloop
  endfacet
  facet normal 0.130633 0.991431 0
    outer loop
      vertex 36.1712 -61.3659 2
      vertex 36.43 -61.4 0.6
      vertex 36.1712 -61.3659 0.6
    endloop
  endfacet
  facet normal -0.130633 0.991431 0
    outer loop
      vertex 36.6888 -61.3659 0.6
      vertex 36.43 -61.4 2
      vertex 36.6888 -61.3659 2
    endloop
  endfacet
  facet normal -0.130633 0.991431 0
    outer loop
      vertex 36.43 -61.4 2
      vertex 36.6888 -61.3659 0.6
      vertex 36.43 -61.4 0.6
    endloop
  endfacet
  facet normal -0.608729 0.793378 0
    outer loop
      vertex 37.1371 -61.1071 0.6
      vertex 36.93 -61.266 2
      vertex 37.1371 -61.1071 2
    endloop
  endfacet
  facet normal -0.608729 0.793378 0
    outer loop
      vertex 36.93 -61.266 2
      vertex 37.1371 -61.1071 0.6
      vertex 36.93 -61.266 0.6
    endloop
  endfacet
  facet normal -0.608729 -0.793378 0
    outer loop
      vertex 36.93 -59.534 0.6
      vertex 37.1371 -59.6929 2
      vertex 36.93 -59.534 2
    endloop
  endfacet
  facet normal -0.608729 -0.793378 -0
    outer loop
      vertex 37.1371 -59.6929 2
      vertex 36.93 -59.534 0.6
      vertex 37.1371 -59.6929 0.6
    endloop
  endfacet
  facet normal -0.793378 0.608729 0
    outer loop
      vertex 37.1371 -61.1071 0.6
      vertex 37.296 -60.9 2
      vertex 37.296 -60.9 0.6
    endloop
  endfacet
  facet normal -0.793378 0.608729 0
    outer loop
      vertex 37.296 -60.9 2
      vertex 37.1371 -61.1071 0.6
      vertex 37.1371 -61.1071 2
    endloop
  endfacet
  facet normal 0.382656 -0.923891 0
    outer loop
      vertex 35.93 -59.534 0.6
      vertex 36.1712 -59.4341 2
      vertex 35.93 -59.534 2
    endloop
  endfacet
  facet normal 0.382656 -0.923891 0
    outer loop
      vertex 36.1712 -59.4341 2
      vertex 35.93 -59.534 0.6
      vertex 36.1712 -59.4341 0.6
    endloop
  endfacet
  facet normal 0.991431 0.130633 0
    outer loop
      vertex 35.4641 -60.6588 2
      vertex 35.43 -60.4 0.6
      vertex 35.43 -60.4 2
    endloop
  endfacet
  facet normal 0.991431 0.130633 0
    outer loop
      vertex 35.43 -60.4 0.6
      vertex 35.4641 -60.6588 2
      vertex 35.4641 -60.6588 0.6
    endloop
  endfacet
  facet normal 0.793378 -0.608729 0
    outer loop
      vertex 35.564 -59.9 2
      vertex 35.7229 -59.6929 0.6
      vertex 35.7229 -59.6929 2
    endloop
  endfacet
  facet normal 0.793378 -0.608729 0
    outer loop
      vertex 35.7229 -59.6929 0.6
      vertex 35.564 -59.9 2
      vertex 35.564 -59.9 0.6
    endloop
  endfacet
  facet normal 0.923891 0.382656 0
    outer loop
      vertex 35.564 -60.9 2
      vertex 35.4641 -60.6588 0.6
      vertex 35.4641 -60.6588 2
    endloop
  endfacet
  facet normal 0.923891 0.382656 0
    outer loop
      vertex 35.4641 -60.6588 0.6
      vertex 35.564 -60.9 2
      vertex 35.564 -60.9 0.6
    endloop
  endfacet
  facet normal -0.195087 0.980786 0
    outer loop
      vertex 37.7241 -65.2296 5.72205e-07
      vertex 37.0826 -65.3572 0.6
      vertex 37.7241 -65.2296 0.6
    endloop
  endfacet
  facet normal -0.195087 0.980786 0
    outer loop
      vertex 37.0826 -65.3572 0.6
      vertex 37.7241 -65.2296 5.72205e-07
      vertex 37.0826 -65.3572 5.72205e-07
    endloop
  endfacet
  facet normal -0.980786 0.195087 0
    outer loop
      vertex 41.2596 -61.6941 5.72205e-07
      vertex 41.3872 -61.0526 0.6
      vertex 41.3872 -61.0526 5.72205e-07
    endloop
  endfacet
  facet normal -0.980786 0.195087 0
    outer loop
      vertex 41.3872 -61.0526 0.6
      vertex 41.2596 -61.6941 5.72205e-07
      vertex 41.2596 -61.6941 0.6
    endloop
  endfacet
  facet normal -0.997856 0.0654432 0
    outer loop
      vertex 41.3872 -61.0526 5.72205e-07
      vertex 41.43 -60.4 0.6
      vertex 41.43 -60.4 5.72205e-07
    endloop
  endfacet
  facet normal -0.997856 0.0654432 0
    outer loop
      vertex 41.43 -60.4 0.6
      vertex 41.3872 -61.0526 5.72205e-07
      vertex 41.3872 -61.0526 0.6
    endloop
  endfacet
  facet normal -0.946941 0.321407 0
    outer loop
      vertex 41.0494 -62.3134 5.72205e-07
      vertex 41.2596 -61.6941 0.6
      vertex 41.2596 -61.6941 5.72205e-07
    endloop
  endfacet
  facet normal -0.946941 0.321407 0
    outer loop
      vertex 41.2596 -61.6941 0.6
      vertex 41.0494 -62.3134 5.72205e-07
      vertex 41.0494 -62.3134 0.6
    endloop
  endfacet
  facet normal -0.321407 0.946941 0
    outer loop
      vertex 38.3434 -65.0194 5.72205e-07
      vertex 37.7241 -65.2296 0.6
      vertex 38.3434 -65.0194 0.6
    endloop
  endfacet
  facet normal -0.321407 0.946941 0
    outer loop
      vertex 37.7241 -65.2296 0.6
      vertex 38.3434 -65.0194 5.72205e-07
      vertex 37.7241 -65.2296 5.72205e-07
    endloop
  endfacet
  facet normal 0.980786 -0.195087 0
    outer loop
      vertex 31.4728 -59.7474 0.6
      vertex 31.6004 -59.1059 5.72205e-07
      vertex 31.6004 -59.1059 0.6
    endloop
  endfacet
  facet normal 0.980786 -0.195087 0
    outer loop
      vertex 31.6004 -59.1059 5.72205e-07
      vertex 31.4728 -59.7474 0.6
      vertex 31.4728 -59.7474 5.72205e-07
    endloop
  endfacet
  facet normal -0.321407 -0.946941 0
    outer loop
      vertex 37.7241 -55.5704 5.72205e-07
      vertex 38.3434 -55.7806 0.6
      vertex 37.7241 -55.5704 0.6
    endloop
  endfacet
  facet normal -0.321407 -0.946941 -0
    outer loop
      vertex 38.3434 -55.7806 0.6
      vertex 37.7241 -55.5704 5.72205e-07
      vertex 38.3434 -55.7806 5.72205e-07
    endloop
  endfacet
  facet normal 0.831509 0.555512 0
    outer loop
      vertex 32.4632 -63.4438 0.6
      vertex 32.0999 -62.9 5.72205e-07
      vertex 32.0999 -62.9 0.6
    endloop
  endfacet
  facet normal 0.831509 0.555512 0
    outer loop
      vertex 32.0999 -62.9 5.72205e-07
      vertex 32.4632 -63.4438 0.6
      vertex 32.4632 -63.4438 5.72205e-07
    endloop
  endfacet
  facet normal 0.89686 -0.442314 0
    outer loop
      vertex 31.8106 -58.4866 0.6
      vertex 32.0999 -57.9 5.72205e-07
      vertex 32.0999 -57.9 0.6
    endloop
  endfacet
  facet normal 0.89686 -0.442314 0
    outer loop
      vertex 32.0999 -57.9 5.72205e-07
      vertex 31.8106 -58.4866 0.6
      vertex 31.8106 -58.4866 5.72205e-07
    endloop
  endfacet
  facet normal -0.946941 -0.321407 0
    outer loop
      vertex 41.2596 -59.1059 5.72205e-07
      vertex 41.0494 -58.4866 0.6
      vertex 41.0494 -58.4866 5.72205e-07
    endloop
  endfacet
  facet normal -0.946941 -0.321407 0
    outer loop
      vertex 41.0494 -58.4866 0.6
      vertex 41.2596 -59.1059 5.72205e-07
      vertex 41.2596 -59.1059 0.6
    endloop
  endfacet
  facet normal -0.659424 -0.751771 0
    outer loop
      vertex 39.4738 -56.4332 5.72205e-07
      vertex 39.9655 -56.8645 0.6
      vertex 39.4738 -56.4332 0.6
    endloop
  endfacet
  facet normal -0.659424 -0.751771 -0
    outer loop
      vertex 39.9655 -56.8645 0.6
      vertex 39.4738 -56.4332 5.72205e-07
      vertex 39.9655 -56.8645 5.72205e-07
    endloop
  endfacet
  facet normal -0.751771 0.659424 0
    outer loop
      vertex 39.9655 -63.9355 5.72205e-07
      vertex 40.3968 -63.4438 0.6
      vertex 40.3968 -63.4438 5.72205e-07
    endloop
  endfacet
  facet normal -0.751771 0.659424 0
    outer loop
      vertex 40.3968 -63.4438 0.6
      vertex 39.9655 -63.9355 5.72205e-07
      vertex 39.9655 -63.9355 0.6
    endloop
  endfacet
  facet normal -0.442314 0.89686 0
    outer loop
      vertex 38.93 -64.7301 5.72205e-07
      vertex 38.3434 -65.0194 0.6
      vertex 38.93 -64.7301 0.6
    endloop
  endfacet
  facet normal -0.442314 0.89686 0
    outer loop
      vertex 38.3434 -65.0194 0.6
      vertex 38.93 -64.7301 5.72205e-07
      vertex 38.3434 -65.0194 5.72205e-07
    endloop
  endfacet
  facet normal -0.997856 -0.0654432 0
    outer loop
      vertex 41.43 -60.4 5.72205e-07
      vertex 41.3872 -59.7474 0.6
      vertex 41.3872 -59.7474 5.72205e-07
    endloop
  endfacet
  facet normal -0.997856 -0.0654432 0
    outer loop
      vertex 41.3872 -59.7474 0.6
      vertex 41.43 -60.4 5.72205e-07
      vertex 41.43 -60.4 0.6
    endloop
  endfacet
  facet normal 0.946941 -0.321407 0
    outer loop
      vertex 31.6004 -59.1059 0.6
      vertex 31.8106 -58.4866 5.72205e-07
      vertex 31.8106 -58.4866 0.6
    endloop
  endfacet
  facet normal 0.946941 -0.321407 0
    outer loop
      vertex 31.8106 -58.4866 5.72205e-07
      vertex 31.6004 -59.1059 0.6
      vertex 31.6004 -59.1059 5.72205e-07
    endloop
  endfacet
  facet normal -0.555512 0.831509 0
    outer loop
      vertex 39.4738 -64.3668 5.72205e-07
      vertex 38.93 -64.7301 0.6
      vertex 39.4738 -64.3668 0.6
    endloop
  endfacet
  facet normal -0.555512 0.831509 0
    outer loop
      vertex 38.93 -64.7301 0.6
      vertex 39.4738 -64.3668 5.72205e-07
      vertex 38.93 -64.7301 5.72205e-07
    endloop
  endfacet
  facet normal 0.442314 0.89686 -0
    outer loop
      vertex 34.5166 -65.0194 5.72205e-07
      vertex 33.93 -64.7301 0.6
      vertex 34.5166 -65.0194 0.6
    endloop
  endfacet
  facet normal 0.442314 0.89686 0
    outer loop
      vertex 33.93 -64.7301 0.6
      vertex 34.5166 -65.0194 5.72205e-07
      vertex 33.93 -64.7301 5.72205e-07
    endloop
  endfacet
  facet normal 0.195087 0.980786 -0
    outer loop
      vertex 35.7774 -65.3572 5.72205e-07
      vertex 35.1359 -65.2296 0.6
      vertex 35.7774 -65.3572 0.6
    endloop
  endfacet
  facet normal 0.195087 0.980786 0
    outer loop
      vertex 35.1359 -65.2296 0.6
      vertex 35.7774 -65.3572 5.72205e-07
      vertex 35.1359 -65.2296 5.72205e-07
    endloop
  endfacet
  facet normal -0.831509 0.555512 0
    outer loop
      vertex 40.3968 -63.4438 5.72205e-07
      vertex 40.7601 -62.9 0.6
      vertex 40.7601 -62.9 5.72205e-07
    endloop
  endfacet
  facet normal -0.831509 0.555512 0
    outer loop
      vertex 40.7601 -62.9 0.6
      vertex 40.3968 -63.4438 5.72205e-07
      vertex 40.3968 -63.4438 0.6
    endloop
  endfacet
  facet normal -0.89686 0.442314 0
    outer loop
      vertex 40.7601 -62.9 5.72205e-07
      vertex 41.0494 -62.3134 0.6
      vertex 41.0494 -62.3134 5.72205e-07
    endloop
  endfacet
  facet normal -0.89686 0.442314 0
    outer loop
      vertex 41.0494 -62.3134 0.6
      vertex 40.7601 -62.9 5.72205e-07
      vertex 40.7601 -62.9 0.6
    endloop
  endfacet
  facet normal -0.195087 -0.980786 0
    outer loop
      vertex 37.0826 -55.4428 5.72205e-07
      vertex 37.7241 -55.5704 0.6
      vertex 37.0826 -55.4428 0.6
    endloop
  endfacet
  facet normal -0.195087 -0.980786 -0
    outer loop
      vertex 37.7241 -55.5704 0.6
      vertex 37.0826 -55.4428 5.72205e-07
      vertex 37.7241 -55.5704 5.72205e-07
    endloop
  endfacet
  facet normal -0.831509 -0.555512 0
    outer loop
      vertex 40.7601 -57.9 5.72205e-07
      vertex 40.3968 -57.3562 0.6
      vertex 40.3968 -57.3562 5.72205e-07
    endloop
  endfacet
  facet normal -0.831509 -0.555512 0
    outer loop
      vertex 40.3968 -57.3562 0.6
      vertex 40.7601 -57.9 5.72205e-07
      vertex 40.7601 -57.9 0.6
    endloop
  endfacet
  facet normal 0.555512 0.831509 -0
    outer loop
      vertex 33.93 -64.7301 5.72205e-07
      vertex 33.3862 -64.3668 0.6
      vertex 33.93 -64.7301 0.6
    endloop
  endfacet
  facet normal 0.555512 0.831509 0
    outer loop
      vertex 33.3862 -64.3668 0.6
      vertex 33.93 -64.7301 5.72205e-07
      vertex 33.3862 -64.3668 5.72205e-07
    endloop
  endfacet
  facet normal -0.751771 -0.659424 0
    outer loop
      vertex 40.3968 -57.3562 5.72205e-07
      vertex 39.9655 -56.8645 0.6
      vertex 39.9655 -56.8645 5.72205e-07
    endloop
  endfacet
  facet normal -0.751771 -0.659424 0
    outer loop
      vertex 39.9655 -56.8645 0.6
      vertex 40.3968 -57.3562 5.72205e-07
      vertex 40.3968 -57.3562 0.6
    endloop
  endfacet
  facet normal 0.831509 -0.555512 0
    outer loop
      vertex 32.0999 -57.9 0.6
      vertex 32.4632 -57.3562 5.72205e-07
      vertex 32.4632 -57.3562 0.6
    endloop
  endfacet
  facet normal 0.831509 -0.555512 0
    outer loop
      vertex 32.4632 -57.3562 5.72205e-07
      vertex 32.0999 -57.9 0.6
      vertex 32.0999 -57.9 5.72205e-07
    endloop
  endfacet
  facet normal 0 0 -1
    outer loop
      vertex 37.43 -60.4 0.6
      vertex 41.43 -60.4 0.6
      vertex 41.3872 -61.0526 0.6
    endloop
  endfacet
  facet normal 0 0 -1
    outer loop
      vertex 37.3959 -60.6588 0.6
      vertex 41.3872 -61.0526 0.6
      vertex 41.2596 -61.6941 0.6
    endloop
  endfacet
  facet normal 0 0 -1
    outer loop
      vertex 41.43 -60.4 0.6
      vertex 37.43 -60.4 0.6
      vertex 41.3872 -59.7474 0.6
    endloop
  endfacet
  facet normal 0 0 -1
    outer loop
      vertex 37.3959 -60.6588 0.6
      vertex 41.2596 -61.6941 0.6
      vertex 41.0494 -62.3134 0.6
    endloop
  endfacet
  facet normal 0 0 -1
    outer loop
      vertex 37.3959 -60.1412 0.6
      vertex 41.3872 -59.7474 0.6
      vertex 37.43 -60.4 0.6
    endloop
  endfacet
  facet normal 0 0 -1
    outer loop
      vertex 37.296 -60.9 0.6
      vertex 41.0494 -62.3134 0.6
      vertex 40.7601 -62.9 0.6
    endloop
  endfacet
  facet normal -0 0 -1
    outer loop
      vertex 41.3872 -59.7474 0.6
      vertex 37.3959 -60.1412 0.6
      vertex 41.2596 -59.1059 0.6
    endloop
  endfacet
  facet normal 0 0 -1
    outer loop
      vertex 37.296 -60.9 0.6
      vertex 40.7601 -62.9 0.6
      vertex 40.3968 -63.4438 0.6
    endloop
  endfacet
  facet normal -0 0 -1
    outer loop
      vertex 41.2596 -59.1059 0.6
      vertex 37.3959 -60.1412 0.6
      vertex 41.0494 -58.4866 0.6
    endloop
  endfacet
  facet normal 0 0 -1
    outer loop
      vertex 37.1371 -61.1071 0.6
      vertex 40.3968 -63.4438 0.6
      vertex 39.9655 -63.9355 0.6
    endloop
  endfacet
  facet normal 0 0 -1
    outer loop
      vertex 37.296 -59.9 0.6
      vertex 41.0494 -58.4866 0.6
      vertex 37.3959 -60.1412 0.6
    endloop
  endfacet
  facet normal 0 0 -1
    outer loop
      vertex 37.1371 -61.1071 0.6
      vertex 39.9655 -63.9355 0.6
      vertex 39.4738 -64.3668 0.6
    endloop
  endfacet
  facet normal -0 0 -1
    outer loop
      vertex 41.0494 -58.4866 0.6
      vertex 37.296 -59.9 0.6
      vertex 40.7601 -57.9 0.6
    endloop
  endfacet
  facet normal 0 0 -1
    outer loop
      vertex 36.93 -61.266 0.6
      vertex 39.4738 -64.3668 0.6
      vertex 38.93 -64.7301 0.6
    endloop
  endfacet
  facet normal -0 0 -1
    outer loop
      vertex 40.7601 -57.9 0.6
      vertex 37.296 -59.9 0.6
      vertex 40.3968 -57.3562 0.6
    endloop
  endfacet
  facet normal 0 0 -1
    outer loop
      vertex 36.93 -61.266 0.6
      vertex 38.93 -64.7301 0.6
      vertex 38.3434 -65.0194 0.6
    endloop
  endfacet
  facet normal 0 0 -1
    outer loop
      vertex 37.1371 -59.6929 0.6
      vertex 40.3968 -57.3562 0.6
      vertex 37.296 -59.9 0.6
    endloop
  endfacet
  facet normal 0 0 -1
    outer loop
      vertex 36.6888 -61.3659 0.6
      vertex 38.3434 -65.0194 0.6
      vertex 37.7241 -65.2296 0.6
    endloop
  endfacet
  facet normal -0 0 -1
    outer loop
      vertex 40.3968 -57.3562 0.6
      vertex 37.1371 -59.6929 0.6
      vertex 39.9655 -56.8645 0.6
    endloop
  endfacet
  facet normal -0 0 -1
    outer loop
      vertex 39.9655 -56.8645 0.6
      vertex 37.1371 -59.6929 0.6
      vertex 39.4738 -56.4332 0.6
    endloop
  endfacet
  facet normal 0 0 -1
    outer loop
      vertex 41.3872 -61.0526 0.6
      vertex 37.3959 -60.6588 0.6
      vertex 37.43 -60.4 0.6
    endloop
  endfacet
  facet normal 0 0 -1
    outer loop
      vertex 41.0494 -62.3134 0.6
      vertex 37.296 -60.9 0.6
      vertex 37.3959 -60.6588 0.6
    endloop
  endfacet
  facet normal 0 0 -1
    outer loop
      vertex 40.3968 -63.4438 0.6
      vertex 37.1371 -61.1071 0.6
      vertex 37.296 -60.9 0.6
    endloop
  endfacet
  facet normal 0 0 -1
    outer loop
      vertex 36.6888 -61.3659 0.6
      vertex 37.7241 -65.2296 0.6
      vertex 37.0826 -65.3572 0.6
    endloop
  endfacet
  facet normal 0 0 -1
    outer loop
      vertex 39.4738 -64.3668 0.6
      vertex 36.93 -61.266 0.6
      vertex 37.1371 -61.1071 0.6
    endloop
  endfacet
  facet normal 0 0 -1
    outer loop
      vertex 38.3434 -65.0194 0.6
      vertex 36.6888 -61.3659 0.6
      vertex 36.93 -61.266 0.6
    endloop
  endfacet
  facet normal 0 0 -1
    outer loop
      vertex 36.43 -61.4 0.6
      vertex 37.0826 -65.3572 0.6
      vertex 36.43 -65.4 0.6
    endloop
  endfacet
  facet normal 0 0 -1
    outer loop
      vertex 37.0826 -65.3572 0.6
      vertex 36.43 -61.4 0.6
      vertex 36.6888 -61.3659 0.6
    endloop
  endfacet
  facet normal 0 0 -1
    outer loop
      vertex 35.7774 -65.3572 0.6
      vertex 36.43 -61.4 0.6
      vertex 36.43 -65.4 0.6
    endloop
  endfacet
  facet normal -0 0 -1
    outer loop
      vertex 36.43 -61.4 0.6
      vertex 35.7774 -65.3572 0.6
      vertex 36.1712 -61.3659 0.6
    endloop
  endfacet
  facet normal 0 0 -1
    outer loop
      vertex 35.1359 -65.2296 0.6
      vertex 36.1712 -61.3659 0.6
      vertex 35.7774 -65.3572 0.6
    endloop
  endfacet
  facet normal 0 0 -1
    outer loop
      vertex 34.5166 -65.0194 0.6
      vertex 36.1712 -61.3659 0.6
      vertex 35.1359 -65.2296 0.6
    endloop
  endfacet
  facet normal -0 0 -1
    outer loop
      vertex 36.1712 -61.3659 0.6
      vertex 34.5166 -65.0194 0.6
      vertex 35.93 -61.266 0.6
    endloop
  endfacet
  facet normal 0 0 -1
    outer loop
      vertex 33.93 -64.7301 0.6
      vertex 35.93 -61.266 0.6
      vertex 34.5166 -65.0194 0.6
    endloop
  endfacet
  facet normal 0 0 -1
    outer loop
      vertex 33.3862 -64.3668 0.6
      vertex 35.93 -61.266 0.6
      vertex 33.93 -64.7301 0.6
    endloop
  endfacet
  facet normal -0 0 -1
    outer loop
      vertex 35.93 -61.266 0.6
      vertex 33.3862 -64.3668 0.6
      vertex 35.7229 -61.1071 0.6
    endloop
  endfacet
  facet normal 0 0 -1
    outer loop
      vertex 36.93 -59.534 0.6
      vertex 39.4738 -56.4332 0.6
      vertex 37.1371 -59.6929 0.6
    endloop
  endfacet
  facet normal -0 0 -1
    outer loop
      vertex 39.4738 -56.4332 0.6
      vertex 36.93 -59.534 0.6
      vertex 38.93 -56.0699 0.6
    endloop
  endfacet
  facet normal -0 0 -1
    outer loop
      vertex 38.93 -56.0699 0.6
      vertex 36.93 -59.534 0.6
      vertex 38.3434 -55.7806 0.6
    endloop
  endfacet
  facet normal 0 0 -1
    outer loop
      vertex 36.6888 -59.4341 0.6
      vertex 38.3434 -55.7806 0.6
      vertex 36.93 -59.534 0.6
    endloop
  endfacet
  facet normal -0 0 -1
    outer loop
      vertex 38.3434 -55.7806 0.6
      vertex 36.6888 -59.4341 0.6
      vertex 37.7241 -55.5704 0.6
    endloop
  endfacet
  facet normal -0 0 -1
    outer loop
      vertex 37.7241 -55.5704 0.6
      vertex 36.6888 -59.4341 0.6
      vertex 37.0826 -55.4428 0.6
    endloop
  endfacet
  facet normal 0 0 -1
    outer loop
      vertex 36.43 -59.4 0.6
      vertex 37.0826 -55.4428 0.6
      vertex 36.6888 -59.4341 0.6
    endloop
  endfacet
  facet normal 0 0 -1
    outer loop
      vertex 36.43 -59.4 0.6
      vertex 36.43 -55.4 0.6
      vertex 37.0826 -55.4428 0.6
    endloop
  endfacet
  facet normal 0 0 -1
    outer loop
      vertex 35.7774 -55.4428 0.6
      vertex 36.43 -59.4 0.6
      vertex 36.1712 -59.4341 0.6
    endloop
  endfacet
  facet normal 0 0 -1
    outer loop
      vertex 34.5166 -55.7806 0.6
      vertex 36.1712 -59.4341 0.6
      vertex 35.93 -59.534 0.6
    endloop
  endfacet
  facet normal 0 0 -1
    outer loop
      vertex 36.43 -59.4 0.6
      vertex 35.7774 -55.4428 0.6
      vertex 36.43 -55.4 0.6
    endloop
  endfacet
  facet normal 0 0 -1
    outer loop
      vertex 33.3862 -56.4332 0.6
      vertex 35.93 -59.534 0.6
      vertex 35.7229 -59.6929 0.6
    endloop
  endfacet
  facet normal 0 0 -1
    outer loop
      vertex 32.4632 -57.3562 0.6
      vertex 35.7229 -59.6929 0.6
      vertex 35.564 -59.9 0.6
    endloop
  endfacet
  facet normal 0 0 -1
    outer loop
      vertex 31.8106 -58.4866 0.6
      vertex 35.564 -59.9 0.6
      vertex 35.4641 -60.1412 0.6
    endloop
  endfacet
  facet normal 0 0 -1
    outer loop
      vertex 31.4728 -59.7474 0.6
      vertex 35.4641 -60.1412 0.6
      vertex 35.43 -60.4 0.6
    endloop
  endfacet
  facet normal 0 0 -1
    outer loop
      vertex 36.1712 -59.4341 0.6
      vertex 35.1359 -55.5704 0.6
      vertex 35.7774 -55.4428 0.6
    endloop
  endfacet
  facet normal 0 0 -1
    outer loop
      vertex 32.8945 -63.9355 0.6
      vertex 35.7229 -61.1071 0.6
      vertex 33.3862 -64.3668 0.6
    endloop
  endfacet
  facet normal 0 0 -1
    outer loop
      vertex 32.4632 -63.4438 0.6
      vertex 35.7229 -61.1071 0.6
      vertex 32.8945 -63.9355 0.6
    endloop
  endfacet
  facet normal 0 0 -1
    outer loop
      vertex 36.1712 -59.4341 0.6
      vertex 34.5166 -55.7806 0.6
      vertex 35.1359 -55.5704 0.6
    endloop
  endfacet
  facet normal -0 0 -1
    outer loop
      vertex 35.7229 -61.1071 0.6
      vertex 32.4632 -63.4438 0.6
      vertex 35.564 -60.9 0.6
    endloop
  endfacet
  facet normal 0 0 -1
    outer loop
      vertex 35.93 -59.534 0.6
      vertex 33.93 -56.0699 0.6
      vertex 34.5166 -55.7806 0.6
    endloop
  endfacet
  facet normal 0 0 -1
    outer loop
      vertex 32.0999 -62.9 0.6
      vertex 35.564 -60.9 0.6
      vertex 32.4632 -63.4438 0.6
    endloop
  endfacet
  facet normal 0 0 -1
    outer loop
      vertex 35.93 -59.534 0.6
      vertex 33.3862 -56.4332 0.6
      vertex 33.93 -56.0699 0.6
    endloop
  endfacet
  facet normal 0 0 -1
    outer loop
      vertex 31.8106 -62.3134 0.6
      vertex 35.564 -60.9 0.6
      vertex 32.0999 -62.9 0.6
    endloop
  endfacet
  facet normal 0 0 -1
    outer loop
      vertex 35.7229 -59.6929 0.6
      vertex 32.8945 -56.8645 0.6
      vertex 33.3862 -56.4332 0.6
    endloop
  endfacet
  facet normal -0 0 -1
    outer loop
      vertex 35.564 -60.9 0.6
      vertex 31.8106 -62.3134 0.6
      vertex 35.4641 -60.6588 0.6
    endloop
  endfacet
  facet normal 0 0 -1
    outer loop
      vertex 35.7229 -59.6929 0.6
      vertex 32.4632 -57.3562 0.6
      vertex 32.8945 -56.8645 0.6
    endloop
  endfacet
  facet normal 0 0 -1
    outer loop
      vertex 31.6004 -61.6941 0.6
      vertex 35.4641 -60.6588 0.6
      vertex 31.8106 -62.3134 0.6
    endloop
  endfacet
  facet normal 0 0 -1
    outer loop
      vertex 35.564 -59.9 0.6
      vertex 32.0999 -57.9 0.6
      vertex 32.4632 -57.3562 0.6
    endloop
  endfacet
  facet normal 0 0 -1
    outer loop
      vertex 31.4728 -61.0526 0.6
      vertex 35.4641 -60.6588 0.6
      vertex 31.6004 -61.6941 0.6
    endloop
  endfacet
  facet normal 0 0 -1
    outer loop
      vertex 35.564 -59.9 0.6
      vertex 31.8106 -58.4866 0.6
      vertex 32.0999 -57.9 0.6
    endloop
  endfacet
  facet normal -0 0 -1
    outer loop
      vertex 35.4641 -60.6588 0.6
      vertex 31.4728 -61.0526 0.6
      vertex 35.43 -60.4 0.6
    endloop
  endfacet
  facet normal 0 0 -1
    outer loop
      vertex 35.4641 -60.1412 0.6
      vertex 31.6004 -59.1059 0.6
      vertex 31.8106 -58.4866 0.6
    endloop
  endfacet
  facet normal 0 0 -1
    outer loop
      vertex 31.43 -60.4 0.6
      vertex 35.43 -60.4 0.6
      vertex 31.4728 -61.0526 0.6
    endloop
  endfacet
  facet normal 0 0 -1
    outer loop
      vertex 35.4641 -60.1412 0.6
      vertex 31.4728 -59.7474 0.6
      vertex 31.6004 -59.1059 0.6
    endloop
  endfacet
  facet normal 0 0 -1
    outer loop
      vertex 35.43 -60.4 0.6
      vertex 31.43 -60.4 0.6
      vertex 31.4728 -59.7474 0.6
    endloop
  endfacet
  facet normal 0.321407 -0.946941 0
    outer loop
      vertex 34.5166 -55.7806 5.72205e-07
      vertex 35.1359 -55.5704 0.6
      vertex 34.5166 -55.7806 0.6
    endloop
  endfacet
  facet normal 0.321407 -0.946941 0
    outer loop
      vertex 35.1359 -55.5704 0.6
      vertex 34.5166 -55.7806 5.72205e-07
      vertex 35.1359 -55.5704 5.72205e-07
    endloop
  endfacet
  facet normal 0.321407 0.946941 -0
    outer loop
      vertex 35.1359 -65.2296 5.72205e-07
      vertex 34.5166 -65.0194 0.6
      vertex 35.1359 -65.2296 0.6
    endloop
  endfacet
  facet normal 0.321407 0.946941 0
    outer loop
      vertex 34.5166 -65.0194 0.6
      vertex 35.1359 -65.2296 5.72205e-07
      vertex 34.5166 -65.0194 5.72205e-07
    endloop
  endfacet
  facet normal 0.195087 -0.980786 0
    outer loop
      vertex 35.1359 -55.5704 5.72205e-07
      vertex 35.7774 -55.4428 0.6
      vertex 35.1359 -55.5704 0.6
    endloop
  endfacet
  facet normal 0.195087 -0.980786 0
    outer loop
      vertex 35.7774 -55.4428 0.6
      vertex 35.1359 -55.5704 5.72205e-07
      vertex 35.7774 -55.4428 5.72205e-07
    endloop
  endfacet
  facet normal 0.997856 -0.0654432 0
    outer loop
      vertex 31.43 -60.4 0.6
      vertex 31.4728 -59.7474 5.72205e-07
      vertex 31.4728 -59.7474 0.6
    endloop
  endfacet
  facet normal 0.997856 -0.0654432 0
    outer loop
      vertex 31.4728 -59.7474 5.72205e-07
      vertex 31.43 -60.4 0.6
      vertex 31.43 -60.4 5.72205e-07
    endloop
  endfacet
  facet normal -0.659424 0.751771 0
    outer loop
      vertex 39.9655 -63.9355 5.72205e-07
      vertex 39.4738 -64.3668 0.6
      vertex 39.9655 -63.9355 0.6
    endloop
  endfacet
  facet normal -0.659424 0.751771 0
    outer loop
      vertex 39.4738 -64.3668 0.6
      vertex 39.9655 -63.9355 5.72205e-07
      vertex 39.4738 -64.3668 5.72205e-07
    endloop
  endfacet
  facet normal -0.980786 -0.195087 0
    outer loop
      vertex 41.3872 -59.7474 5.72205e-07
      vertex 41.2596 -59.1059 0.6
      vertex 41.2596 -59.1059 5.72205e-07
    endloop
  endfacet
  facet normal -0.980786 -0.195087 0
    outer loop
      vertex 41.2596 -59.1059 0.6
      vertex 41.3872 -59.7474 5.72205e-07
      vertex 41.3872 -59.7474 0.6
    endloop
  endfacet
  facet normal -0.89686 -0.442314 0
    outer loop
      vertex 41.0494 -58.4866 5.72205e-07
      vertex 40.7601 -57.9 0.6
      vertex 40.7601 -57.9 5.72205e-07
    endloop
  endfacet
  facet normal -0.89686 -0.442314 0
    outer loop
      vertex 40.7601 -57.9 0.6
      vertex 41.0494 -58.4866 5.72205e-07
      vertex 41.0494 -58.4866 0.6
    endloop
  endfacet
  facet normal -0.442314 -0.89686 0
    outer loop
      vertex 38.3434 -55.7806 5.72205e-07
      vertex 38.93 -56.0699 0.6
      vertex 38.3434 -55.7806 0.6
    endloop
  endfacet
  facet normal -0.442314 -0.89686 -0
    outer loop
      vertex 38.93 -56.0699 0.6
      vertex 38.3434 -55.7806 5.72205e-07
      vertex 38.93 -56.0699 5.72205e-07
    endloop
  endfacet
  facet normal 0.946941 0.321407 0
    outer loop
      vertex 31.8106 -62.3134 0.6
      vertex 31.6004 -61.6941 5.72205e-07
      vertex 31.6004 -61.6941 0.6
    endloop
  endfacet
  facet normal 0.946941 0.321407 0
    outer loop
      vertex 31.6004 -61.6941 5.72205e-07
      vertex 31.8106 -62.3134 0.6
      vertex 31.8106 -62.3134 5.72205e-07
    endloop
  endfacet
  facet normal 0.89686 0.442314 0
    outer loop
      vertex 32.0999 -62.9 0.6
      vertex 31.8106 -62.3134 5.72205e-07
      vertex 31.8106 -62.3134 0.6
    endloop
  endfacet
  facet normal 0.89686 0.442314 0
    outer loop
      vertex 31.8106 -62.3134 5.72205e-07
      vertex 32.0999 -62.9 0.6
      vertex 32.0999 -62.9 5.72205e-07
    endloop
  endfacet
  facet normal 0.0654432 0.997856 -0
    outer loop
      vertex 36.43 -65.4 5.72205e-07
      vertex 35.7774 -65.3572 0.6
      vertex 36.43 -65.4 0.6
    endloop
  endfacet
  facet normal 0.0654432 0.997856 0
    outer loop
      vertex 35.7774 -65.3572 0.6
      vertex 36.43 -65.4 5.72205e-07
      vertex 35.7774 -65.3572 5.72205e-07
    endloop
  endfacet
  facet normal 0.659424 0.751771 -0
    outer loop
      vertex 33.3862 -64.3668 5.72205e-07
      vertex 32.8945 -63.9355 0.6
      vertex 33.3862 -64.3668 0.6
    endloop
  endfacet
  facet normal 0.659424 0.751771 0
    outer loop
      vertex 32.8945 -63.9355 0.6
      vertex 33.3862 -64.3668 5.72205e-07
      vertex 32.8945 -63.9355 5.72205e-07
    endloop
  endfacet
  facet normal 0.659424 -0.751771 0
    outer loop
      vertex 32.8945 -56.8645 5.72205e-07
      vertex 33.3862 -56.4332 0.6
      vertex 32.8945 -56.8645 0.6
    endloop
  endfacet
  facet normal 0.659424 -0.751771 0
    outer loop
      vertex 33.3862 -56.4332 0.6
      vertex 32.8945 -56.8645 5.72205e-07
      vertex 33.3862 -56.4332 5.72205e-07
    endloop
  endfacet
  facet normal 0.751771 -0.659424 0
    outer loop
      vertex 32.4632 -57.3562 0.6
      vertex 32.8945 -56.8645 5.72205e-07
      vertex 32.8945 -56.8645 0.6
    endloop
  endfacet
  facet normal 0.751771 -0.659424 0
    outer loop
      vertex 32.8945 -56.8645 5.72205e-07
      vertex 32.4632 -57.3562 0.6
      vertex 32.4632 -57.3562 5.72205e-07
    endloop
  endfacet
  facet normal -0.555512 -0.831509 0
    outer loop
      vertex 38.93 -56.0699 5.72205e-07
      vertex 39.4738 -56.4332 0.6
      vertex 38.93 -56.0699 0.6
    endloop
  endfacet
  facet normal -0.555512 -0.831509 -0
    outer loop
      vertex 39.4738 -56.4332 0.6
      vertex 38.93 -56.0699 5.72205e-07
      vertex 39.4738 -56.4332 5.72205e-07
    endloop
  endfacet
  facet normal -0.0654432 -0.997856 0
    outer loop
      vertex 36.43 -55.4 5.72205e-07
      vertex 37.0826 -55.4428 0.6
      vertex 36.43 -55.4 0.6
    endloop
  endfacet
  facet normal -0.0654432 -0.997856 -0
    outer loop
      vertex 37.0826 -55.4428 0.6
      vertex 36.43 -55.4 5.72205e-07
      vertex 37.0826 -55.4428 5.72205e-07
    endloop
  endfacet
  facet normal 0.997856 0.0654432 0
    outer loop
      vertex 31.4728 -61.0526 0.6
      vertex 31.43 -60.4 5.72205e-07
      vertex 31.43 -60.4 0.6
    endloop
  endfacet
  facet normal 0.997856 0.0654432 0
    outer loop
      vertex 31.43 -60.4 5.72205e-07
      vertex 31.4728 -61.0526 0.6
      vertex 31.4728 -61.0526 5.72205e-07
    endloop
  endfacet
  facet normal 0.980786 0.195087 0
    outer loop
      vertex 31.6004 -61.6941 0.6
      vertex 31.4728 -61.0526 5.72205e-07
      vertex 31.4728 -61.0526 0.6
    endloop
  endfacet
  facet normal 0.980786 0.195087 0
    outer loop
      vertex 31.4728 -61.0526 5.72205e-07
      vertex 31.6004 -61.6941 0.6
      vertex 31.6004 -61.6941 5.72205e-07
    endloop
  endfacet
  facet normal -0.0654432 0.997856 0
    outer loop
      vertex 37.0826 -65.3572 5.72205e-07
      vertex 36.43 -65.4 0.6
      vertex 37.0826 -65.3572 0.6
    endloop
  endfacet
  facet normal -0.0654432 0.997856 0
    outer loop
      vertex 36.43 -65.4 0.6
      vertex 37.0826 -65.3572 5.72205e-07
      vertex 36.43 -65.4 5.72205e-07
    endloop
  endfacet
  facet normal 0.0654432 -0.997856 0
    outer loop
      vertex 35.7774 -55.4428 5.72205e-07
      vertex 36.43 -55.4 0.6
      vertex 35.7774 -55.4428 0.6
    endloop
  endfacet
  facet normal 0.0654432 -0.997856 0
    outer loop
      vertex 36.43 -55.4 0.6
      vertex 35.7774 -55.4428 5.72205e-07
      vertex 36.43 -55.4 5.72205e-07
    endloop
  endfacet
  facet normal 0.442314 -0.89686 0
    outer loop
      vertex 33.93 -56.0699 5.72205e-07
      vertex 34.5166 -55.7806 0.6
      vertex 33.93 -56.0699 0.6
    endloop
  endfacet
  facet normal 0.442314 -0.89686 0
    outer loop
      vertex 34.5166 -55.7806 0.6
      vertex 33.93 -56.0699 5.72205e-07
      vertex 34.5166 -55.7806 5.72205e-07
    endloop
  endfacet
  facet normal 0.555512 -0.831509 0
    outer loop
      vertex 33.3862 -56.4332 5.72205e-07
      vertex 33.93 -56.0699 0.6
      vertex 33.3862 -56.4332 0.6
    endloop
  endfacet
  facet normal 0.555512 -0.831509 0
    outer loop
      vertex 33.93 -56.0699 0.6
      vertex 33.3862 -56.4332 5.72205e-07
      vertex 33.93 -56.0699 5.72205e-07
    endloop
  endfacet
  facet normal 0.751771 0.659424 0
    outer loop
      vertex 32.8945 -63.9355 0.6
      vertex 32.4632 -63.4438 5.72205e-07
      vertex 32.4632 -63.4438 0.6
    endloop
  endfacet
  facet normal 0.751771 0.659424 0
    outer loop
      vertex 32.4632 -63.4438 5.72205e-07
      vertex 32.8945 -63.9355 0.6
      vertex 32.8945 -63.9355 5.72205e-07
    endloop
  endfacet
  facet normal -1 0 0
    outer loop
      vertex 18.3 2.5 5.72205e-07
      vertex 18.3 0.149994 2
      vertex 18.3 2.5 2
    endloop
  endfacet
  facet normal -1 0 0
    outer loop
      vertex 18.3 -0.5 5.72205e-07
      vertex 18.3 0.149994 2
      vertex 18.3 2.5 5.72205e-07
    endloop
  endfacet
  facet normal -1 0 0
    outer loop
      vertex 18.3 -0.5 5
      vertex 18.3 0.149994 2
      vertex 18.3 -0.5 5.72205e-07
    endloop
  endfacet
  facet normal -1 0 0
    outer loop
      vertex 18.3 0.149994 2
      vertex 18.3 -0.5 5
      vertex 18.3 0.149994 5
    endloop
  endfacet
  facet normal 1 -0 0
    outer loop
      vertex 6.3 0.149994 2
      vertex 6.3 2.5 5.72205e-07
      vertex 6.3 2.5 2
    endloop
  endfacet
  facet normal 1 0 0
    outer loop
      vertex 6.3 0.149994 2
      vertex 6.3 -0.5 5.72205e-07
      vertex 6.3 2.5 5.72205e-07
    endloop
  endfacet
  facet normal 1 0 0
    outer loop
      vertex 6.3 -0.5 5.72205e-07
      vertex 6.3 0.149994 2
      vertex 6.3 -0.5 5
    endloop
  endfacet
  facet normal 1 0 0
    outer loop
      vertex 6.3 0.149994 5
      vertex 6.3 -0.5 5
      vertex 6.3 0.149994 2
    endloop
  endfacet
  facet normal 0 1 -0
    outer loop
      vertex 18.3 -0.5 5.72205e-07
      vertex 6.3 -0.5 5
      vertex 18.3 -0.5 5
    endloop
  endfacet
  facet normal 0 1 0
    outer loop
      vertex 6.3 -0.5 5
      vertex 18.3 -0.5 5.72205e-07
      vertex 6.3 -0.5 5.72205e-07
    endloop
  endfacet
  facet normal -0.321421 -0.946936 0
    outer loop
      vertex 37.0123 -30.2867 5.72205e-07
      vertex 37.291 -30.3813 2
      vertex 37.0123 -30.2867 2
    endloop
  endfacet
  facet normal -0.321421 -0.946936 -0
    outer loop
      vertex 37.291 -30.3813 2
      vertex 37.0123 -30.2867 5.72205e-07
      vertex 37.291 -30.3813 5.72205e-07
    endloop
  endfacet
  facet normal -0.980724 0.195397 0
    outer loop
      vertex 38.6033 -33.0423 5.72205e-07
      vertex 38.6608 -32.7537 2
      vertex 38.6608 -32.7537 5.72205e-07
    endloop
  endfacet
  facet normal -0.980724 0.195397 0
    outer loop
      vertex 38.6608 -32.7537 2
      vertex 38.6033 -33.0423 5.72205e-07
      vertex 38.6033 -33.0423 2
    endloop
  endfacet
  facet normal -0.99787 0.0652336 0
    outer loop
      vertex 38.6608 -32.7537 5.72205e-07
      vertex 38.68 -32.46 2
      vertex 38.68 -32.46 5.72205e-07
    endloop
  endfacet
  facet normal -0.99787 0.0652336 0
    outer loop
      vertex 38.68 -32.46 2
      vertex 38.6608 -32.7537 5.72205e-07
      vertex 38.6608 -32.7537 2
    endloop
  endfacet
  facet normal 0.195397 -0.980724 0
    outer loop
      vertex 35.8477 -30.2867 5.72205e-07
      vertex 36.1363 -30.2292 2
      vertex 35.8477 -30.2867 2
    endloop
  endfacet
  facet normal 0.195397 -0.980724 0
    outer loop
      vertex 36.1363 -30.2292 2
      vertex 35.8477 -30.2867 5.72205e-07
      vertex 36.1363 -30.2292 5.72205e-07
    endloop
  endfacet
  facet normal -0.831318 -0.555797 0
    outer loop
      vertex 38.3786 -31.335 5.72205e-07
      vertex 38.215 -31.0903 2
      vertex 38.215 -31.0903 5.72205e-07
    endloop
  endfacet
  facet normal -0.831318 -0.555797 0
    outer loop
      vertex 38.215 -31.0903 2
      vertex 38.3786 -31.335 5.72205e-07
      vertex 38.3786 -31.335 2
    endloop
  endfacet
  facet normal -0.99787 -0.0652336 0
    outer loop
      vertex 38.68 -32.46 5.72205e-07
      vertex 38.6608 -32.1663 2
      vertex 38.6608 -32.1663 5.72205e-07
    endloop
  endfacet
  facet normal -0.99787 -0.0652336 0
    outer loop
      vertex 38.6608 -32.1663 2
      vertex 38.68 -32.46 5.72205e-07
      vertex 38.68 -32.46 2
    endloop
  endfacet
  facet normal 0.896995 0.442042 0
    outer loop
      vertex 34.4814 -33.585 2
      vertex 34.3513 -33.321 5.72205e-07
      vertex 34.3513 -33.321 2
    endloop
  endfacet
  facet normal 0.896995 0.442042 0
    outer loop
      vertex 34.3513 -33.321 5.72205e-07
      vertex 34.4814 -33.585 2
      vertex 34.4814 -33.585 5.72205e-07
    endloop
  endfacet
  facet normal -0.195397 -0.980724 0
    outer loop
      vertex 36.7237 -30.2292 5.72205e-07
      vertex 37.0123 -30.2867 2
      vertex 36.7237 -30.2292 2
    endloop
  endfacet
  facet normal -0.195397 -0.980724 -0
    outer loop
      vertex 37.0123 -30.2867 2
      vertex 36.7237 -30.2292 5.72205e-07
      vertex 37.0123 -30.2867 5.72205e-07
    endloop
  endfacet
  facet normal 0.442042 0.896995 -0
    outer loop
      vertex 35.569 -34.5387 5.72205e-07
      vertex 35.305 -34.4086 2
      vertex 35.569 -34.5387 2
    endloop
  endfacet
  facet normal 0.442042 0.896995 0
    outer loop
      vertex 35.305 -34.4086 2
      vertex 35.569 -34.5387 5.72205e-07
      vertex 35.305 -34.4086 5.72205e-07
    endloop
  endfacet
  facet normal 0.555797 0.831318 -0
    outer loop
      vertex 35.305 -34.4086 5.72205e-07
      vertex 35.0603 -34.245 2
      vertex 35.305 -34.4086 2
    endloop
  endfacet
  facet normal 0.555797 0.831318 0
    outer loop
      vertex 35.0603 -34.245 2
      vertex 35.305 -34.4086 5.72205e-07
      vertex 35.0603 -34.245 5.72205e-07
    endloop
  endfacet
  facet normal 0.980724 0.195397 0
    outer loop
      vertex 34.2567 -33.0423 2
      vertex 34.1992 -32.7537 5.72205e-07
      vertex 34.1992 -32.7537 2
    endloop
  endfacet
  facet normal 0.980724 0.195397 0
    outer loop
      vertex 34.1992 -32.7537 5.72205e-07
      vertex 34.2567 -33.0423 2
      vertex 34.2567 -33.0423 5.72205e-07
    endloop
  endfacet
  facet normal -0.896995 -0.442042 0
    outer loop
      vertex 38.5087 -31.599 5.72205e-07
      vertex 38.3786 -31.335 2
      vertex 38.3786 -31.335 5.72205e-07
    endloop
  endfacet
  facet normal -0.896995 -0.442042 0
    outer loop
      vertex 38.3786 -31.335 2
      vertex 38.5087 -31.599 5.72205e-07
      vertex 38.5087 -31.599 2
    endloop
  endfacet
  facet normal 0.946936 -0.321421 0
    outer loop
      vertex 34.2567 -31.8777 2
      vertex 34.3513 -31.599 5.72205e-07
      vertex 34.3513 -31.599 2
    endloop
  endfacet
  facet normal 0.946936 -0.321421 0
    outer loop
      vertex 34.3513 -31.599 5.72205e-07
      vertex 34.2567 -31.8777 2
      vertex 34.2567 -31.8777 5.72205e-07
    endloop
  endfacet
  facet normal 0.442042 -0.896995 0
    outer loop
      vertex 35.305 -30.5114 5.72205e-07
      vertex 35.569 -30.3813 2
      vertex 35.305 -30.5114 2
    endloop
  endfacet
  facet normal 0.442042 -0.896995 0
    outer loop
      vertex 35.569 -30.3813 2
      vertex 35.305 -30.5114 5.72205e-07
      vertex 35.569 -30.3813 5.72205e-07
    endloop
  endfacet
  facet normal -0.0652336 -0.99787 0
    outer loop
      vertex 36.43 -30.21 5.72205e-07
      vertex 36.7237 -30.2292 2
      vertex 36.43 -30.21 2
    endloop
  endfacet
  facet normal -0.0652336 -0.99787 -0
    outer loop
      vertex 36.7237 -30.2292 2
      vertex 36.43 -30.21 5.72205e-07
      vertex 36.7237 -30.2292 5.72205e-07
    endloop
  endfacet
  facet normal -0.442042 -0.896995 0
    outer loop
      vertex 37.291 -30.3813 5.72205e-07
      vertex 37.555 -30.5114 2
      vertex 37.291 -30.3813 2
    endloop
  endfacet
  facet normal -0.442042 -0.896995 -0
    outer loop
      vertex 37.555 -30.5114 2
      vertex 37.291 -30.3813 5.72205e-07
      vertex 37.555 -30.5114 5.72205e-07
    endloop
  endfacet
  facet normal 0.555797 -0.831318 0
    outer loop
      vertex 35.0603 -30.675 5.72205e-07
      vertex 35.305 -30.5114 2
      vertex 35.0603 -30.675 2
    endloop
  endfacet
  facet normal 0.555797 -0.831318 0
    outer loop
      vertex 35.305 -30.5114 2
      vertex 35.0603 -30.675 5.72205e-07
      vertex 35.305 -30.5114 5.72205e-07
    endloop
  endfacet
  facet normal -0.195397 0.980724 0
    outer loop
      vertex 37.0123 -34.6333 5.72205e-07
      vertex 36.7237 -34.6908 2
      vertex 37.0123 -34.6333 2
    endloop
  endfacet
  facet normal -0.195397 0.980724 0
    outer loop
      vertex 36.7237 -34.6908 2
      vertex 37.0123 -34.6333 5.72205e-07
      vertex 36.7237 -34.6908 5.72205e-07
    endloop
  endfacet
  facet normal 0.831318 0.555797 0
    outer loop
      vertex 34.645 -33.8297 2
      vertex 34.4814 -33.585 5.72205e-07
      vertex 34.4814 -33.585 2
    endloop
  endfacet
  facet normal 0.831318 0.555797 0
    outer loop
      vertex 34.4814 -33.585 5.72205e-07
      vertex 34.645 -33.8297 2
      vertex 34.645 -33.8297 5.72205e-07
    endloop
  endfacet
  facet normal 0.659202 0.751966 -0
    outer loop
      vertex 35.0603 -34.245 5.72205e-07
      vertex 34.839 -34.051 2
      vertex 35.0603 -34.245 2
    endloop
  endfacet
  facet normal 0.659202 0.751966 0
    outer loop
      vertex 34.839 -34.051 2
      vertex 35.0603 -34.245 5.72205e-07
      vertex 34.839 -34.051 5.72205e-07
    endloop
  endfacet
  facet normal -0.946936 -0.321421 0
    outer loop
      vertex 38.6033 -31.8777 5.72205e-07
      vertex 38.5087 -31.599 2
      vertex 38.5087 -31.599 5.72205e-07
    endloop
  endfacet
  facet normal -0.946936 -0.321421 0
    outer loop
      vertex 38.5087 -31.599 2
      vertex 38.6033 -31.8777 5.72205e-07
      vertex 38.6033 -31.8777 2
    endloop
  endfacet
  facet normal 0.195397 0.980724 -0
    outer loop
      vertex 36.1363 -34.6908 5.72205e-07
      vertex 35.8477 -34.6333 2
      vertex 36.1363 -34.6908 2
    endloop
  endfacet
  facet normal 0.195397 0.980724 0
    outer loop
      vertex 35.8477 -34.6333 2
      vertex 36.1363 -34.6908 5.72205e-07
      vertex 35.8477 -34.6333 5.72205e-07
    endloop
  endfacet
  facet normal -0.831318 0.555797 0
    outer loop
      vertex 38.215 -33.8297 5.72205e-07
      vertex 38.3786 -33.585 2
      vertex 38.3786 -33.585 5.72205e-07
    endloop
  endfacet
  facet normal -0.831318 0.555797 0
    outer loop
      vertex 38.3786 -33.585 2
      vertex 38.215 -33.8297 5.72205e-07
      vertex 38.215 -33.8297 2
    endloop
  endfacet
  facet normal 0.751966 -0.659202 0
    outer loop
      vertex 34.645 -31.0903 2
      vertex 34.839 -30.869 5.72205e-07
      vertex 34.839 -30.869 2
    endloop
  endfacet
  facet normal 0.751966 -0.659202 0
    outer loop
      vertex 34.839 -30.869 5.72205e-07
      vertex 34.645 -31.0903 2
      vertex 34.645 -31.0903 5.72205e-07
    endloop
  endfacet
  facet normal 0.980724 -0.195397 0
    outer loop
      vertex 34.1992 -32.1663 2
      vertex 34.2567 -31.8777 5.72205e-07
      vertex 34.2567 -31.8777 2
    endloop
  endfacet
  facet normal 0.980724 -0.195397 0
    outer loop
      vertex 34.2567 -31.8777 5.72205e-07
      vertex 34.1992 -32.1663 2
      vertex 34.1992 -32.1663 5.72205e-07
    endloop
  endfacet
  facet normal -0.321421 0.946936 0
    outer loop
      vertex 37.291 -34.5387 5.72205e-07
      vertex 37.0123 -34.6333 2
      vertex 37.291 -34.5387 2
    endloop
  endfacet
  facet normal -0.321421 0.946936 0
    outer loop
      vertex 37.0123 -34.6333 2
      vertex 37.291 -34.5387 5.72205e-07
      vertex 37.0123 -34.6333 5.72205e-07
    endloop
  endfacet
  facet normal -0.751966 0.659202 0
    outer loop
      vertex 38.021 -34.051 5.72205e-07
      vertex 38.215 -33.8297 2
      vertex 38.215 -33.8297 5.72205e-07
    endloop
  endfacet
  facet normal -0.751966 0.659202 0
    outer loop
      vertex 38.215 -33.8297 2
      vertex 38.021 -34.051 5.72205e-07
      vertex 38.021 -34.051 2
    endloop
  endfacet
  facet normal 0.99787 0.0652336 0
    outer loop
      vertex 34.1992 -32.7537 2
      vertex 34.18 -32.46 5.72205e-07
      vertex 34.18 -32.46 2
    endloop
  endfacet
  facet normal 0.99787 0.0652336 0
    outer loop
      vertex 34.18 -32.46 5.72205e-07
      vertex 34.1992 -32.7537 2
      vertex 34.1992 -32.7537 5.72205e-07
    endloop
  endfacet
  facet normal -0.555797 -0.831318 0
    outer loop
      vertex 37.555 -30.5114 5.72205e-07
      vertex 37.7997 -30.675 2
      vertex 37.555 -30.5114 2
    endloop
  endfacet
  facet normal -0.555797 -0.831318 -0
    outer loop
      vertex 37.7997 -30.675 2
      vertex 37.555 -30.5114 5.72205e-07
      vertex 37.7997 -30.675 5.72205e-07
    endloop
  endfacet
  facet normal 0.0652336 -0.99787 0
    outer loop
      vertex 36.1363 -30.2292 5.72205e-07
      vertex 36.43 -30.21 2
      vertex 36.1363 -30.2292 2
    endloop
  endfacet
  facet normal 0.0652336 -0.99787 0
    outer loop
      vertex 36.43 -30.21 2
      vertex 36.1363 -30.2292 5.72205e-07
      vertex 36.43 -30.21 5.72205e-07
    endloop
  endfacet
  facet normal -0.442042 0.896995 0
    outer loop
      vertex 37.555 -34.4086 5.72205e-07
      vertex 37.291 -34.5387 2
      vertex 37.555 -34.4086 2
    endloop
  endfacet
  facet normal -0.442042 0.896995 0
    outer loop
      vertex 37.291 -34.5387 2
      vertex 37.555 -34.4086 5.72205e-07
      vertex 37.291 -34.5387 5.72205e-07
    endloop
  endfacet
  facet normal -0.980724 -0.195397 0
    outer loop
      vertex 38.6608 -32.1663 5.72205e-07
      vertex 38.6033 -31.8777 2
      vertex 38.6033 -31.8777 5.72205e-07
    endloop
  endfacet
  facet normal -0.980724 -0.195397 0
    outer loop
      vertex 38.6033 -31.8777 2
      vertex 38.6608 -32.1663 5.72205e-07
      vertex 38.6608 -32.1663 2
    endloop
  endfacet
  facet normal -0.659202 0.751966 0
    outer loop
      vertex 38.021 -34.051 5.72205e-07
      vertex 37.7997 -34.245 2
      vertex 38.021 -34.051 2
    endloop
  endfacet
  facet normal -0.659202 0.751966 0
    outer loop
      vertex 37.7997 -34.245 2
      vertex 38.021 -34.051 5.72205e-07
      vertex 37.7997 -34.245 5.72205e-07
    endloop
  endfacet
  facet normal -0.0652336 0.99787 0
    outer loop
      vertex 36.7237 -34.6908 5.72205e-07
      vertex 36.43 -34.71 2
      vertex 36.7237 -34.6908 2
    endloop
  endfacet
  facet normal -0.0652336 0.99787 0
    outer loop
      vertex 36.43 -34.71 2
      vertex 36.7237 -34.6908 5.72205e-07
      vertex 36.43 -34.71 5.72205e-07
    endloop
  endfacet
  facet normal -0.896995 0.442042 0
    outer loop
      vertex 38.3786 -33.585 5.72205e-07
      vertex 38.5087 -33.321 2
      vertex 38.5087 -33.321 5.72205e-07
    endloop
  endfacet
  facet normal -0.896995 0.442042 0
    outer loop
      vertex 38.5087 -33.321 2
      vertex 38.3786 -33.585 5.72205e-07
      vertex 38.3786 -33.585 2
    endloop
  endfacet
  facet normal 0.896995 -0.442042 0
    outer loop
      vertex 34.3513 -31.599 2
      vertex 34.4814 -31.335 5.72205e-07
      vertex 34.4814 -31.335 2
    endloop
  endfacet
  facet normal 0.896995 -0.442042 0
    outer loop
      vertex 34.4814 -31.335 5.72205e-07
      vertex 34.3513 -31.599 2
      vertex 34.3513 -31.599 5.72205e-07
    endloop
  endfacet
  facet normal -0.751966 -0.659202 0
    outer loop
      vertex 38.215 -31.0903 5.72205e-07
      vertex 38.021 -30.869 2
      vertex 38.021 -30.869 5.72205e-07
    endloop
  endfacet
  facet normal -0.751966 -0.659202 0
    outer loop
      vertex 38.021 -30.869 2
      vertex 38.215 -31.0903 5.72205e-07
      vertex 38.215 -31.0903 2
    endloop
  endfacet
  facet normal 0.659202 -0.751966 0
    outer loop
      vertex 34.839 -30.869 5.72205e-07
      vertex 35.0603 -30.675 2
      vertex 34.839 -30.869 2
    endloop
  endfacet
  facet normal 0.659202 -0.751966 0
    outer loop
      vertex 35.0603 -30.675 2
      vertex 34.839 -30.869 5.72205e-07
      vertex 35.0603 -30.675 5.72205e-07
    endloop
  endfacet
  facet normal -0.555797 0.831318 0
    outer loop
      vertex 37.7997 -34.245 5.72205e-07
      vertex 37.555 -34.4086 2
      vertex 37.7997 -34.245 2
    endloop
  endfacet
  facet normal -0.555797 0.831318 0
    outer loop
      vertex 37.555 -34.4086 2
      vertex 37.7997 -34.245 5.72205e-07
      vertex 37.555 -34.4086 5.72205e-07
    endloop
  endfacet
  facet normal 0.321421 0.946936 -0
    outer loop
      vertex 35.8477 -34.6333 5.72205e-07
      vertex 35.569 -34.5387 2
      vertex 35.8477 -34.6333 2
    endloop
  endfacet
  facet normal 0.321421 0.946936 0
    outer loop
      vertex 35.569 -34.5387 2
      vertex 35.8477 -34.6333 5.72205e-07
      vertex 35.569 -34.5387 5.72205e-07
    endloop
  endfacet
  facet normal 0.946936 0.321421 0
    outer loop
      vertex 34.3513 -33.321 2
      vertex 34.2567 -33.0423 5.72205e-07
      vertex 34.2567 -33.0423 2
    endloop
  endfacet
  facet normal 0.946936 0.321421 0
    outer loop
      vertex 34.2567 -33.0423 5.72205e-07
      vertex 34.3513 -33.321 2
      vertex 34.3513 -33.321 5.72205e-07
    endloop
  endfacet
  facet normal 0.831318 -0.555797 0
    outer loop
      vertex 34.4814 -31.335 2
      vertex 34.645 -31.0903 5.72205e-07
      vertex 34.645 -31.0903 2
    endloop
  endfacet
  facet normal 0.831318 -0.555797 0
    outer loop
      vertex 34.645 -31.0903 5.72205e-07
      vertex 34.4814 -31.335 2
      vertex 34.4814 -31.335 5.72205e-07
    endloop
  endfacet
  facet normal -0.946936 0.321421 0
    outer loop
      vertex 38.5087 -33.321 5.72205e-07
      vertex 38.6033 -33.0423 2
      vertex 38.6033 -33.0423 5.72205e-07
    endloop
  endfacet
  facet normal -0.946936 0.321421 0
    outer loop
      vertex 38.6033 -33.0423 2
      vertex 38.5087 -33.321 5.72205e-07
      vertex 38.5087 -33.321 2
    endloop
  endfacet
  facet normal 0.99787 -0.0652336 0
    outer loop
      vertex 34.18 -32.46 2
      vertex 34.1992 -32.1663 5.72205e-07
      vertex 34.1992 -32.1663 2
    endloop
  endfacet
  facet normal 0.99787 -0.0652336 0
    outer loop
      vertex 34.1992 -32.1663 5.72205e-07
      vertex 34.18 -32.46 2
      vertex 34.18 -32.46 5.72205e-07
    endloop
  endfacet
  facet normal 0.751966 0.659202 0
    outer loop
      vertex 34.839 -34.051 2
      vertex 34.645 -33.8297 5.72205e-07
      vertex 34.645 -33.8297 2
    endloop
  endfacet
  facet normal 0.751966 0.659202 0
    outer loop
      vertex 34.645 -33.8297 5.72205e-07
      vertex 34.839 -34.051 2
      vertex 34.839 -34.051 5.72205e-07
    endloop
  endfacet
  facet normal 0.321421 -0.946936 0
    outer loop
      vertex 35.569 -30.3813 5.72205e-07
      vertex 35.8477 -30.2867 2
      vertex 35.569 -30.3813 2
    endloop
  endfacet
  facet normal 0.321421 -0.946936 0
    outer loop
      vertex 35.8477 -30.2867 2
      vertex 35.569 -30.3813 5.72205e-07
      vertex 35.8477 -30.2867 5.72205e-07
    endloop
  endfacet
  facet normal 0.0652336 0.99787 -0
    outer loop
      vertex 36.43 -34.71 5.72205e-07
      vertex 36.1363 -34.6908 2
      vertex 36.43 -34.71 2
    endloop
  endfacet
  facet normal 0.0652336 0.99787 0
    outer loop
      vertex 36.1363 -34.6908 2
      vertex 36.43 -34.71 5.72205e-07
      vertex 36.1363 -34.6908 5.72205e-07
    endloop
  endfacet
  facet normal -0.659202 -0.751966 0
    outer loop
      vertex 37.7997 -30.675 5.72205e-07
      vertex 38.021 -30.869 2
      vertex 37.7997 -30.675 2
    endloop
  endfacet
  facet normal -0.659202 -0.751966 -0
    outer loop
      vertex 38.021 -30.869 2
      vertex 37.7997 -30.675 5.72205e-07
      vertex 38.021 -30.869 5.72205e-07
    endloop
  endfacet
  facet normal 0.065485 0.997854 -0
    outer loop
      vertex 36.43 -49.08 5.72205e-07
      vertex 36.0841 -49.0573 2
      vertex 36.43 -49.08 2
    endloop
  endfacet
  facet normal 0.065485 0.997854 0
    outer loop
      vertex 36.0841 -49.0573 2
      vertex 36.43 -49.08 5.72205e-07
      vertex 36.0841 -49.0573 5.72205e-07
    endloop
  endfacet
  facet normal -0.980802 0.195007 0
    outer loop
      vertex 38.9897 -47.1159 5.72205e-07
      vertex 39.0573 -46.7759 2
      vertex 39.0573 -46.7759 5.72205e-07
    endloop
  endfacet
  facet normal -0.980802 0.195007 0
    outer loop
      vertex 39.0573 -46.7759 2
      vertex 38.9897 -47.1159 5.72205e-07
      vertex 38.9897 -47.1159 2
    endloop
  endfacet
  facet normal -0.997854 0.065485 0
    outer loop
      vertex 39.0573 -46.7759 5.72205e-07
      vertex 39.08 -46.43 2
      vertex 39.08 -46.43 5.72205e-07
    endloop
  endfacet
  facet normal -0.997854 0.065485 0
    outer loop
      vertex 39.08 -46.43 2
      vertex 39.0573 -46.7759 5.72205e-07
      vertex 39.0573 -46.7759 2
    endloop
  endfacet
  facet normal -0.946938 0.321416 0
    outer loop
      vertex 38.8783 -47.4441 5.72205e-07
      vertex 38.9897 -47.1159 2
      vertex 38.9897 -47.1159 5.72205e-07
    endloop
  endfacet
  facet normal -0.946938 0.321416 0
    outer loop
      vertex 38.9897 -47.1159 2
      vertex 38.8783 -47.4441 5.72205e-07
      vertex 38.8783 -47.4441 2
    endloop
  endfacet
  facet normal -0.321416 0.946938 0
    outer loop
      vertex 37.4441 -48.8783 5.72205e-07
      vertex 37.1159 -48.9897 2
      vertex 37.4441 -48.8783 2
    endloop
  endfacet
  facet normal -0.321416 0.946938 0
    outer loop
      vertex 37.1159 -48.9897 2
      vertex 37.4441 -48.8783 5.72205e-07
      vertex 37.1159 -48.9897 5.72205e-07
    endloop
  endfacet
  facet normal -0.831428 0.555632 0
    outer loop
      vertex 38.5324 -48.0432 5.72205e-07
      vertex 38.725 -47.755 2
      vertex 38.725 -47.755 5.72205e-07
    endloop
  endfacet
  facet normal -0.831428 0.555632 0
    outer loop
      vertex 38.725 -47.755 2
      vertex 38.5324 -48.0432 5.72205e-07
      vertex 38.5324 -48.0432 2
    endloop
  endfacet
  facet normal -0.751754 0.659444 0
    outer loop
      vertex 38.3038 -48.3038 5.72205e-07
      vertex 38.5324 -48.0432 2
      vertex 38.5324 -48.0432 5.72205e-07
    endloop
  endfacet
  facet normal -0.751754 0.659444 0
    outer loop
      vertex 38.5324 -48.0432 2
      vertex 38.3038 -48.3038 5.72205e-07
      vertex 38.3038 -48.3038 2
    endloop
  endfacet
  facet normal -0.659444 -0.751754 0
    outer loop
      vertex 38.0432 -44.3276 5.72205e-07
      vertex 38.3038 -44.5562 2
      vertex 38.0432 -44.3276 2
    endloop
  endfacet
  facet normal -0.659444 -0.751754 -0
    outer loop
      vertex 38.3038 -44.5562 2
      vertex 38.0432 -44.3276 5.72205e-07
      vertex 38.3038 -44.5562 5.72205e-07
    endloop
  endfacet
  facet normal 0.980802 -0.195007 0
    outer loop
      vertex 33.8027 -46.0841 2
      vertex 33.8703 -45.7441 5.72205e-07
      vertex 33.8703 -45.7441 2
    endloop
  endfacet
  facet normal 0.980802 -0.195007 0
    outer loop
      vertex 33.8703 -45.7441 5.72205e-07
      vertex 33.8027 -46.0841 2
      vertex 33.8027 -46.0841 5.72205e-07
    endloop
  endfacet
  facet normal 0.659444 0.751754 -0
    outer loop
      vertex 34.8168 -48.5324 5.72205e-07
      vertex 34.5562 -48.3038 2
      vertex 34.8168 -48.5324 2
    endloop
  endfacet
  facet normal 0.659444 0.751754 0
    outer loop
      vertex 34.5562 -48.3038 2
      vertex 34.8168 -48.5324 5.72205e-07
      vertex 34.5562 -48.3038 5.72205e-07
    endloop
  endfacet
  facet normal -0.896894 0.442245 0
    outer loop
      vertex 38.725 -47.755 5.72205e-07
      vertex 38.8783 -47.4441 2
      vertex 38.8783 -47.4441 5.72205e-07
    endloop
  endfacet
  facet normal -0.896894 0.442245 0
    outer loop
      vertex 38.8783 -47.4441 2
      vertex 38.725 -47.755 5.72205e-07
      vertex 38.725 -47.755 2
    endloop
  endfacet
  facet normal -0.321416 -0.946938 0
    outer loop
      vertex 37.1159 -43.8703 5.72205e-07
      vertex 37.4441 -43.9817 2
      vertex 37.1159 -43.8703 2
    endloop
  endfacet
  facet normal -0.321416 -0.946938 -0
    outer loop
      vertex 37.4441 -43.9817 2
      vertex 37.1159 -43.8703 5.72205e-07
      vertex 37.4441 -43.9817 5.72205e-07
    endloop
  endfacet
  facet normal 0.997854 0.065485 0
    outer loop
      vertex 33.8027 -46.7759 2
      vertex 33.78 -46.43 5.72205e-07
      vertex 33.78 -46.43 2
    endloop
  endfacet
  facet normal 0.997854 0.065485 0
    outer loop
      vertex 33.78 -46.43 5.72205e-07
      vertex 33.8027 -46.7759 2
      vertex 33.8027 -46.7759 5.72205e-07
    endloop
  endfacet
  facet normal -0.065485 0.997854 0
    outer loop
      vertex 36.7759 -49.0573 5.72205e-07
      vertex 36.43 -49.08 2
      vertex 36.7759 -49.0573 2
    endloop
  endfacet
  facet normal -0.065485 0.997854 0
    outer loop
      vertex 36.43 -49.08 2
      vertex 36.7759 -49.0573 5.72205e-07
      vertex 36.43 -49.08 5.72205e-07
    endloop
  endfacet
  facet normal 0.065485 -0.997854 0
    outer loop
      vertex 36.0841 -43.8027 5.72205e-07
      vertex 36.43 -43.78 2
      vertex 36.0841 -43.8027 2
    endloop
  endfacet
  facet normal 0.065485 -0.997854 0
    outer loop
      vertex 36.43 -43.78 2
      vertex 36.0841 -43.8027 5.72205e-07
      vertex 36.43 -43.78 5.72205e-07
    endloop
  endfacet
  facet normal 0.896894 0.442245 0
    outer loop
      vertex 34.135 -47.755 2
      vertex 33.9817 -47.4441 5.72205e-07
      vertex 33.9817 -47.4441 2
    endloop
  endfacet
  facet normal 0.896894 0.442245 0
    outer loop
      vertex 33.9817 -47.4441 5.72205e-07
      vertex 34.135 -47.755 2
      vertex 34.135 -47.755 5.72205e-07
    endloop
  endfacet
  facet normal -0.980802 -0.195007 0
    outer loop
      vertex 39.0573 -46.0841 5.72205e-07
      vertex 38.9897 -45.7441 2
      vertex 38.9897 -45.7441 5.72205e-07
    endloop
  endfacet
  facet normal -0.980802 -0.195007 0
    outer loop
      vertex 38.9897 -45.7441 2
      vertex 39.0573 -46.0841 5.72205e-07
      vertex 39.0573 -46.0841 2
    endloop
  endfacet
  facet normal 0.946938 0.321416 0
    outer loop
      vertex 33.9817 -47.4441 2
      vertex 33.8703 -47.1159 5.72205e-07
      vertex 33.8703 -47.1159 2
    endloop
  endfacet
  facet normal 0.946938 0.321416 0
    outer loop
      vertex 33.8703 -47.1159 5.72205e-07
      vertex 33.9817 -47.4441 2
      vertex 33.9817 -47.4441 5.72205e-07
    endloop
  endfacet
  facet normal -0.442245 -0.896894 0
    outer loop
      vertex 37.4441 -43.9817 5.72205e-07
      vertex 37.755 -44.135 2
      vertex 37.4441 -43.9817 2
    endloop
  endfacet
  facet normal -0.442245 -0.896894 -0
    outer loop
      vertex 37.755 -44.135 2
      vertex 37.4441 -43.9817 5.72205e-07
      vertex 37.755 -44.135 5.72205e-07
    endloop
  endfacet
  facet normal 0.555632 0.831428 -0
    outer loop
      vertex 35.105 -48.725 5.72205e-07
      vertex 34.8168 -48.5324 2
      vertex 35.105 -48.725 2
    endloop
  endfacet
  facet normal 0.555632 0.831428 0
    outer loop
      vertex 34.8168 -48.5324 2
      vertex 35.105 -48.725 5.72205e-07
      vertex 34.8168 -48.5324 5.72205e-07
    endloop
  endfacet
  facet normal -0.831428 -0.555632 0
    outer loop
      vertex 38.725 -45.105 5.72205e-07
      vertex 38.5324 -44.8168 2
      vertex 38.5324 -44.8168 5.72205e-07
    endloop
  endfacet
  facet normal -0.831428 -0.555632 0
    outer loop
      vertex 38.5324 -44.8168 2
      vertex 38.725 -45.105 5.72205e-07
      vertex 38.725 -45.105 2
    endloop
  endfacet
  facet normal 0.831428 0.555632 0
    outer loop
      vertex 34.3276 -48.0432 2
      vertex 34.135 -47.755 5.72205e-07
      vertex 34.135 -47.755 2
    endloop
  endfacet
  facet normal 0.831428 0.555632 0
    outer loop
      vertex 34.135 -47.755 5.72205e-07
      vertex 34.3276 -48.0432 2
      vertex 34.3276 -48.0432 5.72205e-07
    endloop
  endfacet
  facet normal -0.195007 -0.980802 0
    outer loop
      vertex 36.7759 -43.8027 5.72205e-07
      vertex 37.1159 -43.8703 2
      vertex 36.7759 -43.8027 2
    endloop
  endfacet
  facet normal -0.195007 -0.980802 -0
    outer loop
      vertex 37.1159 -43.8703 2
      vertex 36.7759 -43.8027 5.72205e-07
      vertex 37.1159 -43.8703 5.72205e-07
    endloop
  endfacet
  facet normal 0.751754 0.659444 0
    outer loop
      vertex 34.5562 -48.3038 2
      vertex 34.3276 -48.0432 5.72205e-07
      vertex 34.3276 -48.0432 2
    endloop
  endfacet
  facet normal 0.751754 0.659444 0
    outer loop
      vertex 34.3276 -48.0432 5.72205e-07
      vertex 34.5562 -48.3038 2
      vertex 34.5562 -48.3038 5.72205e-07
    endloop
  endfacet
  facet normal 0.946938 -0.321416 0
    outer loop
      vertex 33.8703 -45.7441 2
      vertex 33.9817 -45.4159 5.72205e-07
      vertex 33.9817 -45.4159 2
    endloop
  endfacet
  facet normal 0.946938 -0.321416 0
    outer loop
      vertex 33.9817 -45.4159 5.72205e-07
      vertex 33.8703 -45.7441 2
      vertex 33.8703 -45.7441 5.72205e-07
    endloop
  endfacet
  facet normal -0.555632 0.831428 0
    outer loop
      vertex 38.0432 -48.5324 5.72205e-07
      vertex 37.755 -48.725 2
      vertex 38.0432 -48.5324 2
    endloop
  endfacet
  facet normal -0.555632 0.831428 0
    outer loop
      vertex 37.755 -48.725 2
      vertex 38.0432 -48.5324 5.72205e-07
      vertex 37.755 -48.725 5.72205e-07
    endloop
  endfacet
  facet normal 0.442245 -0.896894 0
    outer loop
      vertex 35.105 -44.135 5.72205e-07
      vertex 35.4159 -43.9817 2
      vertex 35.105 -44.135 2
    endloop
  endfacet
  facet normal 0.442245 -0.896894 0
    outer loop
      vertex 35.4159 -43.9817 2
      vertex 35.105 -44.135 5.72205e-07
      vertex 35.4159 -43.9817 5.72205e-07
    endloop
  endfacet
  facet normal -0.195007 0.980802 0
    outer loop
      vertex 37.1159 -48.9897 5.72205e-07
      vertex 36.7759 -49.0573 2
      vertex 37.1159 -48.9897 2
    endloop
  endfacet
  facet normal -0.195007 0.980802 0
    outer loop
      vertex 36.7759 -49.0573 2
      vertex 37.1159 -48.9897 5.72205e-07
      vertex 36.7759 -49.0573 5.72205e-07
    endloop
  endfacet
  facet normal -0.751754 -0.659444 0
    outer loop
      vertex 38.5324 -44.8168 5.72205e-07
      vertex 38.3038 -44.5562 2
      vertex 38.3038 -44.5562 5.72205e-07
    endloop
  endfacet
  facet normal -0.751754 -0.659444 0
    outer loop
      vertex 38.3038 -44.5562 2
      vertex 38.5324 -44.8168 5.72205e-07
      vertex 38.5324 -44.8168 2
    endloop
  endfacet
  facet normal 0.321416 0.946938 -0
    outer loop
      vertex 35.7441 -48.9897 5.72205e-07
      vertex 35.4159 -48.8783 2
      vertex 35.7441 -48.9897 2
    endloop
  endfacet
  facet normal 0.321416 0.946938 0
    outer loop
      vertex 35.4159 -48.8783 2
      vertex 35.7441 -48.9897 5.72205e-07
      vertex 35.4159 -48.8783 5.72205e-07
    endloop
  endfacet
  facet normal 0.195007 0.980802 -0
    outer loop
      vertex 36.0841 -49.0573 5.72205e-07
      vertex 35.7441 -48.9897 2
      vertex 36.0841 -49.0573 2
    endloop
  endfacet
  facet normal 0.195007 0.980802 0
    outer loop
      vertex 35.7441 -48.9897 2
      vertex 36.0841 -49.0573 5.72205e-07
      vertex 35.7441 -48.9897 5.72205e-07
    endloop
  endfacet
  facet normal 0.831428 -0.555632 0
    outer loop
      vertex 34.135 -45.105 2
      vertex 34.3276 -44.8168 5.72205e-07
      vertex 34.3276 -44.8168 2
    endloop
  endfacet
  facet normal 0.831428 -0.555632 0
    outer loop
      vertex 34.3276 -44.8168 5.72205e-07
      vertex 34.135 -45.105 2
      vertex 34.135 -45.105 5.72205e-07
    endloop
  endfacet
  facet normal -0.659444 0.751754 0
    outer loop
      vertex 38.3038 -48.3038 5.72205e-07
      vertex 38.0432 -48.5324 2
      vertex 38.3038 -48.3038 2
    endloop
  endfacet
  facet normal -0.659444 0.751754 0
    outer loop
      vertex 38.0432 -48.5324 2
      vertex 38.3038 -48.3038 5.72205e-07
      vertex 38.0432 -48.5324 5.72205e-07
    endloop
  endfacet
  facet normal 0.659444 -0.751754 0
    outer loop
      vertex 34.5562 -44.5562 5.72205e-07
      vertex 34.8168 -44.3276 2
      vertex 34.5562 -44.5562 2
    endloop
  endfacet
  facet normal 0.659444 -0.751754 0
    outer loop
      vertex 34.8168 -44.3276 2
      vertex 34.5562 -44.5562 5.72205e-07
      vertex 34.8168 -44.3276 5.72205e-07
    endloop
  endfacet
  facet normal 0.896894 -0.442245 0
    outer loop
      vertex 33.9817 -45.4159 2
      vertex 34.135 -45.105 5.72205e-07
      vertex 34.135 -45.105 2
    endloop
  endfacet
  facet normal 0.896894 -0.442245 0
    outer loop
      vertex 34.135 -45.105 5.72205e-07
      vertex 33.9817 -45.4159 2
      vertex 33.9817 -45.4159 5.72205e-07
    endloop
  endfacet
  facet normal 0.442245 0.896894 -0
    outer loop
      vertex 35.4159 -48.8783 5.72205e-07
      vertex 35.105 -48.725 2
      vertex 35.4159 -48.8783 2
    endloop
  endfacet
  facet normal 0.442245 0.896894 0
    outer loop
      vertex 35.105 -48.725 2
      vertex 35.4159 -48.8783 5.72205e-07
      vertex 35.105 -48.725 5.72205e-07
    endloop
  endfacet
  facet normal -0.997854 -0.065485 0
    outer loop
      vertex 39.08 -46.43 5.72205e-07
      vertex 39.0573 -46.0841 2
      vertex 39.0573 -46.0841 5.72205e-07
    endloop
  endfacet
  facet normal -0.997854 -0.065485 0
    outer loop
      vertex 39.0573 -46.0841 2
      vertex 39.08 -46.43 5.72205e-07
      vertex 39.08 -46.43 2
    endloop
  endfacet
  facet normal -0.896894 -0.442245 0
    outer loop
      vertex 38.8783 -45.4159 5.72205e-07
      vertex 38.725 -45.105 2
      vertex 38.725 -45.105 5.72205e-07
    endloop
  endfacet
  facet normal -0.896894 -0.442245 0
    outer loop
      vertex 38.725 -45.105 2
      vertex 38.8783 -45.4159 5.72205e-07
      vertex 38.8783 -45.4159 2
    endloop
  endfacet
  facet normal -0.555632 -0.831428 0
    outer loop
      vertex 37.755 -44.135 5.72205e-07
      vertex 38.0432 -44.3276 2
      vertex 37.755 -44.135 2
    endloop
  endfacet
  facet normal -0.555632 -0.831428 -0
    outer loop
      vertex 38.0432 -44.3276 2
      vertex 37.755 -44.135 5.72205e-07
      vertex 38.0432 -44.3276 5.72205e-07
    endloop
  endfacet
  facet normal 0.195007 -0.980802 0
    outer loop
      vertex 35.7441 -43.8703 5.72205e-07
      vertex 36.0841 -43.8027 2
      vertex 35.7441 -43.8703 2
    endloop
  endfacet
  facet normal 0.195007 -0.980802 0
    outer loop
      vertex 36.0841 -43.8027 2
      vertex 35.7441 -43.8703 5.72205e-07
      vertex 36.0841 -43.8027 5.72205e-07
    endloop
  endfacet
  facet normal -0.442245 0.896894 0
    outer loop
      vertex 37.755 -48.725 5.72205e-07
      vertex 37.4441 -48.8783 2
      vertex 37.755 -48.725 2
    endloop
  endfacet
  facet normal -0.442245 0.896894 0
    outer loop
      vertex 37.4441 -48.8783 2
      vertex 37.755 -48.725 5.72205e-07
      vertex 37.4441 -48.8783 5.72205e-07
    endloop
  endfacet
  facet normal 0.751754 -0.659444 0
    outer loop
      vertex 34.3276 -44.8168 2
      vertex 34.5562 -44.5562 5.72205e-07
      vertex 34.5562 -44.5562 2
    endloop
  endfacet
  facet normal 0.751754 -0.659444 0
    outer loop
      vertex 34.5562 -44.5562 5.72205e-07
      vertex 34.3276 -44.8168 2
      vertex 34.3276 -44.8168 5.72205e-07
    endloop
  endfacet
  facet normal 0.980802 0.195007 0
    outer loop
      vertex 33.8703 -47.1159 2
      vertex 33.8027 -46.7759 5.72205e-07
      vertex 33.8027 -46.7759 2
    endloop
  endfacet
  facet normal 0.980802 0.195007 0
    outer loop
      vertex 33.8027 -46.7759 5.72205e-07
      vertex 33.8703 -47.1159 2
      vertex 33.8703 -47.1159 5.72205e-07
    endloop
  endfacet
  facet normal -0.065485 -0.997854 0
    outer loop
      vertex 36.43 -43.78 5.72205e-07
      vertex 36.7759 -43.8027 2
      vertex 36.43 -43.78 2
    endloop
  endfacet
  facet normal -0.065485 -0.997854 -0
    outer loop
      vertex 36.7759 -43.8027 2
      vertex 36.43 -43.78 5.72205e-07
      vertex 36.7759 -43.8027 5.72205e-07
    endloop
  endfacet
  facet normal -0.946938 -0.321416 0
    outer loop
      vertex 38.9897 -45.7441 5.72205e-07
      vertex 38.8783 -45.4159 2
      vertex 38.8783 -45.4159 5.72205e-07
    endloop
  endfacet
  facet normal -0.946938 -0.321416 0
    outer loop
      vertex 38.8783 -45.4159 2
      vertex 38.9897 -45.7441 5.72205e-07
      vertex 38.9897 -45.7441 2
    endloop
  endfacet
  facet normal 0.997854 -0.065485 0
    outer loop
      vertex 33.78 -46.43 2
      vertex 33.8027 -46.0841 5.72205e-07
      vertex 33.8027 -46.0841 2
    endloop
  endfacet
  facet normal 0.997854 -0.065485 0
    outer loop
      vertex 33.8027 -46.0841 5.72205e-07
      vertex 33.78 -46.43 2
      vertex 33.78 -46.43 5.72205e-07
    endloop
  endfacet
  facet normal 0.321416 -0.946938 0
    outer loop
      vertex 35.4159 -43.9817 5.72205e-07
      vertex 35.7441 -43.8703 2
      vertex 35.4159 -43.9817 2
    endloop
  endfacet
  facet normal 0.321416 -0.946938 0
    outer loop
      vertex 35.7441 -43.8703 2
      vertex 35.4159 -43.9817 5.72205e-07
      vertex 35.7441 -43.8703 5.72205e-07
    endloop
  endfacet
  facet normal 0.555632 -0.831428 0
    outer loop
      vertex 34.8168 -44.3276 5.72205e-07
      vertex 35.105 -44.135 2
      vertex 34.8168 -44.3276 2
    endloop
  endfacet
  facet normal 0.555632 -0.831428 0
    outer loop
      vertex 35.105 -44.135 2
      vertex 34.8168 -44.3276 5.72205e-07
      vertex 35.105 -44.135 5.72205e-07
    endloop
  endfacet
endsolid OpenSCAD_Model
